target_abuse_score,target_confidence,target_auto_blocked,total_reports,vt_detections,abuse_score,confidence,threatfox_iocs,mitre_confidence,asshole_score,classification_confidence,usage_type,country_code,threat_category,infrastructure_type,suspicious_isp,young_domain,residential_proxy,verified_identity,published_ip_ranges,signal_abuse_reports,signal_vt_detections,signal_threatfox,signal_suspicious_infra,signal_behavioral,reports_to_vt_ratio,has_ssl_data,ssl_port_open,id
100,100,1,1102,0,100,100,0,90,130.42575512440192,70,"Data Center/Web Hosting/Transit","FR","SCANNER","DATACENTER",0,0,0,0,0,1,0,0,0,1,1102,1,0,"indicator--be7f9d3c-fd7a-4941-bb4e-e7537bc6db6d"
61,61,1,17,0,61,61,0,65,73.55272505103306,50,"Data Center/Web Hosting/Transit","US","ABUSIVE_ACTOR","CLOUD",0,0,0,0,0,1,0,0,0,1,17,1,0,"indicator--8fdd523c-be4a-47a4-b250-fba62bc0bfdc"
100,100,1,168,0,100,100,0,80,122.27886704613674,70,"Fixed Line ISP","HK","UNKNOWN_THREAT","RESIDENTIAL",0,0,1,0,0,1,0,0,0,1,168,1,0,"indicator--5adc3c5a-1920-4a80-8586-bbccdc54e1ca"
46,46,1,69,0,46,46,0,65,64.45098040014257,60,"Data Center/Web Hosting/Transit","US","ABUSIVE_ACTOR","CLOUD",0,0,0,0,0,1,0,0,0,1,69,1,0,"indicator--f86897c4-6ddd-4699-9357-34f03ad0467c"
100,100,1,411,2,100,100,0,95,128.14897216033134,85,"Data Center/Web Hosting/Transit","US","SCANNER","CLOUD",0,0,0,0,0,1,1,0,0,1,137,1,0,"indicator--79af43fe-bc38-4333-acf2-f28fae3b9b83"
55,60,1,20,0,55,60,0,65,93.2221929473392,55,"Data Center/Web Hosting/Transit","FR","ABUSIVE_ACTOR","DATACENTER",1,0,0,0,0,1,0,0,1,1,20,1,0,"indicator--89830f2d-6f1a-4b50-a0a0-8f0dca0f0f1b"
47,62,1,41,3,47,62,0,70,91.23249290397901,70,"Data Center/Web Hosting/Transit","HK","ABUSIVE_ACTOR","DATACENTER",1,0,0,0,0,1,1,0,1,1,10.25,1,0,"indicator--cdd35260-33c6-45e8-8223-66038b8dee7f"
33,33,1,24,0,33,33,0,65,46.979400086720375,50,"Data Center/Web Hosting/Transit","JP","ABUSIVE_ACTOR","CLOUD",0,0,0,0,0,1,0,0,0,1,24,1,0,"indicator--c5dbbdc4-71bc-423f-9ca8-e626e8b23869"
62,62,1,46,0,62,62,0,0,78.72097857935718,50,"Content Delivery Network","FR","UNKNOWN_THREAT","UNKNOWN",0,0,0,0,0,1,0,0,0,1,46,1,0,"indicator--266696c8-6e4d-4aee-9740-834c087138ad"
38,43,1,17,0,38,43,0,65,75.55272505103306,55,"Data Center/Web Hosting/Transit","US","ABUSIVE_ACTOR","DATACENTER",1,0,0,0,0,1,0,0,1,1,17,1,0,"indicator--5ec7757c-cd1d-421a-9e9a-5be6608e8d4c"
58,58,1,46,0,58,58,0,0,74.72097857935718,50,"Data Center/Web Hosting/Transit","FR","ABUSIVE_ACTOR","DATACENTER",0,0,0,0,0,1,0,0,0,1,46,1,0,"indicator--39f78d19-440b-41bd-8bda-4b1ed2af59b0"
91,91,1,30,0,91,91,0,0,105.91361693834273,60,"Data Center/Web Hosting/Transit","FR","ABUSIVE_ACTOR","DATACENTER",0,0,0,0,0,1,0,0,0,1,30,1,0,"indicator--2f08c227-b8f3-4d08-b532-671fe6960a43"
42,42,1,67,0,42,42,0,65,60.32508912706236,60,"Data Center/Web Hosting/Transit","US","ABUSIVE_ACTOR","CLOUD",0,0,0,0,0,1,0,0,0,1,67,1,0,"indicator--8bf52cc8-b276-472c-90b8-df36ed79bde2"
100,100,1,893,9,100,100,0,95,138.51337518795918,85,"Data Center/Web Hosting/Transit","DE","MALICIOUS_BOT","CLOUD",0,0,0,0,0,1,1,0,0,1,89.3,1,0,"indicator--67765e13-0a8f-4834-bf2e-da80a0ca24ea"
51,51,1,63,0,51,51,0,65,69.06179973983888,60,"Data Center/Web Hosting/Transit","US","ABUSIVE_ACTOR","CLOUD",0,0,0,0,0,1,0,0,0,1,63,1,0,"indicator--e43e5b75-2329-4feb-8507-39627fe623ab"
45,45,1,60,0,45,45,0,65,62.85329835010767,60,"Data Center/Web Hosting/Transit","IN","ABUSIVE_ACTOR","CLOUD",0,0,0,0,0,1,0,0,0,1,60,1,0,"indicator--c1586aa7-8d12-425d-a99f-54e2cd7bfae7"
43,43,1,65,0,43,43,0,65,61.195439355418685,60,"Data Center/Web Hosting/Transit","US","ABUSIVE_ACTOR","CLOUD",0,0,0,0,0,1,0,0,0,1,65,1,0,"indicator--d9e26aaf-6c6b-4af0-934b-acd5a0ad1f08"
100,100,1,906,7,100,100,0,95,136.57607287060097,85,"Data Center/Web Hosting/Transit","DE","MALICIOUS_BOT","CLOUD",0,0,0,0,0,1,1,0,0,1,113.25,1,0,"indicator--72cc43f5-13ae-484f-bddc-81799118f92a"
80,80,1,17,0,80,80,0,65,92.55272505103306,50,"Data Center/Web Hosting/Transit","US","ABUSIVE_ACTOR","CLOUD",0,0,0,0,0,1,0,0,0,1,17,1,0,"indicator--44ec71c8-9081-4b0e-86f9-065608b6467e"
37,37,1,29,0,37,37,0,65,51.771212547196626,50,"Data Center/Web Hosting/Transit","JP","ABUSIVE_ACTOR","CLOUD",0,0,0,0,0,1,0,0,0,1,29,1,0,"indicator--ed8a2f53-148a-4441-a28f-d7e91218fa79"
31,31,1,46,0,31,31,0,0,47.72097857935718,50,"Commercial","SE","UNKNOWN_THREAT","UNKNOWN",0,0,0,0,0,1,0,0,0,1,46,1,0,"indicator--0bdaa4f9-0a80-4bf9-b7ff-5c02699b121a"
100,100,1,494,0,100,100,0,90,126.94605198933569,70,"Data Center/Web Hosting/Transit","SG","SCANNER","CLOUD",0,0,0,0,0,1,0,0,0,1,494,1,0,"indicator--2fd3c2c4-8659-487e-9baf-75d4d392bcfd"
52,52,1,74,0,52,52,0,65,70.750612633917,60,"Data Center/Web Hosting/Transit","US","ABUSIVE_ACTOR","CLOUD",0,0,0,0,0,1,0,0,0,1,74,1,0,"indicator--8ef88a78-5905-4519-b6fc-2ac5918ad0bd"
41,56,1,31,1,41,56,0,65,82.05149978319906,70,"Data Center/Web Hosting/Transit","SG","ABUSIVE_ACTOR","DATACENTER",1,0,0,0,0,1,1,0,1,1,15.5,1,0,"indicator--d092fef3-9c73-4d07-8e10-eba79188011e"
30,30,1,60,0,30,30,0,65,47.85329835010767,60,"Data Center/Web Hosting/Transit","US","ABUSIVE_ACTOR","CLOUD",0,0,0,0,0,1,0,0,0,1,60,1,0,"indicator--09d44007-bde0-4e8d-af59-62f5cbaa5e45"
33,43,1,18,1,33,43,0,0,46.78753600952829,65,"Commercial","NL","UNKNOWN_THREAT","UNKNOWN",0,0,0,0,0,1,1,0,0,1,9,1,0,"indicator--309b68a1-6424-4daa-b856-df71b1d9a9de"
71,71,1,68,0,71,71,0,65,89.38849090737256,60,"Data Center/Web Hosting/Transit","US","ABUSIVE_ACTOR","CLOUD",0,0,0,0,0,1,0,0,0,1,68,1,0,"indicator--edbed59e-c701-4671-a68a-d04ec7dec5ff"
30,40,1,8,1,30,40,0,0,40.54242509439325,65,"Fixed Line ISP","CN","UNKNOWN_THREAT","RESIDENTIAL",0,0,1,0,0,1,1,0,0,1,4,1,0,"indicator--a23c44d2-b608-47f1-99d2-d0b4e9f0e6ca"
52,52,1,41,0,52,52,0,65,68.23249290397901,50,"Data Center/Web Hosting/Transit","US","ABUSIVE_ACTOR","CLOUD",0,0,0,0,0,1,0,0,0,1,41,1,0,"indicator--c673f701-3778-4e9f-a161-d1e7fae8eb61"
34,34,1,22,0,34,34,0,65,47.61727836017593,50,"Data Center/Web Hosting/Transit","US","ABUSIVE_ACTOR","CLOUD",0,0,0,0,0,1,0,0,0,1,22,1,0,"indicator--d70f0cc3-db09-46c0-b902-15e99adf7dda"
33,33,1,28,0,33,33,0,65,47.62397997898956,50,"Data Center/Web Hosting/Transit","SG","ABUSIVE_ACTOR","CLOUD",0,0,0,0,0,1,0,0,0,1,28,1,0,"indicator--4ee82533-e274-4aa1-a286-723089bdac65"
32,32,1,35,0,32,32,0,65,47.56302500767288,50,"Data Center/Web Hosting/Transit","IT","ABUSIVE_ACTOR","CLOUD",0,0,0,0,0,1,0,0,0,1,35,1,0,"indicator--0d3f30ff-0875-4ccf-a5ca-5b76999cf4f1"
39,44,1,26,0,39,44,0,65,78.31363764158988,55,"Data Center/Web Hosting/Transit","HK","ABUSIVE_ACTOR","DATACENTER",1,0,0,0,0,1,0,0,1,1,26,1,0,"indicator--15a65d81-b9a9-4f4f-bf2a-657ca2d1126a"
100,100,1,378,10,100,100,0,95,135.7863920996807,85,"Data Center/Web Hosting/Transit","NL","MALICIOUS_BOT","DATACENTER",0,0,0,0,0,1,1,0,0,1,34.36363636363637,1,1,"indicator--9c7d58f1-6a62-4418-a01c-8b841d2203da"
26,36,1,9,1,26,36,0,0,37,65,"Data Center/Web Hosting/Transit","US","ABUSIVE_ACTOR","CLOUD",0,0,0,0,0,1,1,0,0,1,4.5,1,0,"indicator--f97327a3-3797-4271-ae07-80b0b4280ade"
100,100,1,1068,0,100,100,0,90,130.28977705208777,70,"Fixed Line ISP","NL","UNKNOWN_THREAT","RESIDENTIAL",0,0,1,0,0,1,0,0,0,1,1068,1,0,"indicator--65f60333-2866-4bfb-a2d5-b456df7d6248"
46,46,1,54,0,46,46,0,65,63.403626894942434,60,"Data Center/Web Hosting/Transit","US","ABUSIVE_ACTOR","CLOUD",0,0,0,0,0,1,0,0,0,1,54,1,0,"indicator--6803d654-727e-4923-a555-a38845d912d3"
56,56,1,71,0,56,56,0,65,74.57332496431269,60,"Data Center/Web Hosting/Transit","US","ABUSIVE_ACTOR","CLOUD",0,0,0,0,0,1,0,0,0,1,71,1,0,"indicator--328c9e3d-54a1-4416-b07b-8f012de05f7d"
49,49,1,39,0,49,49,0,65,65.02059991327963,50,"Data Center/Web Hosting/Transit","US","ABUSIVE_ACTOR","CLOUD",0,0,0,0,0,1,0,0,0,1,39,1,0,"indicator--0ed2c1c5-12a7-4b73-a547-f05b80a25eee"
100,100,1,959,10,100,100,0,95,139.8227123303957,85,"Data Center/Web Hosting/Transit","DE","MALICIOUS_BOT","CLOUD",0,0,0,0,0,1,1,0,0,1,87.18181818181819,1,0,"indicator--761a511c-291f-4d74-9c33-0d8f2b73e7e2"
57,57,1,50,0,57,57,0,0,74.07570176097937,50,"Fixed Line ISP","US","UNKNOWN_THREAT","RESIDENTIAL",0,0,1,0,0,1,0,0,0,1,50,1,0,"indicator--cb2b4024-4bf6-470c-a8df-8193d4cebc67"
100,100,1,367,9,100,100,0,95,134.65847818673518,85,"Data Center/Web Hosting/Transit","IN","MALICIOUS_BOT","CLOUD",0,0,0,0,0,1,1,0,0,1,36.7,1,0,"indicator--8ae1f259-3eb9-4028-b770-69d78c04dc5c"
40,40,1,39,0,40,40,0,0,56.020599913279625,50,"Data Center/Web Hosting/Transit","FR","ABUSIVE_ACTOR","DATACENTER",0,0,0,0,0,1,0,0,0,1,39,1,0,"indicator--ab866b00-7dad-4e8a-a0aa-411f61d5146c"
37,37,1,63,0,37,37,0,65,55.061799739838875,60,"Data Center/Web Hosting/Transit","US","ABUSIVE_ACTOR","CLOUD",0,0,0,0,0,1,0,0,0,1,63,1,0,"indicator--8ff63b42-768b-496e-9bbc-e1dcb01d81af"
100,100,1,1197,0,100,100,0,90,130.78456818053291,70,"Commercial","US","UNKNOWN_THREAT","UNKNOWN",0,0,0,0,0,1,0,0,0,1,1197,1,0,"indicator--0085589b-51ab-41e7-939e-1af0b685e2a8"
44,44,1,32,0,44,44,0,65,59.18513939877887,50,"Data Center/Web Hosting/Transit","US","ABUSIVE_ACTOR","CLOUD",0,0,0,0,0,1,0,0,0,1,32,1,0,"indicator--f04031e8-7f9b-499e-be26-d0662677983c"
58,58,1,34,0,58,58,0,0,73.44068044350276,50,"Fixed Line ISP","NG","UNKNOWN_THREAT","RESIDENTIAL",0,0,1,0,0,1,0,0,0,1,34,1,0,"indicator--43dd8dda-d48f-4d20-bfdd-780914a62e49"
100,100,1,1110,0,100,100,0,90,130.45714058940868,70,"Commercial","US","UNKNOWN_THREAT","UNKNOWN",0,0,0,0,0,1,0,0,0,1,1110,1,0,"indicator--d6eb4edf-2676-472f-9dc5-7bed0da5274c"
100,100,1,953,9,100,100,0,95,138.79548374704095,85,"Data Center/Web Hosting/Transit","DE","MALICIOUS_BOT","CLOUD",0,0,0,0,0,1,1,0,0,1,95.3,1,0,"indicator--8f5f5521-fabe-48b7-a9be-a7db19e85486"
41,41,1,67,0,41,41,0,65,59.32508912706236,60,"Data Center/Web Hosting/Transit","US","ABUSIVE_ACTOR","CLOUD",0,0,0,0,0,1,0,0,0,1,67,1,0,"indicator--f8a5e284-84cd-41e9-a661-a87de99b22f2"
45,45,1,33,0,45,45,0,65,60.31478917042255,50,"Data Center/Web Hosting/Transit","US","ABUSIVE_ACTOR","CLOUD",0,0,0,0,0,1,0,0,0,1,33,1,0,"indicator--8c10cfd2-b575-46e5-8a0d-74d0c592a790"
47,47,1,62,0,47,47,0,65,64.99340549453582,60,"Data Center/Web Hosting/Transit","US","ABUSIVE_ACTOR","CLOUD",0,0,0,0,0,1,0,0,0,1,62,1,0,"indicator--0f6beedb-7156-49a9-9f76-0996ee8f438d"
41,51,1,18,2,41,51,0,0,55.78753600952829,65,"Data Center/Web Hosting/Transit","GB","ABUSIVE_ACTOR","DATACENTER",0,0,0,0,0,1,1,0,0,1,6,1,0,"indicator--0c621286-0c75-4c5e-8310-3b2a23c77160"
100,100,1,98,4,100,100,0,80,123.9563519459755,85,"Data Center/Web Hosting/Transit","NL","ABUSIVE_ACTOR","CLOUD",0,0,0,0,0,1,1,0,0,1,19.6,1,0,"indicator--3c8228e8-160f-4570-8152-4afebd802cbb"
38,38,1,59,0,38,38,0,65,55.78151250383644,60,"Data Center/Web Hosting/Transit","US","ABUSIVE_ACTOR","CLOUD",0,0,0,0,0,1,0,0,0,1,59,1,0,"indicator--9dcfcbec-4a41-47c3-bf54-ef6820304db3"
41,46,1,16,0,41,46,0,65,78.30448921378274,55,"Data Center/Web Hosting/Transit","US","ABUSIVE_ACTOR","DATACENTER",1,0,0,0,0,1,0,0,1,1,16,1,0,"indicator--34bbe6c2-fe1f-4a1c-836b-5e0bbf7d52d1"
56,56,1,24,0,56,56,0,65,69.97940008672037,50,"Data Center/Web Hosting/Transit","US","ABUSIVE_ACTOR","CLOUD",0,0,0,0,0,1,0,0,0,1,24,1,0,"indicator--8729a5a7-1654-42ff-a34e-cca34a46679e"
55,55,1,10,0,55,55,0,0,65.41392685158225,50,"Data Center/Web Hosting/Transit","GB","ABUSIVE_ACTOR","CLOUD",0,0,0,0,0,1,0,0,0,1,10,1,1,"indicator--b78af44b-1790-4502-a8a8-60217aee73fa"
100,100,1,434,9,100,100,0,95,135.38489256954637,85,"Data Center/Web Hosting/Transit","CA","MALICIOUS_BOT","CLOUD",0,0,0,0,0,1,1,0,0,1,43.4,1,0,"indicator--c16f4f3c-e5e3-42c7-a541-81738f7dc51e"
37,37,1,35,0,37,37,0,65,52.56302500767288,50,"Data Center/Web Hosting/Transit","IT","ABUSIVE_ACTOR","CLOUD",0,0,0,0,0,1,0,0,0,1,35,1,0,"indicator--7f4e1528-025f-4f06-9d17-2f244612ad97"
87,87,1,23,0,87,87,0,0,100.80211241711606,60,"Data Center/Web Hosting/Transit","NL","ABUSIVE_ACTOR","DATACENTER",0,0,0,0,0,1,0,0,0,1,23,1,0,"indicator--64efa162-b136-4485-af90-518d35abeadf"
44,54,1,17,1,44,54,0,65,57.552725051033065,65,"Data Center/Web Hosting/Transit","US","ABUSIVE_ACTOR","CLOUD",0,0,0,0,0,1,1,0,0,1,8.5,1,0,"indicator--0866f2a3-66ce-49ad-b8fd-347012a5704e"
53,53,1,48,0,53,53,0,0,69.90196080028514,50,"Mobile ISP","CN","UNKNOWN_THREAT","RESIDENTIAL",0,0,1,0,0,1,0,0,0,1,48,1,0,"indicator--3be131c3-75b0-42b1-8c40-d9577a8fddcc"
100,100,1,35,4,100,100,0,85,144.56302500767288,80,"Data Center/Web Hosting/Transit","US","ABUSIVE_ACTOR","DATACENTER",1,0,0,0,0,1,1,0,1,1,7,1,0,"indicator--0c686ed2-9cf3-4aad-b067-3234eeee7a8d"
45,50,1,12,0,45,50,0,65,81.13943352306836,55,"Data Center/Web Hosting/Transit","US","ABUSIVE_ACTOR","DATACENTER",1,0,0,0,0,1,0,0,1,1,12,1,0,"indicator--ee2cdb7c-be82-4202-b465-de3d9ba322fc"
31,31,1,67,0,31,31,0,65,49.32508912706236,60,"Data Center/Web Hosting/Transit","US","ABUSIVE_ACTOR","CLOUD",0,0,0,0,0,1,0,0,0,1,67,1,0,"indicator--97146aa1-a718-4f5b-8eec-e87ceff64330"
31,31,1,17,0,31,31,0,0,43.552725051033065,50,"Data Center/Web Hosting/Transit","US","ABUSIVE_ACTOR","DATACENTER",0,0,0,0,0,1,0,0,0,1,17,1,0,"indicator--b207a5cb-cdc0-491f-bdfe-128dfc2cde28"
100,100,1,1251,0,100,100,0,90,130.9760432887441,70,"Commercial","US","UNKNOWN_THREAT","UNKNOWN",0,0,0,0,0,1,0,0,0,1,1251,1,0,"indicator--4162486d-b717-4bbf-a023-e28cf55fc72c"
57,57,1,75,0,57,57,0,65,75.8081359228079,60,"Data Center/Web Hosting/Transit","US","ABUSIVE_ACTOR","CLOUD",0,0,0,0,0,1,0,0,0,1,75,1,0,"indicator--334ff518-7ac3-43ca-85f0-4d648ad1e67a"
43,43,1,60,0,43,43,0,65,60.85329835010767,60,"Data Center/Web Hosting/Transit","US","ABUSIVE_ACTOR","CLOUD",0,0,0,0,0,1,0,0,0,1,60,1,0,"indicator--b637f746-1f0d-4f7d-bb62-2e66f6fa0077"
84,94,1,32,3,84,94,0,80,102.18513939877887,75,"Data Center/Web Hosting/Transit","DE","ABUSIVE_ACTOR","DATACENTER",0,0,0,0,0,1,1,0,0,1,8,1,0,"indicator--1146b17f-b8c7-463c-bf34-cf01ecad38d9"
37,37,1,68,0,37,37,0,65,55.38849090737256,60,"Data Center/Web Hosting/Transit","US","ABUSIVE_ACTOR","CLOUD",0,0,0,0,0,1,0,0,0,1,68,1,0,"indicator--dcc7cd88-806f-4dc4-9334-72625dbd643c"
100,100,1,3620,0,100,100,0,90,135.5882852481701,70,"Data Center/Web Hosting/Transit","NL","SCANNER","DATACENTER",0,0,0,0,0,1,0,0,0,1,3620,1,0,"indicator--0277fb3a-8cd9-440f-9879-7a459d1acaa8"
52,52,1,30,0,52,52,0,0,66.91361693834273,50,"Mobile ISP","CN","UNKNOWN_THREAT","RESIDENTIAL",0,0,1,0,0,1,0,0,0,1,30,1,0,"indicator--63ae912a-1fdb-4871-84d6-1787e7298c9e"
100,100,1,1059,9,100,100,0,95,139.2530586526477,85,"Data Center/Web Hosting/Transit","DE","MALICIOUS_BOT","CLOUD",0,0,0,0,0,1,1,0,0,1,105.9,1,0,"indicator--17409e19-8557-4baf-af65-f60d85b3f9ac"
100,100,1,620,0,100,100,0,90,127.93091600176581,70,"Data Center/Web Hosting/Transit","US","SCANNER","CLOUD",0,0,0,0,0,1,0,0,0,1,620,1,0,"indicator--13f6f20e-96a2-404f-a957-e722c50d74e4"
55,55,1,36,0,55,55,0,65,70.68201724066995,50,"Data Center/Web Hosting/Transit","US","ABUSIVE_ACTOR","CLOUD",0,0,0,0,0,1,0,0,0,1,36,1,0,"indicator--ee1dc507-076f-43b0-a57a-83678979da07"
40,40,1,18,0,40,40,0,0,52.78753600952829,50,"Mobile ISP","CN","UNKNOWN_THREAT","RESIDENTIAL",0,0,1,0,0,1,0,0,0,1,18,1,0,"indicator--117994cf-01e3-4906-959a-31e776de1aa6"
100,100,1,178,0,100,100,0,80,122.52853030979892,70,"Fixed Line ISP","CN","UNKNOWN_THREAT","RESIDENTIAL",0,0,1,0,0,1,0,0,0,1,178,1,0,"indicator--b1554b8d-91d2-4894-858a-3156340d8fe2"
100,100,1,777,14,100,100,0,95,142.9097959698969,85,"Data Center/Web Hosting/Transit","NL","MALICIOUS_BOT","DATACENTER",0,0,0,0,0,1,1,0,0,1,51.8,1,0,"indicator--d38dc55a-bbd4-43eb-a34c-9033b97f1bb4"
100,100,1,88,1,100,100,0,80,120.49390006644913,85,"Data Center/Web Hosting/Transit","US","ABUSIVE_ACTOR","CLOUD",0,0,0,0,0,1,1,0,0,1,44,1,0,"indicator--803cd037-e7f7-4a7b-a5ee-ac418f8f2818"
30,30,1,7,0,30,30,0,65,39.03089986991944,50,"Data Center/Web Hosting/Transit","US","ABUSIVE_ACTOR","CLOUD",0,0,0,0,0,1,0,0,0,1,7,1,0,"indicator--b6b7c68d-7d2f-4826-83b2-62c8a5aeec6e"
100,100,1,1767,0,100,100,0,90,132.47482260677054,70,"Data Center/Web Hosting/Transit","NL","SCANNER","DATACENTER",0,0,0,0,0,1,0,0,0,1,1767,1,0,"indicator--035a79e9-b9b0-4456-8b39-2776d9862049"
60,70,1,55,1,60,70,0,0,78.481880270062,75,"Data Center/Web Hosting/Transit","US","ABUSIVE_ACTOR","DATACENTER",0,0,0,0,0,1,1,0,0,1,27.5,1,0,"indicator--80d811d8-4533-47b5-8b94-0b2e5c8e243c"
100,100,1,202,0,100,100,0,85,123.07496037913214,70,"Data Center/Web Hosting/Transit","PL","SCANNER","DATACENTER",0,0,0,0,0,1,0,0,0,1,202,1,1,"indicator--32e4ab56-4da8-40ca-ba9f-b7d4d83ff0eb"
36,41,1,12,0,36,41,0,65,72.13943352306836,55,"Data Center/Web Hosting/Transit","US","ABUSIVE_ACTOR","DATACENTER",1,0,0,0,0,1,0,0,1,1,12,1,0,"indicator--9476e627-3606-4bc2-97ca-82505f36f4e8"
43,43,1,55,0,43,43,0,65,60.48188027006201,60,"Data Center/Web Hosting/Transit","US","ABUSIVE_ACTOR","CLOUD",0,0,0,0,0,1,0,0,0,1,55,1,0,"indicator--d0cde6e9-d72a-4acd-8d30-1af2f0bbed68"
100,100,1,47,4,100,100,0,80,120.81241237375588,75,"Data Center/Web Hosting/Transit","US","ABUSIVE_ACTOR","CLOUD",0,0,0,0,0,1,1,0,0,1,9.4,1,0,"indicator--dddfdfec-5e7f-417d-9afb-fce3b52f62c9"
40,45,1,14,0,40,45,0,65,76.76091259055681,55,"Data Center/Web Hosting/Transit","US","ABUSIVE_ACTOR","DATACENTER",1,0,0,0,0,1,0,0,1,1,14,1,0,"indicator--d3ec1539-b505-4640-a14d-5ab308f6bda3"
100,100,1,154,3,100,100,0,95,124.90331698170291,85,"Data Center/Web Hosting/Transit","US","SCANNER","DATACENTER",0,0,0,0,0,1,1,0,0,1,38.5,1,0,"indicator--72b4d9eb-9f25-4b4d-aca0-336614fea83a"
48,48,1,70,0,48,48,0,65,66.51258348719075,60,"Data Center/Web Hosting/Transit","US","ABUSIVE_ACTOR","CLOUD",0,0,0,0,0,1,0,0,0,1,70,1,0,"indicator--cc703da0-0c4b-4b09-8c2c-3063044b5205"
59,69,1,64,3,59,69,0,65,80.12913356642855,75,"Data Center/Web Hosting/Transit","US","ABUSIVE_ACTOR","DATACENTER",0,0,0,0,0,1,1,0,0,1,16,1,0,"indicator--f213f5d6-5ea1-4edd-aeec-b902dbf5bfb8"
54,54,1,55,0,54,54,0,0,71.481880270062,60,"Fixed Line ISP","US","UNKNOWN_THREAT","RESIDENTIAL",0,0,1,0,0,1,0,0,0,1,55,1,0,"indicator--6bad6d6d-2075-4091-8b5d-e9245be66fcc"
100,100,1,49,1,100,100,0,80,117.98970004336019,75,"Data Center/Web Hosting/Transit","US","ABUSIVE_ACTOR","CLOUD",0,0,0,0,0,1,1,0,0,1,24.5,1,0,"indicator--96645cf6-3071-4d28-8e14-fa71273de2c7"
39,39,1,20,0,39,39,0,0,52.222192947339195,50,"Data Center/Web Hosting/Transit","CA","ABUSIVE_ACTOR","DATACENTER",0,0,0,0,0,1,0,0,0,1,20,1,0,"indicator--8573a68b-878b-4a13-987d-937227fe631d"
38,38,1,10,0,38,38,0,0,48.41392685158225,50,"Data Center/Web Hosting/Transit","CA","ABUSIVE_ACTOR","DATACENTER",0,0,0,0,0,1,0,0,0,1,10,1,0,"indicator--03c51239-66f9-464d-a34e-4074f0ad6243"
34,34,1,72,0,34,34,0,65,52.63322860120456,60,"Data Center/Web Hosting/Transit","US","ABUSIVE_ACTOR","CLOUD",0,0,0,0,0,1,0,0,0,1,72,1,0,"indicator--1abeb025-c961-4e42-b649-0b11178b9f0a"
100,100,1,34,0,100,100,0,70,115.44068044350276,60,"Data Center/Web Hosting/Transit","US","ABUSIVE_ACTOR","DATACENTER",0,0,0,0,0,1,0,0,0,1,34,1,0,"indicator--170fa721-9d66-4634-b9c7-02c0a9427a69"
42,57,1,23,2,42,57,0,65,82.80211241711606,70,"Data Center/Web Hosting/Transit","HK","ABUSIVE_ACTOR","DATACENTER",1,0,0,0,0,1,1,0,1,1,7.666666666666667,1,0,"indicator--8dc1205f-e073-4ae7-b958-19167c71327d"
100,100,1,468,0,100,100,0,90,126.71172842715083,70,"Data Center/Web Hosting/Transit","US","SCANNER","DATACENTER",0,0,0,0,0,1,0,0,0,1,468,1,0,"indicator--eb41899f-191e-4e5c-9e87-015ed45819d4"
100,100,1,386,9,100,100,0,95,134.8771096501891,85,"Data Center/Web Hosting/Transit","NL","MALICIOUS_BOT","DATACENTER",0,0,0,0,0,1,1,0,0,1,38.6,1,0,"indicator--c11abfe2-0723-4edd-bf2b-4d282fade9e1"
71,71,1,88,0,71,71,0,0,90.49390006644913,60,"Data Center/Web Hosting/Transit","FI","ABUSIVE_ACTOR","DATACENTER",0,0,0,0,0,1,0,0,0,1,88,1,1,"indicator--ac7808a2-0ed7-4b6f-8906-96dddb104daf"
0,80,0,0,0,0,80,0,0,0,0,"unknown","unknown","unknown","unknown",0,0,0,0,0,0,0,0,0,0,0,0,0,"indicator--threatfox-157a250c-f5e7-57d0-940b-b62e5daccd55"
100,100,1,636,4,100,100,0,95,132.0413943233535,85,"Data Center/Web Hosting/Transit","US","SCANNER","DATACENTER",0,0,0,0,0,1,1,0,0,1,127.2,1,0,"indicator--217d4f7e-78c7-4647-b589-3bbd463a4f39"
27,42,1,17,1,27,42,0,65,65.55272505103306,70,"Data Center/Web Hosting/Transit","HK","ABUSIVE_ACTOR","DATACENTER",1,0,0,0,0,1,1,0,1,1,8.5,1,0,"indicator--6c9f95dc-be9b-4de8-8ff5-0f9c028df92b"
54,54,1,61,0,54,54,0,65,71.92391689498254,60,"Data Center/Web Hosting/Transit","US","ABUSIVE_ACTOR","CLOUD",0,0,0,0,0,1,0,0,0,1,61,1,0,"indicator--26a434c9-ef1b-45e8-82e6-493330c74b80"
37,37,1,61,0,37,37,0,65,54.92391689498254,60,"Data Center/Web Hosting/Transit","US","ABUSIVE_ACTOR","CLOUD",0,0,0,0,0,1,0,0,0,1,61,1,0,"indicator--00ba324d-1ea2-443d-aac3-b4ddda47b979"
100,100,1,201,0,100,100,0,85,123.05351369446623,70,"Fixed Line ISP","CN","UNKNOWN_THREAT","RESIDENTIAL",0,0,1,0,0,1,0,0,0,1,201,1,0,"indicator--fa5b4478-0587-48ce-a048-bcdabd9611d8"
26,41,1,8,2,26,41,0,65,62.54242509439325,70,"Data Center/Web Hosting/Transit","SG","ABUSIVE_ACTOR","DATACENTER",1,0,0,0,0,1,1,0,1,1,2.6666666666666665,1,0,"indicator--54880ae8-8d73-41cf-90a5-3a9a580e8169"
32,37,1,12,0,32,37,0,65,68.13943352306836,55,"Data Center/Web Hosting/Transit","DE","ABUSIVE_ACTOR","DATACENTER",1,0,0,0,0,1,0,0,1,1,12,1,0,"indicator--44e87705-b472-49e6-b7d5-81a6116c4f0f"
31,36,1,21,0,31,36,0,65,69.42422680822206,55,"Data Center/Web Hosting/Transit","SG","ABUSIVE_ACTOR","DATACENTER",1,0,0,0,0,1,0,0,1,1,21,1,0,"indicator--9f495098-8f53-4f59-818a-e2ccff3a2921"
36,41,1,11,0,36,41,0,65,71.79181246047625,55,"Data Center/Web Hosting/Transit","US","ABUSIVE_ACTOR","DATACENTER",1,0,0,0,0,1,0,0,1,1,11,1,0,"indicator--bb14a04d-c020-4e28-975a-618bde2b7479"
100,100,1,723,3,100,100,0,95,131.5973856619715,85,"Data Center/Web Hosting/Transit","US","SCANNER","DATACENTER",0,0,0,0,0,1,1,0,0,1,180.75,1,0,"indicator--4de8f8e3-cf99-4aa1-ac26-5832079c6029"
38,38,1,24,0,38,38,0,65,51.979400086720375,50,"Data Center/Web Hosting/Transit","US","ABUSIVE_ACTOR","CLOUD",0,0,0,0,0,1,0,0,0,1,24,1,0,"indicator--6e7c18d2-1e87-422a-903c-240c1c1de0f3"
100,100,1,291,2,100,100,0,95,126.65382851448419,85,"Data Center/Web Hosting/Transit","US","SCANNER","CLOUD",0,0,0,0,0,1,1,0,0,1,97,1,0,"indicator--679653a3-b236-4e81-a727-a38f9a5bbb62"
55,55,1,216,0,55,55,0,90,78.3645973384853,60,"Data Center/Web Hosting/Transit","US","SCANNER","CLOUD",0,0,0,0,0,1,0,0,0,1,216,1,0,"indicator--d5e8f7a4-ff2f-4dd4-94bb-24ddc71e16a4"
100,100,1,185,0,100,100,0,80,122.69512944217917,70,"Fixed Line ISP","CN","UNKNOWN_THREAT","RESIDENTIAL",0,0,1,0,0,1,0,0,0,1,185,1,0,"indicator--ce3fa2d7-d886-4587-9e15-4a92293deca1"
36,41,1,21,0,36,41,0,65,74.42422680822206,55,"Data Center/Web Hosting/Transit","HK","ABUSIVE_ACTOR","DATACENTER",1,0,0,0,0,1,0,0,1,1,21,1,0,"indicator--62eb77a6-5ad3-4453-b0da-98cab60dc088"
43,53,1,14,1,43,53,0,65,55.76091259055681,65,"Data Center/Web Hosting/Transit","US","ABUSIVE_ACTOR","CLOUD",0,0,0,0,0,1,1,0,0,1,7,1,0,"indicator--618b512d-2341-429d-90cf-a5b5bc1e7ea4"
45,45,1,32,0,45,45,0,65,60.18513939877887,50,"Data Center/Web Hosting/Transit","US","ABUSIVE_ACTOR","CLOUD",0,0,0,0,0,1,0,0,0,1,32,1,0,"indicator--4f35fb4b-0199-4181-8b2e-87b1d4224dec"
47,57,1,9,2,47,57,0,0,59,65,"Fixed Line ISP","CN","UNKNOWN_THREAT","RESIDENTIAL",0,0,1,0,0,1,1,0,0,1,3,1,0,"indicator--04798d0e-43b2-49ed-8240-d7f3194ec6fb"
40,40,1,58,0,40,40,0,65,57.70852011642144,60,"Data Center/Web Hosting/Transit","US","ABUSIVE_ACTOR","CLOUD",0,0,0,0,0,1,0,0,0,1,58,1,0,"indicator--a926ee97-d196-4649-a168-91e510760374"
51,56,1,26,0,51,56,0,65,90.31363764158988,55,"Fixed Line ISP","ZA","PROXY_SERVICE","PROXY",1,0,0,0,0,1,0,0,1,1,26,1,0,"indicator--28f04dc5-03a9-467c-b8b0-44221b47bb20"
72,72,1,26,0,72,72,0,0,86.31363764158988,50,"Data Center/Web Hosting/Transit","FR","ABUSIVE_ACTOR","DATACENTER",0,0,0,0,0,1,0,0,0,1,26,1,0,"indicator--ff906842-3b8a-4342-9233-85ddf56e5b56"
100,100,1,1131,0,100,100,0,90,130.53846426852252,70,"Commercial","US","UNKNOWN_THREAT","UNKNOWN",0,0,0,0,0,1,0,0,0,1,1131,1,0,"indicator--d3b00708-2611-4799-81e9-28ec55e9df56"
100,100,1,231,0,100,100,0,90,123.65487984890899,70,"Data Center/Web Hosting/Transit","US","SCANNER","CLOUD",0,0,0,0,0,1,0,0,0,1,231,1,0,"indicator--54e26d2d-a11b-4ac4-a9d7-294c7895c9ff"
100,100,1,50,0,100,100,0,70,117.07570176097937,60,"Data Center/Web Hosting/Transit","US","ABUSIVE_ACTOR","CLOUD",0,0,0,0,0,1,0,0,0,1,50,1,0,"indicator--b00040e3-4227-4b1b-bd9f-65a1725f5695"
100,100,1,1001,0,100,100,0,90,130.00867721531228,70,"Data Center/Web Hosting/Transit","NL","SCANNER","DATACENTER",0,0,0,0,0,1,0,0,0,1,1001,1,0,"indicator--6c9be67d-ad3d-46f2-9380-857218a52f6c"
100,100,1,509,2,100,100,0,95,129.07570176097937,85,"Data Center/Web Hosting/Transit","US","SCANNER","CLOUD",0,0,0,0,0,1,1,0,0,1,169.66666666666666,1,0,"indicator--f3648c37-c640-4153-943e-1140d7a270c6"
20,35,1,7,1,20,35,0,65,55.03089986991944,70,"Data Center/Web Hosting/Transit","SG","ABUSIVE_ACTOR","DATACENTER",1,0,0,0,0,1,1,0,1,1,3.5,1,0,"indicator--4ec380dc-7734-44de-a2bc-e1acc5ad724a"
48,48,1,8,0,48,48,0,65,57.54242509439325,50,"Data Center/Web Hosting/Transit","US","ABUSIVE_ACTOR","CLOUD",0,0,0,0,0,1,0,0,0,1,8,1,0,"indicator--f9dcacb1-a1b8-4ba5-bec0-04070f1dc07b"
100,100,1,617,0,100,100,0,90,127.90988475088815,70,"Data Center/Web Hosting/Transit","BR","SCANNER","DATACENTER",0,0,0,0,0,1,0,0,0,1,617,1,0,"indicator--7c8ba385-46e5-4452-90d5-1dfa25af2b74"
34,34,1,19,0,34,34,0,65,47.01029995663981,50,"Data Center/Web Hosting/Transit","US","ABUSIVE_ACTOR","CLOUD",0,0,0,0,0,1,0,0,0,1,19,1,0,"indicator--4c56c6cf-4ce9-4c03-a438-1ca7fbd3fb0d"
100,100,1,189,0,100,100,0,85,147.78753600952828,75,"Data Center/Web Hosting/Transit","SG","SCANNER","DATACENTER",1,0,0,0,0,1,0,0,1,1,189,1,0,"indicator--3e60fd79-535c-4d2f-b3f4-ea388b5fe273"
48,48,1,35,0,48,48,0,0,63.56302500767288,50,"Data Center/Web Hosting/Transit","FR","ABUSIVE_ACTOR","DATACENTER",0,0,0,0,0,1,0,0,0,1,35,1,0,"indicator--94abc236-293b-4b79-8649-c9d20b4d4746"
48,63,1,38,2,48,63,0,65,90.91064607026499,70,"Data Center/Web Hosting/Transit","HK","ABUSIVE_ACTOR","DATACENTER",1,0,0,0,0,1,1,0,1,1,12.666666666666666,1,0,"indicator--43da9d94-b863-42c7-89a0-62e0d32fc17e"
78,78,1,18,0,78,78,0,0,90.78753600952828,50,"Data Center/Web Hosting/Transit","US","ABUSIVE_ACTOR","CLOUD",0,0,0,0,0,1,0,0,0,1,18,1,0,"indicator--73e5b2e1-c6a5-4a5d-bd8c-71dddf06cc6f"
100,100,1,93,0,100,100,0,65,119.73127853599698,70,"Data Center/Web Hosting/Transit","FR","ABUSIVE_ACTOR","DATACENTER",0,0,0,0,0,1,0,0,0,1,93,1,0,"indicator--c90b658d-f098-429c-aae7-66ea9fbd230b"
100,100,1,72,1,100,100,0,80,119.63322860120456,85,"Data Center/Web Hosting/Transit","US","ABUSIVE_ACTOR","CLOUD",0,0,0,0,0,1,1,0,0,1,36,1,0,"indicator--49edc982-5c12-4be1-9e48-519aee49d06d"
100,100,1,45,0,100,100,0,70,116.62757831681574,60,"Data Center/Web Hosting/Transit","SG","ABUSIVE_ACTOR","DATACENTER",0,0,0,0,0,1,0,0,0,1,45,1,0,"indicator--6b6c18c0-c17a-4ec7-ac26-4cd3212d64e8"
100,100,1,584,4,100,100,0,95,131.6715586608218,85,"Data Center/Web Hosting/Transit","HK","SCANNER","DATACENTER",0,0,0,0,0,1,1,0,0,1,116.8,1,0,"indicator--48303a88-1599-44ac-af40-1d7a8414894e"
34,39,1,27,0,34,39,0,65,73.4715803134222,55,"Data Center/Web Hosting/Transit","HK","ABUSIVE_ACTOR","DATACENTER",1,0,0,0,0,1,0,0,1,1,27,1,0,"indicator--d5d29dca-11f1-44f7-b1f4-f2497b8d3be0"
61,76,1,109,2,61,76,0,80,108.41392685158225,80,"Data Center/Web Hosting/Transit","SG","SCANNER","DATACENTER",1,0,0,0,0,1,1,0,1,1,36.333333333333336,1,0,"indicator--81cf0956-b758-486c-a73f-638b016382c6"
92,92,1,54,0,92,92,0,0,109.40362689494243,70,"Data Center/Web Hosting/Transit","US","ABUSIVE_ACTOR","DATACENTER",0,0,0,0,0,1,0,0,0,1,54,1,0,"indicator--30dddef1-87cf-4d8f-adae-6d675b4647a1"
100,100,1,450,0,100,100,0,90,126.5417654187796,70,"Data Center/Web Hosting/Transit","US","SCANNER","DATACENTER",0,0,0,0,0,1,0,0,0,1,450,1,0,"indicator--f445dadc-0d76-46a8-af9c-394a60d0e7a1"
100,100,1,137,0,100,100,0,70,121.39879086401237,70,"Data Center/Web Hosting/Transit","US","SCANNER","DATACENTER",0,0,0,0,0,1,0,0,0,1,137,1,0,"indicator--9d29f08e-1847-41c4-8a3a-050acceeed0d"
44,44,1,35,0,44,44,0,65,59.56302500767288,50,"Data Center/Web Hosting/Transit","IE","ABUSIVE_ACTOR","CLOUD",0,0,0,0,0,1,0,0,0,1,35,1,0,"indicator--36a676fe-9eb6-416d-b415-95b5adf3ce8b"
100,100,1,169,0,100,100,0,80,122.30448921378274,70,"Data Center/Web Hosting/Transit","DE","SCANNER","DATACENTER",0,0,0,0,0,1,0,0,0,1,169,1,0,"indicator--76a2505e-fcaa-495d-9e2e-a7498f181612"
39,44,1,59,0,39,44,0,65,81.78151250383644,65,"Data Center/Web Hosting/Transit","SG","ABUSIVE_ACTOR","DATACENTER",1,0,0,0,0,1,0,0,1,1,59,1,0,"indicator--6078b42b-0d4e-4d55-826a-8694dbc76f1a"
40,45,1,9,0,40,45,0,65,75,55,"Data Center/Web Hosting/Transit","US","ABUSIVE_ACTOR","DATACENTER",1,0,0,0,0,1,0,0,1,1,9,1,0,"indicator--06fe2209-4707-4b02-8bb4-0326a51411b6"
100,100,1,55,0,100,100,0,70,117.481880270062,70,"Data Center/Web Hosting/Transit","US","ABUSIVE_ACTOR","CLOUD",0,0,0,0,0,1,0,0,0,1,55,1,0,"indicator--e85fa2d7-1608-40b1-b9ed-4882af9a3fb6"
100,100,1,54,5,100,100,0,80,122.40362689494243,85,"Data Center/Web Hosting/Transit","NL","ABUSIVE_ACTOR","DATACENTER",0,0,0,0,0,1,1,0,0,1,9,1,0,"indicator--98b5205d-cf52-4742-9eea-7703dfa37b6d"
26,41,1,48,1,26,41,0,65,68.90196080028514,70,"Data Center/Web Hosting/Transit","MX","ABUSIVE_ACTOR","DATACENTER",1,0,0,0,0,1,1,0,1,1,24,1,0,"indicator--28a1e2e3-6915-4a72-b538-37714095d241"
100,100,1,189,0,100,100,0,85,147.78753600952828,75,"Data Center/Web Hosting/Transit","SG","SCANNER","DATACENTER",1,0,0,0,0,1,0,0,1,1,189,1,0,"indicator--bb62f0be-32da-4ba3-b230-9b2666e346ac"
44,59,1,14,2,44,59,0,65,82.76091259055681,70,"Data Center/Web Hosting/Transit","IE","ABUSIVE_ACTOR","DATACENTER",1,0,0,0,0,1,1,0,1,1,4.666666666666667,1,0,"indicator--523d333c-1cda-41a8-8fcb-8c6d8e533807"
27,42,1,8,2,27,42,0,65,63.54242509439325,70,"Data Center/Web Hosting/Transit","SG","ABUSIVE_ACTOR","DATACENTER",1,0,0,0,0,1,1,0,1,1,2.6666666666666665,1,0,"indicator--ed281009-dd25-4247-b285-8c05c2c48f4e"
23,38,1,6,2,23,38,0,65,58.45098040014257,70,"Data Center/Web Hosting/Transit","SG","ABUSIVE_ACTOR","DATACENTER",1,0,0,0,0,1,1,0,1,1,2,1,0,"indicator--b0ef4b0b-effb-4794-8fa2-c392de6f8094"
46,61,1,12,1,46,61,0,65,83.13943352306836,70,"Data Center/Web Hosting/Transit","SG","ABUSIVE_ACTOR","DATACENTER",1,0,0,0,0,1,1,0,1,1,6,1,0,"indicator--5b43a06c-944a-4b60-9d46-23003464cae5"
46,46,1,27,0,46,46,0,65,60.471580313422194,50,"Data Center/Web Hosting/Transit","US","ABUSIVE_ACTOR","DATACENTER",0,0,0,0,0,1,0,0,0,1,27,1,0,"indicator--e2ad9c05-1676-40b3-93b7-e867b7b10d33"
100,100,1,637,5,100,100,0,95,133.04820678721163,85,"Data Center/Web Hosting/Transit","SG","SCANNER","DATACENTER",0,0,0,0,0,1,1,0,0,1,106.16666666666667,1,0,"indicator--0de92fa3-a732-4df0-b0cf-60c0c2d92b07"
34,34,1,24,0,34,34,0,65,47.979400086720375,50,"Data Center/Web Hosting/Transit","US","ABUSIVE_ACTOR","CLOUD",0,0,0,0,0,1,0,0,0,1,24,1,0,"indicator--5c75706f-08e5-4402-a9dc-d2a43289c99a"
39,39,1,39,0,39,39,0,65,55.020599913279625,50,"Data Center/Web Hosting/Transit","US","ABUSIVE_ACTOR","CLOUD",0,0,0,0,0,1,0,0,0,1,39,1,0,"indicator--c8ef4d49-55d1-4beb-a486-7700f26c2375"
100,100,1,125,2,100,100,0,90,123.00370545117563,85,"Data Center/Web Hosting/Transit","US","SCANNER","CLOUD",0,0,0,0,0,1,1,0,0,1,41.666666666666664,1,0,"indicator--f5b0b306-9745-4b76-8803-8e6ae57c15b1"
52,67,1,43,1,52,67,0,65,94.43452676486187,70,"Data Center/Web Hosting/Transit","HK","ABUSIVE_ACTOR","DATACENTER",1,0,0,0,0,1,1,0,1,1,21.5,1,0,"indicator--cc3a883d-580a-48b0-879a-f6d311aafb64"
34,39,1,10,0,34,39,0,65,69.41392685158225,55,"Data Center/Web Hosting/Transit","SG","ABUSIVE_ACTOR","DATACENTER",1,0,0,0,0,1,0,0,1,1,10,1,0,"indicator--ec710e60-f5d5-4525-9d46-8182e972afd6"
36,51,1,9,2,36,51,0,65,73,70,"Data Center/Web Hosting/Transit","SG","ABUSIVE_ACTOR","DATACENTER",1,0,0,0,0,1,1,0,1,1,3,1,0,"indicator--c1b9c94c-b480-498f-b1df-d178d8d1bd11"
100,100,1,94,0,100,100,0,65,119.77723605288848,70,"Fixed Line ISP","CN","UNKNOWN_THREAT","RESIDENTIAL",0,0,1,0,0,1,0,0,0,1,94,1,0,"indicator--c9aeb987-9edc-417b-a228-3f04b90d9fae"
33,33,1,60,0,33,33,0,65,50.85329835010767,60,"Data Center/Web Hosting/Transit","US","ABUSIVE_ACTOR","CLOUD",0,0,0,0,0,1,0,0,0,1,60,1,0,"indicator--be6969af-2847-4c26-822b-29c2adb7756c"
100,100,1,85,0,100,100,0,65,119.34498451243567,70,"Data Center/Web Hosting/Transit","FR","ABUSIVE_ACTOR","DATACENTER",0,0,0,0,0,1,0,0,0,1,85,1,0,"indicator--bd68ff57-ed74-47ee-8f6c-5c654ca16cd2"
100,100,1,220,1,100,100,0,95,124.4439227368511,85,"Data Center/Web Hosting/Transit","US","SCANNER","CLOUD",0,0,0,0,0,1,1,0,0,1,110,1,0,"indicator--9345c462-2510-41c6-8a6c-b61cf5fa345d"
36,41,1,16,0,36,41,0,65,73.30448921378274,55,"Data Center/Web Hosting/Transit","US","ABUSIVE_ACTOR","DATACENTER",1,0,0,0,0,1,0,0,1,1,16,1,0,"indicator--4bb5dd99-7211-46d4-bb3b-33d9c35959cf"
32,42,1,22,2,32,42,0,0,47.61727836017593,65,"Data Center/Web Hosting/Transit","BR","ABUSIVE_ACTOR","DATACENTER",0,0,0,0,0,1,1,0,0,1,7.333333333333333,1,0,"indicator--8b4ed63c-1c2f-4dea-a0ad-95d4a640d1c8"
38,43,1,12,0,38,43,0,65,74.13943352306836,55,"Data Center/Web Hosting/Transit","SG","ABUSIVE_ACTOR","DATACENTER",1,0,0,0,0,1,0,0,1,1,12,1,0,"indicator--b2b78fa0-d209-4973-8b96-ee5acbba7a6c"
100,100,1,1280,0,100,100,0,90,131.07549129744686,70,"Commercial","US","UNKNOWN_THREAT","UNKNOWN",0,0,0,0,0,1,0,0,0,1,1280,1,0,"indicator--09755f86-ace7-4601-9765-f0758ed25746"
33,48,1,26,1,33,48,0,65,73.31363764158988,70,"Data Center/Web Hosting/Transit","SG","ABUSIVE_ACTOR","DATACENTER",1,0,0,0,0,1,1,0,1,1,13,1,0,"indicator--bd5b01fd-bb36-4f5d-bfd8-d8e0b2e829c9"
100,100,1,5476,0,100,100,0,95,162.38542740928784,75,"Data Center/Web Hosting/Transit","NL","SCANNER","DATACENTER",1,0,0,0,0,1,0,0,1,1,5476,1,0,"indicator--3f0151ec-a329-4543-aa51-a8c2fd30f4f7"
100,100,1,107,0,100,100,0,70,120.3342375548695,70,"Data Center/Web Hosting/Transit","FR","SCANNER","DATACENTER",0,0,0,0,0,1,0,0,0,1,107,1,0,"indicator--0d5e024a-a310-49b8-ab2b-7e05cbef9d66"
33,33,1,14,0,33,33,0,0,44.76091259055681,50,"Data Center/Web Hosting/Transit","US","ABUSIVE_ACTOR","DATACENTER",0,0,0,0,0,1,0,0,0,1,14,1,0,"indicator--f646c53a-3915-43db-9a35-0e6684bba262"
51,51,1,68,0,51,51,0,65,69.38849090737256,60,"Data Center/Web Hosting/Transit","US","ABUSIVE_ACTOR","CLOUD",0,0,0,0,0,1,0,0,0,1,68,1,0,"indicator--5064d40c-5a40-497b-8f85-490f212d85e8"
100,100,1,373,0,100,100,0,95,150.7287160220048,75,"Data Center/Web Hosting/Transit","US","SCANNER","DATACENTER",1,0,0,0,0,1,0,0,1,1,373,1,0,"indicator--bb7db493-acb7-4485-b357-9fd4d5867d12"
61,61,1,20,0,61,61,0,0,74.2221929473392,50,"Data Center/Web Hosting/Transit","CL","ABUSIVE_ACTOR","DATACENTER",0,0,0,0,0,1,0,0,0,1,20,1,0,"indicator--563dfb6d-44ad-48b8-9642-584ac80d81cb"
32,37,1,9,0,32,37,0,65,67,55,"Data Center/Web Hosting/Transit","SG","ABUSIVE_ACTOR","DATACENTER",1,0,0,0,0,1,0,0,1,1,9,1,0,"indicator--63762934-a1c7-49f9-895e-ac24e5de3ca8"
100,100,1,285,4,100,100,0,95,128.56366033129044,85,"Fixed Line ISP","CN","UNKNOWN_THREAT","RESIDENTIAL",0,0,1,0,0,1,1,0,0,1,57,1,0,"indicator--6ddec464-4546-424e-88d1-eba9250c1b53"
38,48,1,11,1,38,48,0,0,49.79181246047625,65,"Fixed Line ISP","CN","UNKNOWN_THREAT","RESIDENTIAL",0,0,1,0,0,1,1,0,0,1,5.5,1,0,"indicator--7170d18c-5496-40df-b8c9-a7508db3ba7c"
92,100,1,76,1,92,100,0,80,111.86490725172482,85,"Data Center/Web Hosting/Transit","NL","ABUSIVE_ACTOR","DATACENTER",0,0,0,0,0,1,1,0,0,1,38,1,0,"indicator--e4432430-32bd-46f2-b90b-daed5cfce9bf"
42,42,1,47,0,42,42,0,65,58.812412373755876,50,"Data Center/Web Hosting/Transit","BR","ABUSIVE_ACTOR","CLOUD",0,0,0,0,0,1,0,0,0,1,47,1,0,"indicator--8ebbbf30-c342-42e2-a290-b1914759746b"
47,47,1,77,0,47,47,0,65,65.9209460269048,60,"Data Center/Web Hosting/Transit","US","ABUSIVE_ACTOR","CLOUD",0,0,0,0,0,1,0,0,0,1,77,1,0,"indicator--88bbce51-2b3b-407c-9836-5ec7201b3ee0"
100,100,1,130,0,100,100,0,70,121.17271295655765,70,"Data Center/Web Hosting/Transit","FR","SCANNER","DATACENTER",0,0,0,0,0,1,0,0,0,1,130,1,0,"indicator--1caf9ff9-2439-4dbd-aea7-b4ab87d88983"
35,35,1,64,0,35,35,0,65,53.12913356642855,60,"Data Center/Web Hosting/Transit","US","ABUSIVE_ACTOR","CLOUD",0,0,0,0,0,1,0,0,0,1,64,1,0,"indicator--f2b22bd0-e3b3-4436-ac54-30544d9c2107"
100,100,1,5197,11,100,100,0,95,148.15836275164995,85,"Data Center/Web Hosting/Transit","NL","MALICIOUS_BOT","DATACENTER",0,0,0,0,0,1,1,0,0,1,433.0833333333333,1,1,"indicator--1f601728-7540-4026-a93d-d9ceb982261d"
100,100,1,38,0,100,100,0,65,115.91064607026499,60,"Fixed Line ISP","ID","UNKNOWN_THREAT","RESIDENTIAL",0,0,1,0,0,1,0,0,0,1,38,1,0,"indicator--a0483b82-090c-46bd-b51c-17b6b9532599"
35,35,1,56,0,35,35,0,65,52.558748556724915,60,"Data Center/Web Hosting/Transit","US","ABUSIVE_ACTOR","CLOUD",0,0,0,0,0,1,0,0,0,1,56,1,0,"indicator--d32cb8fe-08a4-4c31-ac7f-64f35f579e38"
37,52,1,10,2,37,52,0,65,74.41392685158225,70,"Data Center/Web Hosting/Transit","SG","ABUSIVE_ACTOR","DATACENTER",1,0,0,0,0,1,1,0,1,1,3.3333333333333335,1,0,"indicator--dea6fa26-49de-474d-b204-993a10449ba0"
30,45,1,12,1,30,45,0,65,67.13943352306836,70,"Data Center/Web Hosting/Transit","MX","ABUSIVE_ACTOR","DATACENTER",1,0,0,0,0,1,1,0,1,1,6,1,0,"indicator--c757619d-f5d9-4de8-b4e5-be3ee117680b"
36,36,1,26,0,36,36,0,65,50.31363764158988,50,"Data Center/Web Hosting/Transit","JP","ABUSIVE_ACTOR","CLOUD",0,0,0,0,0,1,0,0,0,1,26,1,0,"indicator--39cc45db-0a50-4127-8f42-e04cee724ea4"
32,32,1,32,0,32,32,0,65,47.18513939877887,50,"Data Center/Web Hosting/Transit","US","ABUSIVE_ACTOR","CLOUD",0,0,0,0,0,1,0,0,0,1,32,1,0,"indicator--8758df50-9a43-48ac-b506-2ecf813f73e3"
69,69,1,48,0,69,69,0,65,85.90196080028514,50,"Data Center/Web Hosting/Transit","US","ABUSIVE_ACTOR","CLOUD",0,0,0,0,0,1,0,0,0,1,48,1,0,"indicator--f7360ef9-7154-4b68-8a4d-2f890c3c995c"
35,50,1,13,2,35,50,0,65,73.46128035678238,70,"Data Center/Web Hosting/Transit","SG","ABUSIVE_ACTOR","DATACENTER",1,0,0,0,0,1,1,0,1,1,4.333333333333333,1,0,"indicator--d8990b33-b221-42c5-9dc9-103c6121d635"
27,42,1,19,2,27,42,0,65,67.01029995663981,70,"Data Center/Web Hosting/Transit","SG","ABUSIVE_ACTOR","DATACENTER",1,0,0,0,0,1,1,0,1,1,6.333333333333333,1,0,"indicator--6572f2b6-030e-424c-96af-eb83655a7e13"
63,63,1,10,0,63,63,0,65,73.41392685158225,50,"Data Center/Web Hosting/Transit","US","ABUSIVE_ACTOR","CLOUD",0,0,0,0,0,1,0,0,0,1,10,1,0,"indicator--44b8295d-f70d-4f85-9ca8-10959748222a"
53,53,1,52,0,53,53,0,65,70.24275869600788,60,"Data Center/Web Hosting/Transit","US","ABUSIVE_ACTOR","CLOUD",0,0,0,0,0,1,0,0,0,1,52,1,0,"indicator--e57c45f7-f207-4716-96d8-862bbdd9c25a"
71,81,1,21,2,71,81,0,80,86.42422680822206,65,"Data Center/Web Hosting/Transit","US","ABUSIVE_ACTOR","CLOUD",0,0,0,0,0,1,1,0,0,1,7,1,0,"indicator--6a198b0b-80e5-4e1e-9791-977f9d9e5f38"
100,100,1,56,2,100,100,0,85,119.55874855672491,85,"Data Center/Web Hosting/Transit","US","ABUSIVE_ACTOR","DATACENTER",0,0,0,0,0,1,1,0,0,1,18.666666666666668,1,0,"indicator--2f7c753f-08c7-48d2-85c0-4422f595a80f"
30,30,1,57,0,30,30,0,0,47.63427993562937,60,"Data Center/Web Hosting/Transit","ES","ABUSIVE_ACTOR","DATACENTER",0,0,0,0,0,1,0,0,0,1,57,1,1,"indicator--2c27c6a8-367f-4ee6-a88d-8ea09fd25035"
100,100,1,54,0,100,100,0,70,117.40362689494243,70,"Data Center/Web Hosting/Transit","US","ABUSIVE_ACTOR","CLOUD",0,0,0,0,0,1,0,0,0,1,54,1,0,"indicator--f4d5bf1f-d740-460c-aa9f-fa49a84e472c"
34,34,1,61,0,34,34,0,65,51.92391689498254,60,"Data Center/Web Hosting/Transit","US","ABUSIVE_ACTOR","CLOUD",0,0,0,0,0,1,0,0,0,1,61,1,0,"indicator--3569fdb8-27cd-4a40-9f53-7039f03a8302"
100,100,1,98,0,100,100,0,65,119.9563519459755,70,"Data Center/Web Hosting/Transit","PL","ABUSIVE_ACTOR","DATACENTER",0,0,0,0,0,1,0,0,0,1,98,1,0,"indicator--790caae5-8ccd-46b1-9d17-63d6e9a758ed"
91,96,1,173,0,91,96,0,85,138.405492482826,75,"Data Center/Web Hosting/Transit","SG","SCANNER","DATACENTER",1,0,0,0,0,1,0,0,1,1,173,1,0,"indicator--b6c6a939-0049-4688-aa93-3784301f90c4"
48,48,1,80,0,48,48,0,65,67.0848501887865,60,"Data Center/Web Hosting/Transit","US","ABUSIVE_ACTOR","CLOUD",0,0,0,0,0,1,0,0,0,1,80,1,0,"indicator--3c1a299f-9be1-46cc-9495-c10c63a2071f"
100,100,1,571,11,100,100,0,95,138.57396028793025,85,"Data Center/Web Hosting/Transit","SE","MALICIOUS_BOT","DATACENTER",0,0,0,0,0,1,1,0,0,1,47.583333333333336,1,1,"indicator--9bbcb154-af0e-403f-a2ad-7a24f955bf38"
49,49,1,58,0,49,49,0,65,66.70852011642144,60,"Data Center/Web Hosting/Transit","US","ABUSIVE_ACTOR","CLOUD",0,0,0,0,0,1,0,0,0,1,58,1,0,"indicator--da8d3cf0-f629-4e2a-aa30-357b03c09d32"
35,50,1,90,4,35,50,0,65,83.59041392321093,80,"Data Center/Web Hosting/Transit","SG","ABUSIVE_ACTOR","DATACENTER",1,0,0,0,0,1,1,0,1,1,18,1,0,"indicator--d2f67df8-79ea-4722-b231-2a02ba196584"
33,38,1,12,0,33,38,0,65,69.13943352306836,55,"Data Center/Web Hosting/Transit","US","ABUSIVE_ACTOR","DATACENTER",1,0,0,0,0,1,0,0,1,1,12,1,0,"indicator--c26e97c5-6f42-4033-854a-024651ad10cb"
39,44,1,11,0,39,44,0,65,74.79181246047625,55,"Data Center/Web Hosting/Transit","SG","ABUSIVE_ACTOR","DATACENTER",1,0,0,0,0,1,0,0,1,1,11,1,0,"indicator--ad32d765-45f5-4f59-baf8-8ef8a8cd0700"
100,100,1,131,8,100,100,0,85,129.20573931205848,85,"Data Center/Web Hosting/Transit","NL","MALICIOUS_BOT","DATACENTER",0,0,0,0,0,1,1,0,0,1,14.555555555555555,1,0,"indicator--7d1e8318-2e81-4fba-989d-da31f97f042f"
40,40,1,61,0,40,40,0,65,57.92391689498254,60,"Data Center/Web Hosting/Transit","US","ABUSIVE_ACTOR","CLOUD",0,0,0,0,0,1,0,0,0,1,61,1,0,"indicator--e0eb6253-e192-4016-91ec-99b2aa15ae25"
40,40,1,72,0,40,40,0,65,58.63322860120456,60,"Data Center/Web Hosting/Transit","US","ABUSIVE_ACTOR","CLOUD",0,0,0,0,0,1,0,0,0,1,72,1,0,"indicator--05ab4cb5-1773-4e3e-9f04-faf9bfb2e077"
100,100,1,857,4,100,100,0,95,133.33487287848706,85,"Data Center/Web Hosting/Transit","BR","SCANNER","DATACENTER",0,0,0,0,0,1,1,0,0,1,171.4,1,0,"indicator--8334aaa3-cdd8-4763-a8f1-e5d0a1226725"
32,32,1,53,0,32,32,0,0,49.32393759822969,60,"Data Center/Web Hosting/Transit","DE","ABUSIVE_ACTOR","DATACENTER",0,0,0,0,0,1,0,0,0,1,53,1,1,"indicator--e7035a8a-867a-478f-aeec-2d868ee529dd"
41,41,1,74,0,41,41,0,65,59.750612633917,60,"Data Center/Web Hosting/Transit","US","ABUSIVE_ACTOR","CLOUD",0,0,0,0,0,1,0,0,0,1,74,1,0,"indicator--d5c084f1-9c1e-433f-92ba-bdf6f76949fa"
100,100,1,634,2,100,100,0,95,130.02773725291976,85,"Data Center/Web Hosting/Transit","US","SCANNER","DATACENTER",0,0,0,0,0,1,1,0,0,1,211.33333333333334,1,0,"indicator--37e4dc97-ddf0-4057-a359-f792f0342725"
100,100,1,428,0,100,100,0,90,126.32457292184725,70,"Data Center/Web Hosting/Transit","US","SCANNER","DATACENTER",0,0,0,0,0,1,0,0,0,1,428,1,0,"indicator--f321effc-96af-45e2-aae2-b0e13a7c6edb"
51,66,1,117,4,51,66,0,80,100.71882007306125,80,"Data Center/Web Hosting/Transit","SG","SCANNER","DATACENTER",1,0,0,0,0,1,1,0,1,1,23.4,1,0,"indicator--5b817afb-f0e3-4d82-93fe-17fe31967133"
98,100,1,31,1,98,100,0,80,114.05149978319906,75,"Data Center/Web Hosting/Transit","US","ABUSIVE_ACTOR","DATACENTER",0,0,0,0,0,1,1,0,0,1,15.5,1,0,"indicator--38d50895-d62d-4f87-a1d5-0c71f464f3c1"
100,100,1,67,4,100,100,0,80,122.32508912706237,85,"Data Center/Web Hosting/Transit","US","ABUSIVE_ACTOR","CLOUD",0,0,0,0,0,1,1,0,0,1,13.4,1,0,"indicator--cea1b5be-9992-42eb-bae2-f92f4caadeb6"
34,39,1,14,0,34,39,0,65,70.76091259055681,55,"Data Center/Web Hosting/Transit","US","ABUSIVE_ACTOR","DATACENTER",1,0,0,0,0,1,0,0,1,1,14,1,0,"indicator--4da14b3b-377d-4354-8701-5b7ccd607671"
97,97,1,84,0,97,97,0,65,116.29418925714293,70,"Data Center/Web Hosting/Transit","US","ABUSIVE_ACTOR","DATACENTER",0,0,0,0,0,1,0,0,0,1,84,1,0,"indicator--71f872fe-1d25-484d-9ee1-dbd3f0560cc0"
22,37,1,6,1,22,37,0,65,56.45098040014257,70,"Data Center/Web Hosting/Transit","SG","ABUSIVE_ACTOR","DATACENTER",1,0,0,0,0,1,1,0,1,1,3,1,0,"indicator--8f6a6f98-6d93-4b20-8450-9ea5a4ef17b0"
100,100,1,658,4,100,100,0,95,132.1888541459401,85,"Data Center/Web Hosting/Transit","US","SCANNER","DATACENTER",0,0,0,0,0,1,1,0,0,1,131.6,1,0,"indicator--7ed38672-e0d2-4fce-85c4-5ce18cfb0006"
33,33,1,57,0,33,33,0,65,50.63427993562937,60,"Data Center/Web Hosting/Transit","US","ABUSIVE_ACTOR","CLOUD",0,0,0,0,0,1,0,0,0,1,57,1,0,"indicator--bf2aac9c-569f-472c-b581-8d947f3aba7c"
28,43,1,21,1,28,43,0,65,67.42422680822206,70,"Data Center/Web Hosting/Transit","HK","ABUSIVE_ACTOR","DATACENTER",1,0,0,0,0,1,1,0,1,1,10.5,1,0,"indicator--11221fe4-ee16-4ff7-8ca5-50b2fc88b16c"
55,55,1,18,0,55,55,0,0,67.78753600952828,50,"Data Center/Web Hosting/Transit","DE","ABUSIVE_ACTOR","DATACENTER",0,0,0,0,0,1,0,0,0,1,18,1,0,"indicator--f00b5aec-f0f2-4435-8e2b-9407e7d7b5b6"
41,41,1,66,0,41,41,0,65,59.26074802700826,60,"Data Center/Web Hosting/Transit","US","ABUSIVE_ACTOR","CLOUD",0,0,0,0,0,1,0,0,0,1,66,1,0,"indicator--b0daed78-71b0-406d-9d86-5e465fca029e"
35,35,1,20,0,35,35,0,65,48.222192947339195,50,"Data Center/Web Hosting/Transit","US","ABUSIVE_ACTOR","CLOUD",0,0,0,0,0,1,0,0,0,1,20,1,0,"indicator--db6725fb-5e47-40ab-9296-b620cf181005"
27,42,1,11,2,27,42,0,65,64.79181246047625,70,"Data Center/Web Hosting/Transit","SG","ABUSIVE_ACTOR","DATACENTER",1,0,0,0,0,1,1,0,1,1,3.6666666666666665,1,0,"indicator--0532d48d-2283-460c-b1e8-0db7b03189e4"
100,100,1,10593,10,100,100,0,95,150.25059968599578,85,"Data Center/Web Hosting/Transit","NL","MALICIOUS_BOT","DATACENTER",0,0,0,0,0,1,1,0,0,1,963,1,0,"indicator--8fffb3a1-5a1d-42ed-b051-db3cfa2b7083"
100,100,1,275,0,100,100,0,95,124.40909082065218,70,"Data Center/Web Hosting/Transit","JP","SCANNER","CLOUD",0,0,0,0,0,1,0,0,0,1,275,1,0,"indicator--58146f58-12a8-4b49-8616-b8b9ecae6cc3"
43,43,1,26,0,43,43,0,65,57.31363764158988,50,"Data Center/Web Hosting/Transit","JP","ABUSIVE_ACTOR","CLOUD",0,0,0,0,0,1,0,0,0,1,26,1,0,"indicator--b26f20b6-3cd7-4cd1-93b3-e0a114fbff5d"
35,35,1,11,0,35,35,0,0,45.79181246047625,50,"Data Center/Web Hosting/Transit","CA","ABUSIVE_ACTOR","DATACENTER",0,0,0,0,0,1,0,0,0,1,11,1,0,"indicator--85419178-f5ac-462b-818c-c91aed059f33"
64,64,1,72,0,64,64,0,0,82.63322860120456,60,"Data Center/Web Hosting/Transit","HK","ABUSIVE_ACTOR","DATACENTER",0,0,0,0,0,1,0,0,0,1,72,1,0,"indicator--3ccff575-993d-411a-9f0b-c5f15b410bf1"
34,34,1,72,0,34,34,0,0,52.63322860120456,60,"Data Center/Web Hosting/Transit","US","ABUSIVE_ACTOR","DATACENTER",0,0,0,0,0,1,0,0,0,1,72,1,0,"indicator--99cf57a9-e11f-4249-b869-d7741b163acf"
100,100,1,689,3,100,100,0,95,131.38849090737256,85,"Data Center/Web Hosting/Transit","US","SCANNER","DATACENTER",0,0,0,0,0,1,1,0,0,1,172.25,1,0,"indicator--6288e646-ebbf-418d-a558-be93c839e709"
100,100,1,402,1,100,100,0,95,127.05305046141109,85,"Data Center/Web Hosting/Transit","US","SCANNER","CLOUD",0,0,0,0,0,1,1,0,0,1,201,1,0,"indicator--433775de-ed89-456f-a23d-52c139614f7a"
100,100,1,841,6,100,100,0,95,135.2531209149965,85,"Data Center/Web Hosting/Transit","BR","MALICIOUS_BOT","DATACENTER",0,0,0,0,0,1,1,0,0,1,120.14285714285714,1,0,"indicator--f66a2744-45c0-480e-b9d3-e522655e7a6d"
100,100,1,100,2,100,100,0,80,122.04321373782642,85,"Data Center/Web Hosting/Transit","SG","ABUSIVE_ACTOR","CLOUD",0,0,0,0,0,1,1,0,0,1,33.333333333333336,1,0,"indicator--4e6baa39-6008-4fc6-a8ff-8b6b0ad91657"
45,45,1,44,0,45,45,0,0,61.53212513775344,50,"Mobile ISP","CN","UNKNOWN_THREAT","RESIDENTIAL",0,0,1,0,0,1,0,0,0,1,44,1,0,"indicator--78ea643c-1260-48cd-82db-1b52b78a66a5"
20,30,1,7,1,20,30,0,0,30.030899869919438,65,"Data Center/Web Hosting/Transit","US","ABUSIVE_ACTOR","CLOUD",0,0,0,0,0,1,1,0,0,1,3.5,1,0,"indicator--dc33c104-503e-4d28-9e02-edd9b0072ed4"
100,100,1,379,0,100,100,0,90,125.7978359661681,70,"Fixed Line ISP","DE","UNKNOWN_THREAT","RESIDENTIAL",0,0,1,0,0,1,0,0,0,1,379,1,0,"indicator--def0182b-7ddc-4130-b12c-444271d19f64"
51,51,1,40,0,51,51,0,65,67.12783856719736,50,"Data Center/Web Hosting/Transit","US","ABUSIVE_ACTOR","CLOUD",0,0,0,0,0,1,0,0,0,1,40,1,0,"indicator--4c010227-834a-44fe-913d-9f3c2d506614"
30,30,1,10,0,30,30,0,0,40.41392685158225,50,"Fixed Line ISP","CN","UNKNOWN_THREAT","RESIDENTIAL",0,0,1,0,0,1,0,0,0,1,10,1,0,"indicator--3ea3f3aa-a864-434f-9bc8-f05132443630"
37,42,1,15,0,37,42,0,65,74.04119982655925,55,"Data Center/Web Hosting/Transit","US","ABUSIVE_ACTOR","DATACENTER",1,0,0,0,0,1,0,0,1,1,15,1,0,"indicator--e1e20c84-44a0-4053-8b1b-3bb5685023cf"
46,61,1,41,1,46,61,0,65,88.23249290397901,70,"Data Center/Web Hosting/Transit","HK","ABUSIVE_ACTOR","DATACENTER",1,0,0,0,0,1,1,0,1,1,20.5,1,0,"indicator--e552c9c4-2a8a-441c-990b-1efc1843773d"
100,100,1,1191,0,100,100,0,90,130.76276255404218,70,"Commercial","US","UNKNOWN_THREAT","UNKNOWN",0,0,0,0,0,1,0,0,0,1,1191,1,0,"indicator--523ca222-cf08-4d05-9931-0ae0feedbcea"
100,100,1,34,0,100,100,0,70,115.44068044350276,60,"Data Center/Web Hosting/Transit","US","ABUSIVE_ACTOR","CLOUD",0,0,0,0,0,1,0,0,0,1,34,1,0,"indicator--75b6fb98-9481-4940-86a7-eec0cc6702d4"
38,38,1,61,0,38,38,0,65,55.92391689498254,60,"Data Center/Web Hosting/Transit","US","ABUSIVE_ACTOR","CLOUD",0,0,0,0,0,1,0,0,0,1,61,1,0,"indicator--0befd4b5-9ad5-4100-add6-6f6bf03e2dc4"
100,100,1,627,4,100,100,0,95,131.97959643737195,85,"Data Center/Web Hosting/Transit","US","SCANNER","DATACENTER",0,0,0,0,0,1,1,0,0,1,125.4,1,0,"indicator--fdc8a78b-90c4-49ef-9a1b-3b2198e15785"
100,100,1,1207,8,100,100,0,95,138.82066934285112,85,"Data Center/Web Hosting/Transit","NL","MALICIOUS_BOT","DATACENTER",0,0,0,0,0,1,1,0,0,1,134.11111111111111,1,0,"indicator--d2d98968-db90-45e2-a463-577d1eee2b76"
100,100,1,637,7,100,100,0,95,135.04820678721163,85,"Data Center/Web Hosting/Transit","NL","MALICIOUS_BOT","DATACENTER",0,0,0,0,0,1,1,0,0,1,79.625,1,0,"indicator--879abb49-11a1-457a-a2c5-3d649d21a00e"
100,100,1,365,1,100,100,0,95,126.6348108539441,85,"Data Center/Web Hosting/Transit","US","SCANNER","CLOUD",0,0,0,0,0,1,1,0,0,1,182.5,1,0,"indicator--3d982a12-3104-403a-b7c6-25b84fd52c25"
26,41,1,8,2,26,41,0,65,62.54242509439325,70,"Data Center/Web Hosting/Transit","SG","ABUSIVE_ACTOR","DATACENTER",1,0,0,0,0,1,1,0,1,1,2.6666666666666665,1,0,"indicator--6ee548c8-598e-4f15-9e68-0638209db5be"
33,33,1,9,0,33,33,0,0,43,50,"Fixed Line ISP","CN","UNKNOWN_THREAT","RESIDENTIAL",0,0,1,0,0,1,0,0,0,1,9,1,0,"indicator--67c3c7d9-4377-436c-a5d5-dbc06ad73f26"
100,100,1,30,0,100,100,0,65,114.91361693834273,50,"Unknown","NL","UNKNOWN_THREAT","UNKNOWN",0,0,0,0,0,1,0,0,0,1,30,1,0,"indicator--5db3127b-aa7f-498f-91d7-763c6ad76429"
94,100,1,38,1,94,100,0,80,110.91064607026499,75,"Data Center/Web Hosting/Transit","US","ABUSIVE_ACTOR","CLOUD",0,0,0,0,0,1,1,0,0,1,19,1,0,"indicator--e8bdd074-f1d7-43e2-9bce-c6d74d069a9e"
35,50,1,9,2,35,50,0,65,72,70,"Data Center/Web Hosting/Transit","SG","ABUSIVE_ACTOR","DATACENTER",1,0,0,0,0,1,1,0,1,1,3,1,0,"indicator--0d1da429-276f-4bb0-905a-e58d6acf7210"
0,80,0,0,0,0,80,0,0,0,0,"unknown","unknown","unknown","unknown",0,0,0,0,0,0,0,0,0,0,0,0,0,"indicator--threatfox-04b0afd2-6947-5e84-a1ea-98fb0ebcc5f2"
52,52,1,22,0,52,52,0,0,65.61727836017593,50,"Data Center/Web Hosting/Transit","LT","ABUSIVE_ACTOR","DATACENTER",0,0,0,0,0,1,0,0,0,1,22,1,0,"indicator--edda7767-d409-4891-bc6e-3b3be3d8c63c"
40,40,1,40,0,40,40,0,65,56.12783856719736,50,"Data Center/Web Hosting/Transit","US","ABUSIVE_ACTOR","CLOUD",0,0,0,0,0,1,0,0,0,1,40,1,0,"indicator--4fbc5a32-7153-4df2-8273-a2d936f9b962"
100,100,1,163,4,100,100,0,90,126.14843848047698,85,"Fixed Line ISP","CN","UNKNOWN_THREAT","RESIDENTIAL",0,0,1,0,0,1,1,0,0,1,32.6,1,0,"indicator--a1c83a45-cf9f-473c-8097-ba192c6e2e63"
45,45,1,67,0,45,45,0,65,63.32508912706236,60,"Data Center/Web Hosting/Transit","US","ABUSIVE_ACTOR","CLOUD",0,0,0,0,0,1,0,0,0,1,67,1,0,"indicator--7d078152-b778-4846-bc9d-2bdd573ae2a0"
48,48,1,25,0,48,48,0,65,62.14973347970818,50,"Data Center/Web Hosting/Transit","US","ABUSIVE_ACTOR","CLOUD",0,0,0,0,0,1,0,0,0,1,25,1,0,"indicator--78a5f894-270f-4fb9-b70f-a47b96627fc6"
41,41,1,72,0,41,41,0,65,59.63322860120456,60,"Data Center/Web Hosting/Transit","US","ABUSIVE_ACTOR","CLOUD",0,0,0,0,0,1,0,0,0,1,72,1,0,"indicator--b766f46a-d599-4b96-a8f1-51d99aa422c7"
100,100,1,50,0,100,100,0,70,117.07570176097937,60,"Data Center/Web Hosting/Transit","US","ABUSIVE_ACTOR","CLOUD",0,0,0,0,0,1,0,0,0,1,50,1,0,"indicator--7377dcd8-b72a-49b1-aeab-34c119e1db9d"
100,100,1,448,0,100,100,0,90,126.52246341003323,70,"Data Center/Web Hosting/Transit","US","SCANNER","DATACENTER",0,0,0,0,0,1,0,0,0,1,448,1,0,"indicator--d74274ab-51d9-43a3-a505-30cf5fa855dd"
65,65,1,12,0,65,65,0,65,76.13943352306836,50,"Data Center/Web Hosting/Transit","CA","ABUSIVE_ACTOR","CLOUD",0,0,0,0,0,1,0,0,0,1,12,1,0,"indicator--3a09952c-b908-49ab-95c7-80cbcdb89df9"
37,37,1,44,0,37,37,0,0,53.53212513775344,50,"Fixed Line ISP","CN","UNKNOWN_THREAT","RESIDENTIAL",0,0,1,0,0,1,0,0,0,1,44,1,0,"indicator--e68a84fa-031a-4f30-abf1-5d320de88b0a"
100,100,1,125,1,100,100,0,80,122.00370545117563,85,"Data Center/Web Hosting/Transit","SG","SCANNER","CLOUD",0,0,0,0,0,1,1,0,0,1,62.5,1,1,"indicator--3b9b606f-a09c-42eb-a818-b2c6a2dd927c"
43,43,1,60,0,43,43,0,65,60.85329835010767,60,"Data Center/Web Hosting/Transit","US","ABUSIVE_ACTOR","CLOUD",0,0,0,0,0,1,0,0,0,1,60,1,0,"indicator--dda357ca-dcb5-42c1-9bd7-44eb8d9afd97"
46,46,1,60,0,46,46,0,65,63.85329835010767,60,"Data Center/Web Hosting/Transit","US","ABUSIVE_ACTOR","CLOUD",0,0,0,0,0,1,0,0,0,1,60,1,0,"indicator--d07b1884-c037-4e8f-b448-665d547c87d5"
100,100,1,469,0,100,100,0,90,126.72097857935718,70,"Data Center/Web Hosting/Transit","US","SCANNER","DATACENTER",0,0,0,0,0,1,0,0,0,1,469,1,0,"indicator--338cf694-4bb2-4913-9669-cf219b839cd8"
34,34,1,23,0,34,34,0,65,47.802112417116064,50,"Data Center/Web Hosting/Transit","US","ABUSIVE_ACTOR","CLOUD",0,0,0,0,0,1,0,0,0,1,23,1,0,"indicator--b9eb1af7-51a8-42de-ae7c-6e6fa6adaa9f"
100,100,1,103,1,100,100,0,85,121.1703333929878,85,"Data Center/Web Hosting/Transit","US","SCANNER","CLOUD",0,0,0,0,0,1,1,0,0,1,51.5,1,0,"indicator--19af4ae9-4f52-48bb-b9eb-e2c4566f94e2"
38,38,1,46,0,38,38,0,65,54.72097857935718,50,"Data Center/Web Hosting/Transit","US","ABUSIVE_ACTOR","CLOUD",0,0,0,0,0,1,0,0,0,1,46,1,0,"indicator--1387a5d0-d0eb-430c-a1b8-4bf67876262a"
100,100,1,155,0,100,100,0,80,121.93124598354461,70,"Fixed Line ISP","CN","UNKNOWN_THREAT","RESIDENTIAL",0,0,1,0,0,1,0,0,0,1,155,1,0,"indicator--9569883e-dbc1-4974-bcbb-44a679966c85"
59,59,1,138,0,59,59,0,75,80.43014800254095,60,"Data Center/Web Hosting/Transit","US","SCANNER","CLOUD",0,0,0,0,0,1,0,0,0,1,138,1,0,"indicator--cbfa3a2c-72e1-4269-9a4e-6865d55f5c98"
33,38,1,20,0,33,38,0,65,71.2221929473392,55,"Data Center/Web Hosting/Transit","HK","ABUSIVE_ACTOR","DATACENTER",1,0,0,0,0,1,0,0,1,1,20,1,0,"indicator--797dabbc-3583-43fb-b518-ed09aff80408"
41,41,1,77,0,41,41,0,65,59.9209460269048,60,"Data Center/Web Hosting/Transit","US","ABUSIVE_ACTOR","CLOUD",0,0,0,0,0,1,0,0,0,1,77,1,0,"indicator--488b8aa9-f3b0-4503-9681-238b1b8cf9fb"
100,100,1,815,4,100,100,0,95,133.11690158753862,85,"Data Center/Web Hosting/Transit","BR","SCANNER","DATACENTER",0,0,0,0,0,1,1,0,0,1,163,1,0,"indicator--f9d9c014-c976-4765-8567-a04d80bb8938"
38,38,1,6,0,38,38,0,65,46.45098040014257,50,"Data Center/Web Hosting/Transit","US","ABUSIVE_ACTOR","CLOUD",0,0,0,0,0,1,0,0,0,1,6,1,0,"indicator--ed09fc8f-52cd-4b8c-8821-142c065c5712"
100,100,1,493,10,100,100,0,95,136.93726948923648,85,"Data Center/Web Hosting/Transit","NL","MALICIOUS_BOT","DATACENTER",0,0,0,0,0,1,1,0,0,1,44.81818181818182,1,0,"indicator--6a482887-1630-4186-9b5b-643c397d4b10"
40,40,1,14,0,40,40,0,65,51.76091259055681,50,"Data Center/Web Hosting/Transit","US","ABUSIVE_ACTOR","CLOUD",0,0,0,0,0,1,0,0,0,1,14,1,0,"indicator--25d25e8c-d8c0-4636-9c5d-e5c777ff743d"
54,54,1,30,0,54,54,0,65,68.91361693834273,50,"Data Center/Web Hosting/Transit","US","ABUSIVE_ACTOR","CLOUD",0,0,0,0,0,1,0,0,0,1,30,1,0,"indicator--c6d59fee-4929-41c3-a87a-e57c2bd00598"
42,42,1,70,0,42,42,0,65,60.51258348719075,60,"Data Center/Web Hosting/Transit","US","ABUSIVE_ACTOR","CLOUD",0,0,0,0,0,1,0,0,0,1,70,1,0,"indicator--53a7e2af-0d27-4975-bdb0-7ee4b13e821c"
31,31,1,5,0,31,31,0,65,38.78151250383644,50,"Data Center/Web Hosting/Transit","GB","ABUSIVE_ACTOR","CLOUD",0,0,0,0,0,1,0,0,0,1,5,1,0,"indicator--fbc26169-4f07-41a6-bc84-090d259233b4"
43,43,1,63,0,43,43,0,65,61.061799739838875,60,"Data Center/Web Hosting/Transit","US","ABUSIVE_ACTOR","CLOUD",0,0,0,0,0,1,0,0,0,1,63,1,0,"indicator--99dd271e-1bb8-4661-8605-bf2eede477e9"
42,52,1,56,1,42,52,0,0,60.558748556724915,75,"Data Center/Web Hosting/Transit","HK","ABUSIVE_ACTOR","DATACENTER",0,0,0,0,0,1,1,0,0,1,28,1,0,"indicator--1015fe27-f5cc-4141-9e24-3f76622262c8"
100,100,1,1205,0,100,100,0,90,130.81347307804134,70,"Data Center/Web Hosting/Transit","US","SCANNER","DATACENTER",0,0,0,0,0,1,0,0,0,1,1205,1,0,"indicator--ddc90b8a-0290-4d13-a977-9d83c17a9cc5"
100,100,1,35,3,100,100,0,80,118.56302500767288,75,"Data Center/Web Hosting/Transit","IN","ABUSIVE_ACTOR","CLOUD",0,0,0,0,0,1,1,0,0,1,8.75,1,1,"indicator--1a8dfdd1-12be-465f-a3f6-b8ba22aebfae"
100,100,1,59,3,100,100,0,80,120.78151250383644,85,"Data Center/Web Hosting/Transit","PL","ABUSIVE_ACTOR","DATACENTER",0,0,0,0,0,1,1,0,0,1,14.75,1,0,"indicator--13518f6f-0a5a-49f3-a94f-fa3c7f694ca6"
44,49,1,19,0,44,49,0,65,82.01029995663981,55,"Data Center/Web Hosting/Transit","US","ABUSIVE_ACTOR","DATACENTER",1,0,0,0,0,1,0,0,1,1,19,1,0,"indicator--7000267f-2547-4beb-a67f-dddb3216b352"
30,30,1,15,0,30,30,0,65,42.04119982655925,50,"Data Center/Web Hosting/Transit","US","ABUSIVE_ACTOR","CLOUD",0,0,0,0,0,1,0,0,0,1,15,1,0,"indicator--73637dad-8b16-4748-a274-14afc84c2448"
48,48,1,80,0,48,48,0,65,67.0848501887865,60,"Data Center/Web Hosting/Transit","US","ABUSIVE_ACTOR","CLOUD",0,0,0,0,0,1,0,0,0,1,80,1,0,"indicator--619bf25e-b05f-4a5b-a477-6d8070ff4076"
49,49,1,52,0,49,49,0,65,66.24275869600788,60,"Data Center/Web Hosting/Transit","US","ABUSIVE_ACTOR","CLOUD",0,0,0,0,0,1,0,0,0,1,52,1,0,"indicator--693412ec-4fb5-445e-927e-3de29045775e"
42,42,1,25,0,42,42,0,65,56.14973347970818,50,"Data Center/Web Hosting/Transit","US","ABUSIVE_ACTOR","CLOUD",0,0,0,0,0,1,0,0,0,1,25,1,0,"indicator--b7749e40-e428-4b8d-9ba3-6e507835a856"
40,40,1,59,0,40,40,0,65,57.78151250383644,60,"Data Center/Web Hosting/Transit","ES","ABUSIVE_ACTOR","CLOUD",0,0,0,0,0,1,0,0,0,1,59,1,0,"indicator--ad5152db-c089-4562-ab25-1fdb7e0d819b"
100,100,1,115,3,100,100,0,90,123.64457989226918,85,"Data Center/Web Hosting/Transit","US","SCANNER","DATACENTER",0,0,0,0,0,1,1,0,0,1,28.75,1,0,"indicator--0640920d-94a1-4521-9a93-d52fe5eab789"
31,36,1,85,0,31,36,0,65,75.34498451243567,65,"Data Center/Web Hosting/Transit","SG","ABUSIVE_ACTOR","DATACENTER",1,0,0,0,0,1,0,0,1,1,85,1,0,"indicator--87ec6e9b-63b9-49f2-b6fa-44d16634c7ea"
42,42,1,47,0,42,42,0,65,58.812412373755876,50,"Data Center/Web Hosting/Transit","PL","ABUSIVE_ACTOR","CLOUD",0,0,0,0,0,1,0,0,0,1,47,1,0,"indicator--39fb4fb5-88df-48b9-87d5-14dee33a91e1"
73,73,1,71,0,73,73,0,65,91.57332496431269,60,"Data Center/Web Hosting/Transit","US","ABUSIVE_ACTOR","CLOUD",0,0,0,0,0,1,0,0,0,1,71,1,0,"indicator--4658d8e5-948d-42ef-b5b4-25c948bceab6"
53,63,1,40,4,53,63,0,65,73.12783856719736,65,"Data Center/Web Hosting/Transit","RU","ABUSIVE_ACTOR","DATACENTER",0,0,0,0,0,1,1,0,0,1,8,1,0,"indicator--c3b1643b-72f4-4522-830c-4ae005083466"
32,32,1,18,0,32,32,0,65,44.78753600952829,50,"Data Center/Web Hosting/Transit","US","ABUSIVE_ACTOR","CLOUD",0,0,0,0,0,1,0,0,0,1,18,1,0,"indicator--067c1727-fb26-4049-b135-be379d21e36d"
61,61,1,52,0,61,61,0,0,78.24275869600788,60,"Data Center/Web Hosting/Transit","FR","ABUSIVE_ACTOR","DATACENTER",0,0,0,0,0,1,0,0,0,1,52,1,0,"indicator--f6f902fb-18d6-412b-a9b1-3ced6d66be6f"
86,86,1,71,0,86,86,0,0,104.57332496431269,70,"Fixed Line ISP","US","UNKNOWN_THREAT","RESIDENTIAL",0,0,1,0,0,1,0,0,0,1,71,1,0,"indicator--c139ca1c-ea0b-4fc1-8c83-667809f0e1e6"
52,52,1,80,0,52,52,0,65,71.0848501887865,60,"Data Center/Web Hosting/Transit","US","ABUSIVE_ACTOR","CLOUD",0,0,0,0,0,1,0,0,0,1,80,1,0,"indicator--0e6c6127-36e4-45d1-b8cb-6ba2758fa537"
69,74,1,137,0,69,74,0,75,115.39879086401237,65,"Data Center/Web Hosting/Transit","SG","SCANNER","DATACENTER",1,0,0,0,0,1,0,0,1,1,137,1,0,"indicator--6a3bb6c5-44fc-4330-a57a-f4104423ef70"
70,80,1,22,2,70,80,0,70,85.61727836017593,65,"Data Center/Web Hosting/Transit","US","ABUSIVE_ACTOR","CLOUD",0,0,0,0,0,1,1,0,0,1,7.333333333333333,1,0,"indicator--f64446ae-518e-43ae-9ee1-155ce030e928"
50,50,1,64,0,50,50,0,65,68.12913356642855,60,"Data Center/Web Hosting/Transit","US","ABUSIVE_ACTOR","CLOUD",0,0,0,0,0,1,0,0,0,1,64,1,0,"indicator--0c472285-9548-4e75-bf1c-4ac3b1222a73"
40,40,1,66,0,40,40,0,65,58.26074802700826,60,"Data Center/Web Hosting/Transit","US","ABUSIVE_ACTOR","CLOUD",0,0,0,0,0,1,0,0,0,1,66,1,0,"indicator--dadbf754-b4f6-4ec1-a187-1718c0197e7d"
100,100,1,1035,0,100,100,0,90,130.15359755409213,70,"Data Center/Web Hosting/Transit","US","SCANNER","DATACENTER",0,0,0,0,0,1,0,0,0,1,1035,1,0,"indicator--2736cb4c-e583-4cbc-9535-588f76181da1"
42,42,1,51,0,42,42,0,65,59.16003343634799,60,"Data Center/Web Hosting/Transit","ES","ABUSIVE_ACTOR","CLOUD",0,0,0,0,0,1,0,0,0,1,51,1,0,"indicator--72682fdc-189c-4590-a47a-a842e22847e5"
47,47,1,53,0,47,47,0,65,64.32393759822969,60,"Data Center/Web Hosting/Transit","ES","ABUSIVE_ACTOR","CLOUD",0,0,0,0,0,1,0,0,0,1,53,1,0,"indicator--107696ab-c362-47f0-80a3-4ed326875f01"
40,40,1,66,0,40,40,0,65,58.26074802700826,60,"Data Center/Web Hosting/Transit","US","ABUSIVE_ACTOR","CLOUD",0,0,0,0,0,1,0,0,0,1,66,1,0,"indicator--f7805964-4f1b-435a-839e-9da822a0b68c"
52,52,1,57,0,52,52,0,65,69.63427993562937,60,"Data Center/Web Hosting/Transit","ES","ABUSIVE_ACTOR","CLOUD",0,0,0,0,0,1,0,0,0,1,57,1,0,"indicator--315c1c29-dd90-421b-8c92-4a3a5621a22d"
100,100,1,512,4,100,100,0,95,131.10117365111816,85,"Data Center/Web Hosting/Transit","US","SCANNER","CLOUD",0,0,0,0,0,1,1,0,0,1,102.4,1,0,"indicator--fb390892-e881-4f79-bdf7-064738e2b821"
33,33,1,15,0,33,33,0,65,45.04119982655925,50,"Data Center/Web Hosting/Transit","US","ABUSIVE_ACTOR","CLOUD",0,0,0,0,0,1,0,0,0,1,15,1,0,"indicator--7fab9230-189d-4b0b-a67c-bea664977564"
55,55,1,21,0,55,55,0,0,68.42422680822206,50,"Data Center/Web Hosting/Transit","FR","ABUSIVE_ACTOR","DATACENTER",0,0,0,0,0,1,0,0,0,1,21,1,0,"indicator--6e2262de-e3a4-47f6-a0bb-e68bdc3a40a1"
32,32,1,16,0,32,32,0,0,44.30448921378274,50,"Data Center/Web Hosting/Transit","US","ABUSIVE_ACTOR","DATACENTER",0,0,0,0,0,1,0,0,0,1,16,1,0,"indicator--4dfee32f-ffcf-4a38-a834-b958ebcbc556"
30,35,1,10,0,30,35,0,65,65.41392685158225,55,"Data Center/Web Hosting/Transit","US","ABUSIVE_ACTOR","DATACENTER",1,0,0,0,0,1,0,0,1,1,10,1,0,"indicator--9be74dce-b7b1-4202-9862-0755b1140987"
46,61,1,26,2,46,61,0,65,87.31363764158988,70,"Data Center/Web Hosting/Transit","HK","ABUSIVE_ACTOR","DATACENTER",1,0,0,0,0,1,1,0,1,1,8.666666666666666,1,0,"indicator--85f5dccd-e30a-4489-b22d-74e8631f841d"
31,31,1,12,0,31,31,0,65,42.13943352306837,50,"Data Center/Web Hosting/Transit","US","ABUSIVE_ACTOR","CLOUD",0,0,0,0,0,1,0,0,0,1,12,1,0,"indicator--26a0e7b5-0ee9-4180-9428-544c9b4067df"
46,46,1,35,0,46,46,0,65,61.56302500767288,50,"Data Center/Web Hosting/Transit","US","ABUSIVE_ACTOR","CLOUD",0,0,0,0,0,1,0,0,0,1,35,1,0,"indicator--d62db0c7-a7d6-44e7-84a3-a65366b69e4e"
64,64,1,12,0,64,64,0,65,75.13943352306836,50,"Data Center/Web Hosting/Transit","US","ABUSIVE_ACTOR","CLOUD",0,0,0,0,0,1,0,0,0,1,12,1,0,"indicator--3ac6d514-0c9d-4dd3-942c-99d6099810bf"
38,38,1,54,0,38,38,0,65,55.403626894942434,60,"Data Center/Web Hosting/Transit","US","ABUSIVE_ACTOR","CLOUD",0,0,0,0,0,1,0,0,0,1,54,1,0,"indicator--d5fb2681-448f-4484-bffa-b89f949ba2e6"
38,38,1,57,0,38,38,0,65,55.63427993562937,60,"Data Center/Web Hosting/Transit","BR","ABUSIVE_ACTOR","CLOUD",0,0,0,0,0,1,0,0,0,1,57,1,0,"indicator--83fc32a8-68e1-42f2-8da2-f8febe455951"
42,42,1,48,0,42,42,0,65,58.90196080028514,50,"Data Center/Web Hosting/Transit","ES","ABUSIVE_ACTOR","CLOUD",0,0,0,0,0,1,0,0,0,1,48,1,0,"indicator--e0d5ed75-9670-4f9a-bbcf-a6fec738b51c"
0,80,0,0,0,0,80,0,0,0,0,"unknown","unknown","unknown","unknown",0,0,0,0,0,0,0,0,0,0,0,0,0,"indicator--threatfox-e6a7d5bf-9bec-548a-a204-460d4d79c110"
0,80,0,0,0,0,80,0,0,0,0,"unknown","unknown","unknown","unknown",0,0,0,0,0,0,0,0,0,0,0,0,0,"indicator--threatfox-7026d4e4-32fd-5e32-8b48-9860a9df66c2"
0,80,0,0,0,0,80,0,0,0,0,"unknown","unknown","unknown","unknown",0,0,0,0,0,0,0,0,0,0,0,0,0,"indicator--threatfox-d2ab9dbd-58a5-5f71-9e78-6b4d797ac392"
100,100,1,689,0,100,100,0,90,128.38849090737256,70,"Data Center/Web Hosting/Transit","GB","SCANNER","CLOUD",0,0,0,0,0,1,0,0,0,1,689,1,0,"indicator--3d29caac-e59e-4c89-8063-7ec49771c1b9"
37,37,1,6,0,37,37,0,65,45.45098040014257,50,"Data Center/Web Hosting/Transit","US","ABUSIVE_ACTOR","CLOUD",0,0,0,0,0,1,0,0,0,1,6,1,0,"indicator--ca66764c-5c42-4a16-9a50-d9b04d7a47ae"
34,34,1,15,0,34,34,0,65,46.04119982655925,50,"Data Center/Web Hosting/Transit","SG","ABUSIVE_ACTOR","CLOUD",0,0,0,0,0,1,0,0,0,1,15,1,0,"indicator--7bd1de97-2c59-4670-a1cd-613e21c5c85d"
100,100,1,427,0,100,100,0,95,126.31443769013173,70,"Data Center/Web Hosting/Transit","US","SCANNER","CLOUD",0,0,0,0,0,1,0,0,0,1,427,1,0,"indicator--61e51e4e-3e8b-47cb-8cb2-3ff5a05c2326"
100,100,1,714,4,100,100,0,95,132.5430604180108,85,"Data Center/Web Hosting/Transit","US","SCANNER","DATACENTER",0,0,0,0,0,1,1,0,0,1,142.8,1,0,"indicator--db596378-ca7c-421e-89ea-e5e2f381f671"
52,52,1,158,0,52,52,0,85,74.01397124320451,60,"Data Center/Web Hosting/Transit","US","SCANNER","CLOUD",0,0,0,0,0,1,0,0,0,1,158,1,0,"indicator--a97b2c9e-1f23-40e3-8ccc-9ecc076d9327"
0,80,0,0,0,0,80,0,0,0,0,"unknown","unknown","unknown","unknown",0,0,0,0,0,0,0,0,0,0,0,0,0,"indicator--threatfox-d311cd1f-cd85-50b1-9f95-af57539394d7"
35,40,1,20,0,35,40,0,65,73.2221929473392,55,"Data Center/Web Hosting/Transit","HK","ABUSIVE_ACTOR","DATACENTER",1,0,0,0,0,1,0,0,1,1,20,1,0,"indicator--bed545ea-2a0a-4036-8b02-01a549ce2aa8"
100,100,1,392,9,100,100,0,95,134.94392550375426,85,"Data Center/Web Hosting/Transit","NL","MALICIOUS_BOT","DATACENTER",0,0,0,0,0,1,1,0,0,1,39.2,1,0,"indicator--0ff7506d-0cb7-4fdd-8705-91590d4335d4"
42,42,1,78,0,42,42,0,65,60.97627091290441,60,"Data Center/Web Hosting/Transit","US","ABUSIVE_ACTOR","CLOUD",0,0,0,0,0,1,0,0,0,1,78,1,0,"indicator--ee7bb00f-fdf6-489f-9968-616f8c14438e"
45,50,1,16,0,45,50,0,65,82.30448921378274,55,"Data Center/Web Hosting/Transit","US","ABUSIVE_ACTOR","DATACENTER",1,0,0,0,0,1,0,0,1,1,16,1,0,"indicator--61c1e2e4-b0ee-491c-beb0-75753b643ac2"
67,67,1,16,0,67,67,0,65,79.30448921378274,50,"Data Center/Web Hosting/Transit","US","ABUSIVE_ACTOR","CLOUD",0,0,0,0,0,1,0,0,0,1,16,1,0,"indicator--8cdf7f6f-d028-4ffc-b74e-5b264c776d72"
59,59,1,12,0,59,59,0,0,70.13943352306836,50,"Data Center/Web Hosting/Transit","PL","ABUSIVE_ACTOR","DATACENTER",0,0,0,0,0,1,0,0,0,1,12,1,0,"indicator--7778f2f9-b9f2-48de-8285-f96ec5950930"
100,100,1,73,0,100,100,0,65,118.69231719730976,70,"Fixed Line ISP","US","UNKNOWN_THREAT","RESIDENTIAL",0,0,1,0,0,1,0,0,0,1,73,1,0,"indicator--0df3bb64-def5-46a7-ba4c-fe540b5fc6ac"
53,68,1,11,1,53,68,0,65,89.79181246047625,70,"Data Center/Web Hosting/Transit","US","ABUSIVE_ACTOR","DATACENTER",1,0,0,0,0,1,1,0,1,1,5.5,1,1,"indicator--ae28de97-b604-4572-bbd6-3536e72a5979"
57,57,1,43,0,57,57,0,0,73.43452676486187,50,"Fixed Line ISP","US","UNKNOWN_THREAT","RESIDENTIAL",0,0,1,0,0,1,0,0,0,1,43,1,0,"indicator--3f3a31d4-f345-4ee5-9c3f-924d8abbe65c"
0,80,0,0,0,0,80,0,0,0,0,"unknown","unknown","unknown","unknown",0,0,0,0,0,0,0,0,0,0,0,0,0,"indicator--threatfox-c1b43c20-436b-52ef-a176-5286f55829f3"
42,42,1,47,0,42,42,0,65,58.812412373755876,50,"Data Center/Web Hosting/Transit","US","ABUSIVE_ACTOR","CLOUD",0,0,0,0,0,1,0,0,0,1,47,1,0,"indicator--daa9dc4e-30df-4bac-84b8-f4f7cd3f6a29"
0,80,0,0,0,0,80,0,0,0,0,"unknown","unknown","unknown","unknown",0,0,0,0,0,0,0,0,0,0,0,0,0,"indicator--threatfox-e60b7398-d92c-52a1-be9a-4988cd0253dc"
100,100,1,720,5,100,100,0,95,133.5793526471943,85,"Data Center/Web Hosting/Transit","DE","SCANNER","DATACENTER",0,0,0,0,0,1,1,0,0,1,120,1,0,"indicator--4d92d12c-c32c-451a-a0ef-44f4537bfab0"
0,80,0,0,0,0,80,0,0,0,0,"unknown","unknown","unknown","unknown",0,0,0,0,0,0,0,0,0,0,0,0,0,"indicator--threatfox-26cb458e-a234-586f-a278-3c04cfda00c3"
100,100,1,139,0,100,100,0,70,121.46128035678238,70,"Fixed Line ISP","CN","UNKNOWN_THREAT","RESIDENTIAL",0,0,1,0,0,1,0,0,0,1,139,1,0,"indicator--6140f5e8-9642-44e2-9a38-5589b911a1c1"
42,47,1,24,0,42,47,0,65,80.97940008672037,55,"Data Center/Web Hosting/Transit","HK","ABUSIVE_ACTOR","DATACENTER",1,0,0,0,0,1,0,0,1,1,24,1,0,"indicator--09a901a8-ab03-4357-888d-ac073fd4f5bb"
30,40,1,5,1,30,40,0,65,38.78151250383644,65,"Data Center/Web Hosting/Transit","US","ABUSIVE_ACTOR","CLOUD",0,0,0,0,0,1,1,0,0,1,2.5,1,0,"indicator--211ac0ef-6f36-4fb5-8bd0-71c39f94c2fc"
100,100,1,35,1,100,100,0,80,116.56302500767288,75,"Data Center/Web Hosting/Transit","US","ABUSIVE_ACTOR","CLOUD",0,0,0,0,0,1,1,0,0,1,17.5,1,0,"indicator--95b6f9c4-0d3b-4984-966e-2bf6f697c7f6"
100,100,1,141,1,100,100,0,85,122.52288344383057,85,"Data Center/Web Hosting/Transit","US","SCANNER","CLOUD",0,0,0,0,0,1,1,0,0,1,70.5,1,0,"indicator--038f5475-e21b-4ed7-a726-7283280942ee"
47,47,1,66,0,47,47,0,65,65.26074802700826,60,"Data Center/Web Hosting/Transit","ES","ABUSIVE_ACTOR","CLOUD",0,0,0,0,0,1,0,0,0,1,66,1,0,"indicator--69bdf000-6d76-4586-9085-286d6047c0a2"
0,80,0,0,0,0,80,0,0,0,0,"unknown","unknown","unknown","unknown",0,0,0,0,0,0,0,0,0,0,0,0,0,"indicator--threatfox-b988f3cd-3c85-50e4-b0ac-6de219275def"
40,45,1,22,0,40,45,0,65,78.61727836017593,55,"Data Center/Web Hosting/Transit","HK","ABUSIVE_ACTOR","DATACENTER",1,0,0,0,0,1,0,0,1,1,22,1,0,"indicator--1005757d-e411-491a-bcd7-3e341c4377df"
31,31,1,41,0,31,31,0,65,47.23249290397901,50,"Data Center/Web Hosting/Transit","BR","ABUSIVE_ACTOR","CLOUD",0,0,0,0,0,1,0,0,0,1,41,1,0,"indicator--8623d699-e79c-433f-8e2d-80437e9242ec"
0,80,0,0,0,0,80,0,0,0,0,"unknown","unknown","unknown","unknown",0,0,0,0,0,0,0,0,0,0,0,0,0,"indicator--threatfox-387d5420-5d74-5684-97b3-b82fb40824c7"
100,100,1,217,0,100,100,0,85,123.38456493604605,70,"Data Center/Web Hosting/Transit","FR","SCANNER","DATACENTER",0,0,0,0,0,1,0,0,0,1,217,1,0,"indicator--776eef05-2fda-41e7-a3c7-8f3a449591ce"
0,80,0,0,0,0,80,0,0,0,0,"unknown","unknown","unknown","unknown",0,0,0,0,0,0,0,0,0,0,0,0,0,"indicator--threatfox-eec3dde8-7b0b-501c-88f0-6fbf6f5aa3f2"
100,100,1,1058,0,100,100,0,90,130.24895960107486,70,"Commercial","US","UNKNOWN_THREAT","UNKNOWN",0,0,0,0,0,1,0,0,0,1,1058,1,0,"indicator--8773aae9-2a65-4c24-965b-728bf5a28d4a"
31,46,1,9,2,31,46,0,65,68,70,"Data Center/Web Hosting/Transit","SG","ABUSIVE_ACTOR","DATACENTER",1,0,0,0,0,1,1,0,1,1,3,1,0,"indicator--844a6702-d5f5-462a-aa09-2583d0c2184d"
0,80,0,0,0,0,80,0,0,0,0,"unknown","unknown","unknown","unknown",0,0,0,0,0,0,0,0,0,0,0,0,0,"indicator--threatfox-47caebbb-b7e8-5cc1-a73f-6ce290646480"
100,100,1,1210,13,100,100,0,95,143.83144143143053,85,"Data Center/Web Hosting/Transit","GB","MALICIOUS_BOT","DATACENTER",0,0,0,0,0,1,1,0,0,1,86.42857142857143,1,0,"indicator--14216d52-8ddf-49de-8138-3e30e6c11cf9"
50,50,1,80,0,50,50,0,65,69.0848501887865,60,"Data Center/Web Hosting/Transit","US","ABUSIVE_ACTOR","CLOUD",0,0,0,0,0,1,0,0,0,1,80,1,0,"indicator--a6f19d2f-a366-49bf-a8d8-14dfdd725940"
37,37,1,18,0,37,37,0,65,49.78753600952829,50,"Data Center/Web Hosting/Transit","US","ABUSIVE_ACTOR","CLOUD",0,0,0,0,0,1,0,0,0,1,18,1,0,"indicator--c72b54e1-1259-4443-a7ce-353c2893bbe6"
39,39,1,23,0,39,39,0,0,52.802112417116064,50,"Data Center/Web Hosting/Transit","US","ABUSIVE_ACTOR","DATACENTER",0,0,0,0,0,1,0,0,0,1,23,1,0,"indicator--e6bb25bc-daaa-428a-9ae3-85dcff05333c"
100,100,1,905,0,100,100,0,90,129.57128197676812,70,"Data Center/Web Hosting/Transit","NL","SCANNER","DATACENTER",0,0,0,0,0,1,0,0,0,1,905,1,0,"indicator--b221f657-addd-4e25-9763-a70988dee04b"
65,65,1,43,0,65,65,0,0,81.43452676486187,50,"Fixed Line ISP","US","UNKNOWN_THREAT","RESIDENTIAL",0,0,1,0,0,1,0,0,0,1,43,1,0,"indicator--cd6f16f6-73bd-482f-ab63-fa6766f6b038"
0,80,0,0,0,0,80,0,0,0,0,"unknown","unknown","unknown","unknown",0,0,0,0,0,0,0,0,0,0,0,0,0,"indicator--threatfox-d836ce7f-e8d6-5a17-9e07-d7ff3ad76f93"
100,100,1,293,13,100,100,0,95,137.68347330412158,85,"Fixed Line ISP","DE","MALICIOUS_BOT","RESIDENTIAL",0,0,1,0,0,1,1,0,0,1,20.928571428571427,1,0,"indicator--30199e5d-b5f6-4160-a7c7-cd45c41240a0"
44,44,1,46,0,44,44,0,65,60.72097857935718,50,"Data Center/Web Hosting/Transit","US","ABUSIVE_ACTOR","CLOUD",0,0,0,0,0,1,0,0,0,1,46,1,0,"indicator--8862890a-6526-4634-87ed-b2eb5ae1b4b3"
38,48,1,15,1,38,48,0,0,51.04119982655925,65,"Fixed Line ISP","CN","UNKNOWN_THREAT","RESIDENTIAL",0,0,1,0,0,1,1,0,0,1,7.5,1,0,"indicator--e18dd0da-80cb-4e2b-bc35-c68d01e739e4"
100,100,1,703,4,100,100,0,95,132.4757265914211,85,"Data Center/Web Hosting/Transit","US","SCANNER","DATACENTER",0,0,0,0,0,1,1,0,0,1,140.6,1,0,"indicator--8ea46673-ba89-4d08-9e9f-5e634f3b2e5e"
100,100,1,126,0,100,100,0,70,121.03803720955958,70,"Fixed Line ISP","CN","UNKNOWN_THREAT","RESIDENTIAL",0,0,1,0,0,1,0,0,0,1,126,1,0,"indicator--6a839d2a-0f0c-4ee8-99b9-9967f17f462d"
46,46,1,18,0,46,46,0,65,58.78753600952829,50,"Data Center/Web Hosting/Transit","US","ABUSIVE_ACTOR","CLOUD",0,0,0,0,0,1,0,0,0,1,18,1,0,"indicator--ac0972d9-9cc3-450d-a289-c5d927659f92"
64,79,1,154,4,64,79,0,90,114.90331698170291,80,"Data Center/Web Hosting/Transit","SG","SCANNER","DATACENTER",1,0,0,0,0,1,1,0,1,1,30.8,1,0,"indicator--cd946fbc-08ae-41fb-8c54-023b98d958e8"
41,46,1,13,0,41,46,0,65,77.46128035678238,55,"Data Center/Web Hosting/Transit","US","ABUSIVE_ACTOR","DATACENTER",1,0,0,0,0,1,0,0,1,1,13,1,0,"indicator--11a690bb-55a1-4b11-82d8-b34a7cb370e1"
38,38,1,29,0,38,38,0,65,52.771212547196626,50,"Data Center/Web Hosting/Transit","US","ABUSIVE_ACTOR","CLOUD",0,0,0,0,0,1,0,0,0,1,29,1,0,"indicator--047870f2-2848-4b40-9c00-962034177c7f"
76,76,1,51,0,76,76,0,0,93.16003343634799,60,"Data Center/Web Hosting/Transit","US","ABUSIVE_ACTOR","DATACENTER",0,0,0,0,0,1,0,0,0,1,51,1,0,"indicator--026d06fa-62ac-4c10-9a47-05da35756c83"
100,100,1,59,3,100,100,0,85,145.78151250383644,90,"Data Center/Web Hosting/Transit","CN","ABUSIVE_ACTOR","DATACENTER",1,0,0,0,0,1,1,0,1,1,14.75,1,1,"indicator--bfce3a15-c82c-40cc-9e27-9b97abbfe201"
100,100,1,133,0,100,100,0,70,121.27104798364807,70,"Data Center/Web Hosting/Transit","NL","SCANNER","DATACENTER",0,0,0,0,0,1,0,0,0,1,133,1,0,"indicator--74b42dd7-dd40-44fb-98d4-fee552bf2789"
0,80,0,0,0,0,80,0,0,0,0,"unknown","unknown","unknown","unknown",0,0,0,0,0,0,0,0,0,0,0,0,0,"indicator--threatfox-5a7d1b64-6bec-515f-8b26-cd5f1ab446b4"
45,50,1,13,0,45,50,0,65,81.46128035678238,55,"Data Center/Web Hosting/Transit","SG","ABUSIVE_ACTOR","DATACENTER",1,0,0,0,0,1,0,0,1,1,13,1,0,"indicator--e36491b5-ec49-41d7-8f00-1b07bdfdb73d"
42,42,1,19,0,42,42,0,65,55.01029995663981,50,"Data Center/Web Hosting/Transit","US","ABUSIVE_ACTOR","CLOUD",0,0,0,0,0,1,0,0,0,1,19,1,0,"indicator--6e406d13-cd27-4645-8a2c-88cb35766230"
25,35,1,8,1,25,35,0,65,35.54242509439325,65,"Data Center/Web Hosting/Transit","US","ABUSIVE_ACTOR","CLOUD",0,0,0,0,0,1,1,0,0,1,4,1,0,"indicator--b6341215-5b19-484d-ae2e-f97374c8f9ad"
100,100,1,431,0,100,100,0,90,126.35483746814913,70,"Data Center/Web Hosting/Transit","NL","SCANNER","DATACENTER",0,0,0,0,0,1,0,0,0,1,431,1,0,"indicator--e9ea4a4b-a904-462c-a354-eeb583e7fc99"
0,80,0,0,0,0,80,0,0,0,0,"unknown","unknown","unknown","unknown",0,0,0,0,0,0,0,0,0,0,0,0,0,"indicator--threatfox-d5db6094-516f-565d-a678-d0c20f833d88"
0,80,0,0,0,0,80,0,0,0,0,"unknown","unknown","unknown","unknown",0,0,0,0,0,0,0,0,0,0,0,0,0,"indicator--threatfox-5ac898f4-a646-5ccb-a56c-9341fcc1fcc6"
38,38,1,54,0,38,38,0,65,55.403626894942434,60,"Data Center/Web Hosting/Transit","US","ABUSIVE_ACTOR","CLOUD",0,0,0,0,0,1,0,0,0,1,54,1,0,"indicator--6195214d-d2e8-4665-8e60-9eb212af6f1a"
0,80,0,0,0,0,80,0,0,0,0,"unknown","unknown","unknown","unknown",0,0,0,0,0,0,0,0,0,0,0,0,0,"indicator--threatfox-d91b8752-fca8-5724-96b4-6b394450f08f"
68,83,1,28,2,68,83,0,70,109.62397997898955,70,"Data Center/Web Hosting/Transit","HK","ABUSIVE_ACTOR","DATACENTER",1,0,0,0,0,1,1,0,1,1,9.333333333333334,1,0,"indicator--db04fec8-e072-4838-b2af-66b80e559f81"
100,100,1,876,0,100,100,0,90,129.4299959336604,70,"Data Center/Web Hosting/Transit","NL","SCANNER","DATACENTER",0,0,0,0,0,1,0,0,0,1,876,1,0,"indicator--abda90cf-0fab-42bb-baf8-d93e907cb9a5"
24,39,1,9,2,24,39,0,65,61,70,"Data Center/Web Hosting/Transit","SG","ABUSIVE_ACTOR","DATACENTER",1,0,0,0,0,1,1,0,1,1,3,1,0,"indicator--817245e0-a25c-4e69-9a7b-ff5bde2f67f7"
43,48,1,18,0,43,48,0,65,80.78753600952828,55,"Data Center/Web Hosting/Transit","US","ABUSIVE_ACTOR","DATACENTER",1,0,0,0,0,1,0,0,1,1,18,1,0,"indicator--a1cf0a1f-1272-436c-95f2-45695d9abe0a"
49,49,1,40,0,49,49,0,0,65.12783856719736,50,"Data Center/Web Hosting/Transit","FR","ABUSIVE_ACTOR","DATACENTER",0,0,0,0,0,1,0,0,0,1,40,1,0,"indicator--0092e1aa-4355-42ba-9824-5aaae21a5ec7"
0,80,0,0,0,0,80,0,0,0,0,"unknown","unknown","unknown","unknown",0,0,0,0,0,0,0,0,0,0,0,0,0,"indicator--threatfox-33349aea-5822-59ae-882a-fef79274fc09"
100,100,1,351,0,100,100,0,90,125.46542663478131,70,"Data Center/Web Hosting/Transit","FR","SCANNER","DATACENTER",0,0,0,0,0,1,0,0,0,1,351,1,0,"indicator--d4012507-d233-49a2-a7e5-76a63c2ef7c6"
31,31,1,25,0,31,31,0,65,45.14973347970818,50,"Data Center/Web Hosting/Transit","US","ABUSIVE_ACTOR","CLOUD",0,0,0,0,0,1,0,0,0,1,25,1,0,"indicator--fb50823f-c4aa-4a59-83e7-b4ed10bae70c"
31,36,1,5,0,31,36,0,65,63.78151250383644,55,"Data Center/Web Hosting/Transit","GB","ABUSIVE_ACTOR","DATACENTER",1,0,0,0,0,1,0,0,1,1,5,1,0,"indicator--985918c4-bbf9-4ac3-a01e-f92bd12b9e3d"
0,80,0,0,0,0,80,0,0,0,0,"unknown","unknown","unknown","unknown",0,0,0,0,0,0,0,0,0,0,0,0,0,"indicator--threatfox-06c5969a-8a66-5384-aa56-dd758de4a783"
48,48,1,75,0,48,48,0,65,66.8081359228079,60,"Data Center/Web Hosting/Transit","US","ABUSIVE_ACTOR","CLOUD",0,0,0,0,0,1,0,0,0,1,75,1,0,"indicator--3e208583-3483-40d8-973f-ede74518d1ff"
23,33,1,7,1,23,33,0,0,33.03089986991944,65,"Fixed Line ISP","RU","UNKNOWN_THREAT","RESIDENTIAL",0,0,1,0,0,1,1,0,0,1,3.5,1,0,"indicator--ea6897af-1a3e-4433-b8c0-1d55665f709c"
100,100,1,204,1,100,100,0,90,124.11753861055755,85,"Data Center/Web Hosting/Transit","RU","SCANNER","DATACENTER",0,0,0,0,0,1,1,0,0,1,102,1,0,"indicator--14e2bebc-b7ae-44ea-ad25-9bf757057c9b"
100,100,1,140,1,100,100,0,85,122.49219112655379,85,"Data Center/Web Hosting/Transit","US","SCANNER","CLOUD",0,0,0,0,0,1,1,0,0,1,70,1,0,"indicator--1a8915d1-e38d-457a-8cb9-7362e9cc191e"
63,68,1,83,0,63,68,0,65,107.24279286061882,65,"Data Center/Web Hosting/Transit","SG","ABUSIVE_ACTOR","DATACENTER",1,0,0,0,0,1,0,0,1,1,83,1,0,"indicator--46be0599-9d1b-4123-a96f-a055f5e7f8d0"
100,100,1,191,0,100,100,0,80,122.8330122870355,70,"Commercial","RU","UNKNOWN_THREAT","UNKNOWN",0,0,0,0,0,1,0,0,0,1,191,1,0,"indicator--bbb69484-ed0c-48c8-8aa6-57b222c99f1a"
100,100,1,745,5,100,100,0,95,133.72738827472668,85,"Data Center/Web Hosting/Transit","DE","SCANNER","DATACENTER",0,0,0,0,0,1,1,0,0,1,124.16666666666667,1,0,"indicator--4bc302e2-dc7b-4578-b160-9f44bd957871"
42,42,1,15,0,42,42,0,65,54.04119982655925,50,"Data Center/Web Hosting/Transit","US","ABUSIVE_ACTOR","CLOUD",0,0,0,0,0,1,0,0,0,1,15,1,0,"indicator--8826a669-77dd-41aa-be26-4a70cc072275"
86,91,1,192,0,86,91,0,85,133.85557309007774,75,"Data Center/Web Hosting/Transit","SG","SCANNER","DATACENTER",1,0,0,0,0,1,0,0,1,1,192,1,0,"indicator--dcfee857-533a-478c-99cc-c373ff7cc69f"
34,34,1,40,0,34,34,0,65,50.12783856719736,50,"Data Center/Web Hosting/Transit","US","ABUSIVE_ACTOR","CLOUD",0,0,0,0,0,1,0,0,0,1,40,1,0,"indicator--399643ba-e3ef-4472-bc7a-0c59b27df35a"
0,80,0,0,0,0,80,0,0,0,0,"unknown","unknown","unknown","unknown",0,0,0,0,0,0,0,0,0,0,0,0,0,"indicator--threatfox-bc957da7-9156-54c1-968e-3aafb7fd30c3"
40,55,1,11,2,40,55,0,65,77.79181246047625,70,"Data Center/Web Hosting/Transit","SG","ABUSIVE_ACTOR","DATACENTER",1,0,0,0,0,1,1,0,1,1,3.6666666666666665,1,0,"indicator--8f01a8ee-5991-4b42-9ad4-9c2ff23f9ee8"
54,54,1,60,0,54,54,0,65,71.85329835010768,60,"Data Center/Web Hosting/Transit","US","ABUSIVE_ACTOR","CLOUD",0,0,0,0,0,1,0,0,0,1,60,1,0,"indicator--97e97d52-e302-4c06-ae85-5654dbee94b6"
33,48,1,36,1,33,48,0,65,74.68201724066995,70,"Data Center/Web Hosting/Transit","SG","ABUSIVE_ACTOR","DATACENTER",1,0,0,0,0,1,1,0,1,1,18,1,0,"indicator--dd813351-49cf-41dd-b493-ade7bb7dbf5b"
0,80,0,0,0,0,80,0,0,0,0,"unknown","unknown","unknown","unknown",0,0,0,0,0,0,0,0,0,0,0,0,0,"indicator--threatfox-103b2b88-4b7f-5b96-ac49-cec2c879c6b1"
44,44,1,74,0,44,44,0,65,62.750612633917,60,"Data Center/Web Hosting/Transit","US","ABUSIVE_ACTOR","CLOUD",0,0,0,0,0,1,0,0,0,1,74,1,0,"indicator--52dad266-37e4-4493-b52f-1658a50e697c"
100,100,1,468,7,100,100,0,95,133.71172842715083,85,"Data Center/Web Hosting/Transit","NL","MALICIOUS_BOT","DATACENTER",0,0,0,0,0,1,1,0,0,1,58.5,1,0,"indicator--03210da6-157a-435e-842e-27de400a2af1"
33,33,1,20,0,33,33,0,65,46.222192947339195,50,"Data Center/Web Hosting/Transit","JP","ABUSIVE_ACTOR","CLOUD",0,0,0,0,0,1,0,0,0,1,20,1,0,"indicator--5640f694-f6fb-4541-a76a-0c5eb6cfd5e6"
34,34,1,38,0,34,34,0,65,49.91064607026499,50,"Data Center/Web Hosting/Transit","IT","ABUSIVE_ACTOR","CLOUD",0,0,0,0,0,1,0,0,0,1,38,1,0,"indicator--366741d8-b0a0-4902-8a2a-6736ac1de233"
50,50,1,66,0,50,50,0,65,68.26074802700826,60,"Data Center/Web Hosting/Transit","US","ABUSIVE_ACTOR","CLOUD",0,0,0,0,0,1,0,0,0,1,66,1,0,"indicator--aa9760f6-9cdc-47e6-aac2-810aa5bc5602"
78,78,1,127,0,78,78,0,65,99.07209969647869,60,"Data Center/Web Hosting/Transit","US","SCANNER","DATACENTER",0,0,0,0,0,1,0,0,0,1,127,1,0,"indicator--7b1e5dd4-5ff7-4d5b-841f-830ab1ae985b"
36,36,1,45,0,36,36,0,65,52.62757831681574,50,"Data Center/Web Hosting/Transit","US","ABUSIVE_ACTOR","CLOUD",0,0,0,0,0,1,0,0,0,1,45,1,0,"indicator--aa6a364c-798b-4265-86a2-c7deffb6474b"
43,43,1,80,0,43,43,0,65,62.0848501887865,60,"Data Center/Web Hosting/Transit","US","ABUSIVE_ACTOR","CLOUD",0,0,0,0,0,1,0,0,0,1,80,1,0,"indicator--c936d04a-d379-4cde-835e-14bdaf6f353e"
31,36,1,8,0,31,36,0,65,65.54242509439325,55,"Data Center/Web Hosting/Transit","SG","ABUSIVE_ACTOR","DATACENTER",1,0,0,0,0,1,0,0,1,1,8,1,0,"indicator--7e156555-4438-4b74-a8d3-af60101c96a3"
33,33,1,61,0,33,33,0,65,50.92391689498254,60,"Data Center/Web Hosting/Transit","US","ABUSIVE_ACTOR","CLOUD",0,0,0,0,0,1,0,0,0,1,61,1,0,"indicator--92f7fc89-d114-46bc-b9ef-539ca91fe45c"
30,30,1,45,0,30,30,0,65,46.62757831681574,50,"Data Center/Web Hosting/Transit","BR","ABUSIVE_ACTOR","CLOUD",0,0,0,0,0,1,0,0,0,1,45,1,0,"indicator--55873df5-6efd-47ef-a5bf-ebf76e18bc93"
35,35,1,65,0,35,35,0,65,53.195439355418685,60,"Data Center/Web Hosting/Transit","IN","ABUSIVE_ACTOR","CLOUD",0,0,0,0,0,1,0,0,0,1,65,1,0,"indicator--4e4f0f55-a3f8-400c-9087-3e1d0d0c951e"
44,44,1,61,0,44,44,0,65,61.92391689498254,60,"Data Center/Web Hosting/Transit","US","ABUSIVE_ACTOR","CLOUD",0,0,0,0,0,1,0,0,0,1,61,1,0,"indicator--62d8356e-f797-493d-bea0-89c3f9d7a72c"
42,47,1,92,0,42,47,0,65,86.68482948553935,65,"Data Center/Web Hosting/Transit","SG","ABUSIVE_ACTOR","DATACENTER",1,0,0,0,0,1,0,0,1,1,92,1,0,"indicator--bde2681e-e26f-405d-8704-f9bfaf56717b"
31,46,1,8,1,31,46,0,65,66.54242509439325,70,"Data Center/Web Hosting/Transit","SG","ABUSIVE_ACTOR","DATACENTER",1,0,0,0,0,1,1,0,1,1,4,1,0,"indicator--15f1830b-e6e1-4357-a22b-43714fc4a81c"
100,100,1,86,0,100,100,0,65,119.39519252618618,70,"Data Center/Web Hosting/Transit","GB","ABUSIVE_ACTOR","DATACENTER",0,0,0,0,0,1,0,0,0,1,86,1,0,"indicator--27a48287-bed7-4d75-8cc8-aec880b2d5e0"
61,66,1,111,0,61,66,0,75,106.49218022670182,65,"Data Center/Web Hosting/Transit","SG","SCANNER","DATACENTER",1,0,0,0,0,1,0,0,1,1,111,1,0,"indicator--145e45fd-178c-4daf-bea9-80e1f957d589"
45,45,1,21,0,45,45,0,65,58.42422680822206,50,"Data Center/Web Hosting/Transit","US","ABUSIVE_ACTOR","CLOUD",0,0,0,0,0,1,0,0,0,1,21,1,0,"indicator--65d7803b-ec56-4b1c-a96c-583225872b31"
51,51,1,23,0,51,51,0,65,64.80211241711606,50,"Data Center/Web Hosting/Transit","US","ABUSIVE_ACTOR","CLOUD",0,0,0,0,0,1,0,0,0,1,23,1,0,"indicator--396b7857-60eb-419f-b1a1-2e27c803dcb5"
100,100,1,378,7,100,100,0,95,132.7863920996807,85,"Data Center/Web Hosting/Transit","US","MALICIOUS_BOT","CLOUD",0,0,0,0,0,1,1,0,0,1,47.25,1,0,"indicator--36b7acf0-8758-4855-a7c1-9c8984def206"
23,38,1,7,2,23,38,0,65,59.03089986991944,70,"Data Center/Web Hosting/Transit","SG","ABUSIVE_ACTOR","DATACENTER",1,0,0,0,0,1,1,0,1,1,2.3333333333333335,1,0,"indicator--a292780f-e761-4fff-8d2b-868beacb99be"
100,100,1,76,0,100,100,0,70,118.86490725172482,70,"Data Center/Web Hosting/Transit","US","ABUSIVE_ACTOR","DATACENTER",0,0,0,0,0,1,0,0,0,1,76,1,0,"indicator--5b45ac5b-ef2d-412e-8c45-c881d878bdf1"
50,50,1,23,0,50,50,0,0,63.802112417116064,50,"Data Center/Web Hosting/Transit","CA","ABUSIVE_ACTOR","DATACENTER",0,0,0,0,0,1,0,0,0,1,23,1,0,"indicator--88871b52-2bf0-46b8-9713-2faf53d6da4d"
39,39,1,57,0,39,39,0,65,56.63427993562937,60,"Data Center/Web Hosting/Transit","US","ABUSIVE_ACTOR","CLOUD",0,0,0,0,0,1,0,0,0,1,57,1,0,"indicator--91a32edc-fa31-4f1f-8f93-4619fbf3186b"
32,32,1,11,0,32,32,0,65,42.79181246047625,50,"Data Center/Web Hosting/Transit","US","ABUSIVE_ACTOR","CLOUD",0,0,0,0,0,1,0,0,0,1,11,1,0,"indicator--323d5a68-c1bc-4182-a766-57ef4ef2e2a7"
100,100,1,1003,0,100,100,0,90,130.01733712809,70,"Commercial","US","UNKNOWN_THREAT","UNKNOWN",0,0,0,0,0,1,0,0,0,1,1003,1,0,"indicator--2c2b35b4-c4da-447d-82c7-38aa27e442bf"
33,33,1,25,0,33,33,0,0,47.14973347970818,50,"Data Center/Web Hosting/Transit","GB","ABUSIVE_ACTOR","DATACENTER",0,0,0,0,0,1,0,0,0,1,25,1,0,"indicator--4877dfa1-408c-45f4-91da-2b43708a6f00"
85,85,1,100,0,85,85,0,70,105.04321373782642,70,"Data Center/Web Hosting/Transit","US","ABUSIVE_ACTOR","CLOUD",0,0,0,0,0,1,0,0,0,1,100,1,0,"indicator--4cea126e-a1e6-4a9c-9833-188b5fcad114"
100,100,1,293,2,100,100,0,95,126.68347330412158,85,"Fixed Line ISP","CN","UNKNOWN_THREAT","RESIDENTIAL",0,0,1,0,0,1,1,0,0,1,97.66666666666667,1,0,"indicator--25895cd9-6c1a-46b5-9a7c-70b9cc8c5ab5"
100,100,1,1131,0,100,100,0,90,130.53846426852252,70,"Data Center/Web Hosting/Transit","US","SCANNER","DATACENTER",0,0,0,0,0,1,0,0,0,1,1131,1,0,"indicator--ee6417dd-3007-4b5f-9b48-86f21a346f14"
45,45,1,44,0,45,45,0,65,61.53212513775344,50,"Data Center/Web Hosting/Transit","US","ABUSIVE_ACTOR","CLOUD",0,0,0,0,0,1,0,0,0,1,44,1,0,"indicator--dfa4cf97-71f3-47d5-b7ce-33fcc6e9617c"
0,80,0,0,0,0,80,0,0,0,0,"unknown","unknown","unknown","unknown",0,0,0,0,0,0,0,0,0,0,0,0,0,"indicator--threatfox-978ef3d4-d7b3-58c1-80f0-adbcc4f0d54b"
46,46,1,30,0,46,46,0,65,60.91361693834273,50,"Data Center/Web Hosting/Transit","US","ABUSIVE_ACTOR","CLOUD",0,0,0,0,0,1,0,0,0,1,30,1,0,"indicator--b7b72afe-8e14-4265-a7d3-0c98094c4e96"
33,33,1,36,0,33,33,0,65,48.68201724066995,50,"Data Center/Web Hosting/Transit","US","ABUSIVE_ACTOR","CLOUD",0,0,0,0,0,1,0,0,0,1,36,1,0,"indicator--5a264eef-c49e-4f35-9916-864d8f8820e0"
40,55,1,24,1,40,55,0,65,79.97940008672037,70,"Commercial","CN","PROXY_SERVICE","PROXY",1,0,0,0,0,1,1,0,1,1,12,1,0,"indicator--c4883dec-dada-4309-9bd5-1a63cae7f6c3"
100,100,1,440,9,100,100,0,95,135.4443858946784,85,"Data Center/Web Hosting/Transit","US","MALICIOUS_BOT","CLOUD",0,0,0,0,0,1,1,0,0,1,44,1,0,"indicator--4e4063df-2e24-4f10-a890-0c2bf7df50f6"
29,39,1,21,2,29,39,0,0,44.42422680822206,65,"Data Center/Web Hosting/Transit","GB","ABUSIVE_ACTOR","DATACENTER",0,0,0,0,0,1,1,0,0,1,7,1,0,"indicator--96d1cc7d-4b39-44d0-af23-f68230b1b416"
72,72,1,38,0,72,72,0,0,87.91064607026499,50,"Data Center/Web Hosting/Transit","US","ABUSIVE_ACTOR","DATACENTER",0,0,0,0,0,1,0,0,0,1,38,1,0,"indicator--73ecec04-3b71-407f-a12e-7f0864c824ef"
36,36,1,14,0,36,36,0,0,47.76091259055681,50,"Fixed Line ISP","BD","UNKNOWN_THREAT","RESIDENTIAL",0,0,1,0,0,1,0,0,0,1,14,1,0,"indicator--0fa337be-0d55-4b37-81c3-a1f3e6bf50a5"
33,38,1,11,0,33,38,0,65,68.79181246047625,55,"Data Center/Web Hosting/Transit","US","ABUSIVE_ACTOR","DATACENTER",1,0,0,0,0,1,0,0,1,1,11,1,0,"indicator--fe2f63e1-fb34-4dd4-be10-b216d2974bc9"
95,100,1,186,0,95,100,0,85,142.71841606536498,75,"Data Center/Web Hosting/Transit","SG","SCANNER","DATACENTER",1,0,0,0,0,1,0,0,1,1,186,1,0,"indicator--f42086a3-ffe1-46bb-a6a1-62bdc855048b"
45,45,1,21,0,45,45,0,65,58.42422680822206,50,"Data Center/Web Hosting/Transit","US","ABUSIVE_ACTOR","CLOUD",0,0,0,0,0,1,0,0,0,1,21,1,0,"indicator--00071ecd-ba48-4290-9ac2-67396272bb71"
100,100,1,1078,0,100,100,0,90,130.3302144468291,70,"Data Center/Web Hosting/Transit","FR","SCANNER","DATACENTER",0,0,0,0,0,1,0,0,0,1,1078,1,0,"indicator--bdc53cfb-82de-43aa-aa7d-d875c36b8f98"
27,42,1,8,2,27,42,0,65,63.54242509439325,70,"Data Center/Web Hosting/Transit","SG","ABUSIVE_ACTOR","DATACENTER",1,0,0,0,0,1,1,0,1,1,2.6666666666666665,1,0,"indicator--59565dc2-613b-4c9a-9cc6-739e292d2148"
100,100,1,79,4,100,100,0,80,123.03089986991944,85,"Data Center/Web Hosting/Transit","US","ABUSIVE_ACTOR","DATACENTER",0,0,0,0,0,1,1,0,0,1,15.8,1,0,"indicator--d11d2429-87c3-4cf7-85af-96142a5e50a7"
32,47,1,11,2,32,47,0,65,69.79181246047625,70,"Data Center/Web Hosting/Transit","SG","ABUSIVE_ACTOR","DATACENTER",1,0,0,0,0,1,1,0,1,1,3.6666666666666665,1,0,"indicator--f0a7809c-e780-4a2f-a1dc-e041757f6cab"
37,37,1,38,0,37,37,0,65,52.91064607026499,50,"Data Center/Web Hosting/Transit","US","ABUSIVE_ACTOR","CLOUD",0,0,0,0,0,1,0,0,0,1,38,1,0,"indicator--a8d59e51-ce86-45a3-bcc9-0edb48ad6e0e"
41,46,1,13,0,41,46,0,65,77.46128035678238,55,"Data Center/Web Hosting/Transit","US","ABUSIVE_ACTOR","DATACENTER",1,0,0,0,0,1,0,0,1,1,13,1,0,"indicator--d1808544-43ef-4239-9c2b-a1be6a1a8857"
47,47,1,61,0,47,47,0,65,64.92391689498254,60,"Data Center/Web Hosting/Transit","US","ABUSIVE_ACTOR","CLOUD",0,0,0,0,0,1,0,0,0,1,61,1,0,"indicator--a8b923f4-7f5f-4657-a4e3-83d6c2eebeb7"
44,44,1,75,0,44,44,0,65,62.808135922807914,60,"Data Center/Web Hosting/Transit","US","ABUSIVE_ACTOR","CLOUD",0,0,0,0,0,1,0,0,0,1,75,1,0,"indicator--259cf031-9804-44b4-b9ed-9a37ff40ad6e"
47,47,1,71,0,47,47,0,65,65.57332496431269,60,"Data Center/Web Hosting/Transit","US","ABUSIVE_ACTOR","CLOUD",0,0,0,0,0,1,0,0,0,1,71,1,0,"indicator--6519f879-ad6b-4e04-9d8d-ffd70d2bbb51"
100,100,1,488,6,100,100,0,95,132.89308859123622,85,"Data Center/Web Hosting/Transit","CN","MALICIOUS_BOT","DATACENTER",0,0,0,0,0,1,1,0,0,1,69.71428571428571,1,0,"indicator--9fd3aa96-de28-4725-a9b0-07f321d926c8"
49,49,1,44,0,49,49,0,0,65.53212513775344,50,"Mobile ISP","CN","UNKNOWN_THREAT","RESIDENTIAL",0,0,1,0,0,1,0,0,0,1,44,1,0,"indicator--45f277ab-77a4-41c6-8ad0-591f3a1538c1"
31,31,1,4,0,31,31,0,65,37.98970004336019,50,"Data Center/Web Hosting/Transit","ZA","ABUSIVE_ACTOR","CLOUD",0,0,0,0,0,1,0,0,0,1,4,1,0,"indicator--f4a75988-ccd7-47e0-9375-c1815a8b3ee8"
100,100,1,205,0,100,100,0,90,148.13867220369153,75,"Data Center/Web Hosting/Transit","SG","SCANNER","DATACENTER",1,0,0,0,0,1,0,0,1,1,205,1,0,"indicator--b60068f8-a6cb-4772-b46c-b173ec1cb156"
0,80,0,0,0,0,80,0,0,0,0,"unknown","unknown","unknown","unknown",0,0,0,0,0,0,0,0,0,0,0,0,0,"indicator--threatfox-43bc7eb7-e29a-5efe-b31b-bfc23af1a513"
48,48,1,63,0,48,48,0,65,66.06179973983888,60,"Data Center/Web Hosting/Transit","US","ABUSIVE_ACTOR","CLOUD",0,0,0,0,0,1,0,0,0,1,63,1,0,"indicator--dfdcf310-4ddb-4bbf-a80b-4ea21085760e"
0,80,0,0,0,0,80,0,0,0,0,"unknown","unknown","unknown","unknown",0,0,0,0,0,0,0,0,0,0,0,0,0,"indicator--threatfox-6b231a73-dd91-507d-809a-c0ece9b8f5dc"
44,49,1,20,0,44,49,0,65,82.2221929473392,55,"Data Center/Web Hosting/Transit","US","ABUSIVE_ACTOR","DATACENTER",1,0,0,0,0,1,0,0,1,1,20,1,0,"indicator--173c1b2c-c59b-4915-b266-730d3a5d3a0f"
0,80,0,0,0,0,80,0,0,0,0,"unknown","unknown","unknown","unknown",0,0,0,0,0,0,0,0,0,0,0,0,0,"indicator--threatfox-d8190926-7851-5b4d-96ab-854e08f0b9c1"
43,43,1,57,0,43,43,0,65,60.63427993562937,60,"Data Center/Web Hosting/Transit","ES","ABUSIVE_ACTOR","CLOUD",0,0,0,0,0,1,0,0,0,1,57,1,0,"indicator--f2f3f429-cd2a-4a0e-8952-fb5605f7e355"
50,50,1,31,0,50,50,0,65,65.05149978319906,50,"Data Center/Web Hosting/Transit","US","ABUSIVE_ACTOR","CLOUD",0,0,0,0,0,1,0,0,0,1,31,1,0,"indicator--422c98ba-4e92-4a48-b6a9-3f55a91b8a8b"
100,100,1,844,4,100,100,0,95,133.2685670894969,85,"Data Center/Web Hosting/Transit","BR","SCANNER","DATACENTER",0,0,0,0,0,1,1,0,0,1,168.8,1,0,"indicator--2a248c03-ebf5-4996-bfcc-e0ea84aaba6c"
32,47,1,7,2,32,47,0,65,68.03089986991944,70,"Data Center/Web Hosting/Transit","SG","ABUSIVE_ACTOR","DATACENTER",1,0,0,0,0,1,1,0,1,1,2.3333333333333335,1,0,"indicator--8dbf264e-0a0a-402c-8071-b0188d2f450e"
0,80,0,0,0,0,80,0,0,0,0,"unknown","unknown","unknown","unknown",0,0,0,0,0,0,0,0,0,0,0,0,0,"indicator--threatfox-3fd69d11-b80d-5749-974a-e648603d49ad"
100,100,1,605,4,100,100,0,95,131.82472624166286,85,"Data Center/Web Hosting/Transit","US","SCANNER","DATACENTER",0,0,0,0,0,1,1,0,0,1,121,1,0,"indicator--fd6a09c2-5aa7-42be-a046-a791eb04129e"
59,64,1,95,0,59,64,0,65,103.82271233039569,65,"Data Center/Web Hosting/Transit","SG","ABUSIVE_ACTOR","DATACENTER",1,0,0,0,0,1,0,0,1,1,95,1,0,"indicator--641a3045-3f5f-4314-81f0-c18cc2f27898"
60,75,1,150,2,60,75,0,75,108.7897694729317,80,"Data Center/Web Hosting/Transit","SG","SCANNER","DATACENTER",1,0,0,0,0,1,1,0,1,1,50,1,0,"indicator--2872f466-b4a0-4697-8cd8-42de8c8ecf79"
100,100,1,562,0,100,100,0,90,127.50508394851346,70,"Data Center/Web Hosting/Transit","CA","SCANNER","CLOUD",0,0,0,0,0,1,0,0,0,1,562,1,0,"indicator--47ca30d1-907c-4e4c-afc5-ede3a4a9ff88"
52,67,1,46,1,52,67,0,65,94.72097857935718,70,"Data Center/Web Hosting/Transit","HK","ABUSIVE_ACTOR","DATACENTER",1,0,0,0,0,1,1,0,1,1,23,1,0,"indicator--58c6cf88-31eb-4b44-91d3-8bb28973f16e"
38,38,1,20,0,38,38,0,65,51.222192947339195,50,"Data Center/Web Hosting/Transit","US","ABUSIVE_ACTOR","CLOUD",0,0,0,0,0,1,0,0,0,1,20,1,0,"indicator--0c660f58-5313-45b3-b7bf-4abc90158a08"
46,46,1,67,0,46,46,0,65,64.32508912706237,60,"Data Center/Web Hosting/Transit","US","ABUSIVE_ACTOR","CLOUD",0,0,0,0,0,1,0,0,0,1,67,1,0,"indicator--bd7f28eb-4030-4ba6-bb98-ffb6f14fdfa9"
100,100,1,116,0,100,100,0,70,120.68185861746161,70,"Fixed Line ISP","CA","UNKNOWN_THREAT","RESIDENTIAL",0,0,1,0,0,1,0,0,0,1,116,1,0,"indicator--91f0c896-4b00-49ee-96cd-31a763390249"
33,33,1,56,0,33,33,0,65,50.558748556724915,60,"Data Center/Web Hosting/Transit","IN","ABUSIVE_ACTOR","CLOUD",0,0,0,0,0,1,0,0,0,1,56,1,0,"indicator--1d0d3eed-4d6e-466c-9c05-fe1cfe1b4d47"
42,42,1,33,0,42,42,0,0,57.31478917042255,50,"Data Center/Web Hosting/Transit","US","ABUSIVE_ACTOR","DATACENTER",0,0,0,0,0,1,0,0,0,1,33,1,0,"indicator--d90e3b60-e557-450d-b68d-5fd1830e91c3"
100,100,1,38,3,100,100,0,80,118.91064607026499,75,"Commercial","CN","UNKNOWN_THREAT","UNKNOWN",0,0,0,0,0,1,1,0,0,1,9.5,1,0,"indicator--909fb3f6-0e1f-408b-bf64-345c46e61fbb"
39,39,1,67,0,39,39,0,65,57.32508912706236,60,"Data Center/Web Hosting/Transit","US","ABUSIVE_ACTOR","CLOUD",0,0,0,0,0,1,0,0,0,1,67,1,0,"indicator--4bb4c829-474d-4d81-a6a0-cb3967eea593"
36,41,1,16,0,36,41,0,65,73.30448921378274,55,"Data Center/Web Hosting/Transit","US","ABUSIVE_ACTOR","DATACENTER",1,0,0,0,0,1,0,0,1,1,16,1,0,"indicator--d9a138a6-45d2-4c08-805f-1827979d53c0"
29,44,1,7,2,29,44,0,65,65.03089986991944,70,"Data Center/Web Hosting/Transit","SG","ABUSIVE_ACTOR","DATACENTER",1,0,0,0,0,1,1,0,1,1,2.3333333333333335,1,0,"indicator--e2a6c79b-52b5-4f22-9fbb-3c31f554d8e7"
100,100,1,43,1,100,100,0,75,117.43452676486187,75,"Data Center/Web Hosting/Transit","PL","ABUSIVE_ACTOR","DATACENTER",0,0,0,0,0,1,1,0,0,1,21.5,1,0,"indicator--e05bab5c-4d6b-4046-ab36-47b72ec47d09"
100,100,1,592,0,100,100,0,90,127.73054693364263,70,"Data Center/Web Hosting/Transit","US","SCANNER","CLOUD",0,0,0,0,0,1,0,0,0,1,592,1,0,"indicator--ff6011b9-0d25-48a6-9a83-78212225270d"
33,48,1,70,1,33,48,0,65,77.51258348719075,80,"Data Center/Web Hosting/Transit","HK","ABUSIVE_ACTOR","DATACENTER",1,0,0,0,0,1,1,0,1,1,35,1,0,"indicator--344cf468-65a5-48a1-87da-f3d9860621cc"
100,100,1,29,4,100,100,0,80,118.77121254719663,75,"Commercial","CN","UNKNOWN_THREAT","UNKNOWN",0,0,0,0,0,1,1,0,0,1,5.8,1,0,"indicator--5638b6aa-2807-4dd6-8199-58c943b3d79c"
45,45,1,98,0,45,45,0,0,64.9563519459755,60,"Data Center/Web Hosting/Transit","US","ABUSIVE_ACTOR","DATACENTER",0,0,0,0,0,1,0,0,0,1,98,1,0,"indicator--68d85c1e-0056-49ba-99a1-c95268202a68"
86,86,1,143,0,86,86,0,80,107.5836249209525,70,"Data Center/Web Hosting/Transit","FR","SCANNER","DATACENTER",0,0,0,0,0,1,0,0,0,1,143,1,0,"indicator--375ef9c2-4dd1-4fec-86a5-1d1138728796"
46,56,1,55,1,46,56,0,0,64.481880270062,75,"Data Center/Web Hosting/Transit","HK","ABUSIVE_ACTOR","DATACENTER",0,0,0,0,0,1,1,0,0,1,27.5,1,0,"indicator--39e33e40-526b-4b57-b4e4-7b8cbfe22d6e"
43,48,1,12,0,43,48,0,65,79.13943352306836,55,"Data Center/Web Hosting/Transit","US","ABUSIVE_ACTOR","DATACENTER",1,0,0,0,0,1,0,0,1,1,12,1,0,"indicator--f1a82ddf-523f-4b57-aa6b-fac5be208056"
0,80,0,0,0,0,80,0,0,0,0,"unknown","unknown","unknown","unknown",0,0,0,0,0,0,0,0,0,0,0,0,0,"indicator--threatfox-a5c8879f-2f95-52e7-bb5c-f674d2f09cbb"
31,41,1,17,3,31,41,0,0,46.552725051033065,65,"Data Center/Web Hosting/Transit","GB","ABUSIVE_ACTOR","DATACENTER",0,0,0,0,0,1,1,0,0,1,4.25,1,0,"indicator--1af55725-e695-47b9-9a02-565450794b90"
100,100,1,358,1,100,100,0,95,126.55094448578319,85,"Data Center/Web Hosting/Transit","US","SCANNER","CLOUD",0,0,0,0,0,1,1,0,0,1,179,1,0,"indicator--f5fda781-2a69-400e-9f78-a52b30c1a723"
57,57,1,53,0,57,57,0,0,74.32393759822969,60,"Data Center/Web Hosting/Transit","FR","ABUSIVE_ACTOR","DATACENTER",0,0,0,0,0,1,0,0,0,1,53,1,0,"indicator--24bd537e-fd7e-47e1-ac8b-0a5bca3066a9"
36,41,1,18,0,36,41,0,65,73.78753600952828,55,"Data Center/Web Hosting/Transit","MX","ABUSIVE_ACTOR","DATACENTER",1,0,0,0,0,1,0,0,1,1,18,1,0,"indicator--34fd3d8d-08cb-4558-96e1-d5bd3ef72bab"
0,80,0,0,0,0,80,0,0,0,0,"unknown","unknown","unknown","unknown",0,0,0,0,0,0,0,0,0,0,0,0,0,"indicator--threatfox-ddfddf4b-44fe-5e47-8a80-1400b8ed86bd"
100,100,1,700,6,100,100,0,95,134.45718017966658,85,"Data Center/Web Hosting/Transit","DE","MALICIOUS_BOT","DATACENTER",0,0,0,0,0,1,1,0,0,1,100,1,0,"indicator--f78dcd0b-f740-42c9-816c-5c19c26de076"
30,30,1,22,0,30,30,0,0,43.61727836017593,50,"Data Center/Web Hosting/Transit","MX","ABUSIVE_ACTOR","DATACENTER",0,0,0,0,0,1,0,0,0,1,22,1,0,"indicator--04f88527-90c3-432e-a84c-953f0f4b1585"
100,100,1,42,1,100,100,0,80,117.33468455579586,75,"Data Center/Web Hosting/Transit","US","ABUSIVE_ACTOR","CLOUD",0,0,0,0,0,1,1,0,0,1,21,1,0,"indicator--baeaec99-5dc3-440e-87eb-d9d199223526"
32,32,1,10,0,32,32,0,65,42.41392685158225,50,"Data Center/Web Hosting/Transit","US","ABUSIVE_ACTOR","CLOUD",0,0,0,0,0,1,0,0,0,1,10,1,0,"indicator--3e7b2fa0-dbda-4e6d-b007-a969018e6717"
42,42,1,53,0,42,42,0,65,59.32393759822969,60,"Data Center/Web Hosting/Transit","US","ABUSIVE_ACTOR","CLOUD",0,0,0,0,0,1,0,0,0,1,53,1,0,"indicator--d715790f-f466-4195-be21-7b7629883a71"
53,53,1,56,0,53,53,0,65,70.55874855672491,60,"Data Center/Web Hosting/Transit","ES","ABUSIVE_ACTOR","CLOUD",0,0,0,0,0,1,0,0,0,1,56,1,0,"indicator--d018bc6d-a8d7-42aa-b3da-b742ccb3c30f"
0,80,0,0,0,0,80,0,0,0,0,"unknown","unknown","unknown","unknown",0,0,0,0,0,0,0,0,0,0,0,0,0,"indicator--threatfox-beab5f23-683c-5249-a5eb-115cbae582d7"
67,82,1,23,7,67,82,0,75,112.80211241711606,70,"Commercial","NL","MALICIOUS_BOT","PROXY",1,0,0,0,0,1,1,0,1,1,2.875,1,0,"indicator--5241cd8a-405d-42e1-8d4f-be5024899017"
0,80,0,0,0,0,80,0,0,0,0,"unknown","unknown","unknown","unknown",0,0,0,0,0,0,0,0,0,0,0,0,0,"indicator--threatfox-9503800b-4693-5ef5-93cd-0486f99e56b0"
100,100,1,80,0,100,100,0,70,119.0848501887865,70,"Data Center/Web Hosting/Transit","US","ABUSIVE_ACTOR","CLOUD",0,0,0,0,0,1,0,0,0,1,80,1,0,"indicator--6f01ec05-0af7-4a77-95e0-89fc7eb03338"
0,80,0,0,0,0,80,0,0,0,0,"unknown","unknown","unknown","unknown",0,0,0,0,0,0,0,0,0,0,0,0,0,"indicator--threatfox-093eed57-caf8-58d0-964e-58e0e426a9d9"
43,43,1,63,0,43,43,0,65,61.061799739838875,60,"Data Center/Web Hosting/Transit","US","ABUSIVE_ACTOR","CLOUD",0,0,0,0,0,1,0,0,0,1,63,1,0,"indicator--b2ca995b-0010-4fad-bcc1-9598f775ae10"
100,100,1,293,0,100,100,0,90,124.68347330412158,70,"Data Center/Web Hosting/Transit","ZW","SCANNER","DATACENTER",0,0,0,0,0,1,0,0,0,1,293,1,0,"indicator--b8003f6d-cb11-439f-a778-7c6729c8a2e1"
47,47,1,34,0,47,47,0,0,62.44068044350276,50,"Mobile ISP","CN","UNKNOWN_THREAT","RESIDENTIAL",0,0,1,0,0,1,0,0,0,1,34,1,0,"indicator--7f2e79a1-8422-41e2-9f19-6a5a4b31ddb6"
52,52,1,25,0,52,52,0,65,66.14973347970817,50,"Data Center/Web Hosting/Transit","US","ABUSIVE_ACTOR","CLOUD",0,0,0,0,0,1,0,0,0,1,25,1,0,"indicator--a51e3132-52e1-4d3e-9757-1054a00f4ca0"
63,63,1,92,0,63,63,0,0,82.68482948553935,60,"Data Center/Web Hosting/Transit","HK","ABUSIVE_ACTOR","DATACENTER",0,0,0,0,0,1,0,0,0,1,92,1,0,"indicator--47890046-6a37-4a54-8da6-01ab0409b88c"
0,80,0,0,0,0,80,0,0,0,0,"unknown","unknown","unknown","unknown",0,0,0,0,0,0,0,0,0,0,0,0,0,"indicator--threatfox-1768b5e6-19a1-57b1-b4f8-36ab0e90a0bc"
92,92,1,16,0,92,92,0,70,104.30448921378274,60,"Data Center/Web Hosting/Transit","US","ABUSIVE_ACTOR","DATACENTER",0,0,0,0,0,1,0,0,0,1,16,1,0,"indicator--360f9a89-7d13-4606-b56a-9aec91a459a3"
43,53,1,119,2,43,53,0,65,65.79181246047625,75,"Fixed Line ISP","FR","UNKNOWN_THREAT","RESIDENTIAL",0,0,1,0,0,1,1,0,0,1,39.666666666666664,1,0,"indicator--26682f4e-1b0a-4a3d-8245-cec281245734"
36,41,1,10,0,36,41,0,65,71.41392685158225,55,"Data Center/Web Hosting/Transit","US","ABUSIVE_ACTOR","DATACENTER",1,0,0,0,0,1,0,0,1,1,10,1,0,"indicator--f960696d-898b-4746-8b39-88b608453311"
0,80,0,0,0,0,80,0,0,0,0,"unknown","unknown","unknown","unknown",0,0,0,0,0,0,0,0,0,0,0,0,0,"indicator--threatfox-97d08bbe-9071-5622-8946-01f0fac555d4"
32,32,1,15,0,32,32,0,65,44.04119982655925,50,"Data Center/Web Hosting/Transit","US","ABUSIVE_ACTOR","CLOUD",0,0,0,0,0,1,0,0,0,1,15,1,0,"indicator--703ccba9-f914-474c-a84b-c20ff475c556"
67,67,1,56,0,67,67,0,0,84.55874855672491,60,"Data Center/Web Hosting/Transit","PL","ABUSIVE_ACTOR","DATACENTER",0,0,0,0,0,1,0,0,0,1,56,1,0,"indicator--af4ab104-80b6-4956-bd50-4ff487e19626"
100,100,1,37,0,100,100,0,65,115.7978359661681,60,"Data Center/Web Hosting/Transit","NL","ABUSIVE_ACTOR","DATACENTER",0,0,0,0,0,1,0,0,0,1,37,1,0,"indicator--ff8fd797-fffd-41e9-9b39-752ab1e3c1af"
43,43,1,14,0,43,43,0,65,54.76091259055681,50,"Data Center/Web Hosting/Transit","SE","ABUSIVE_ACTOR","CLOUD",0,0,0,0,0,1,0,0,0,1,14,1,0,"indicator--9b5fb71f-d411-4569-b7e7-6f47cce83d16"
97,100,1,91,0,97,100,0,70,141.63787827345556,75,"Data Center/Web Hosting/Transit","US","ABUSIVE_ACTOR","DATACENTER",1,0,0,0,0,1,0,0,1,1,91,1,0,"indicator--73b8bce8-62bf-4590-9723-ee15b32aeb47"
47,47,1,67,0,47,47,0,65,65.32508912706237,60,"Data Center/Web Hosting/Transit","US","ABUSIVE_ACTOR","CLOUD",0,0,0,0,0,1,0,0,0,1,67,1,0,"indicator--3c7a7197-dc89-4eeb-84bf-2334daf822b4"
39,49,1,31,1,39,49,0,65,55.05149978319906,65,"Data Center/Web Hosting/Transit","US","ABUSIVE_ACTOR","CLOUD",0,0,0,0,0,1,1,0,0,1,15.5,1,0,"indicator--e1b1fba8-9472-487b-bd82-4cdd53a4f5ca"
39,44,1,14,0,39,44,0,65,75.76091259055681,55,"Data Center/Web Hosting/Transit","US","ABUSIVE_ACTOR","DATACENTER",1,0,0,0,0,1,0,0,1,1,14,1,0,"indicator--1260886e-add3-416d-b1c0-ac416a37f811"
43,43,1,17,0,43,43,0,0,55.552725051033065,50,"Fixed Line ISP","CN","UNKNOWN_THREAT","RESIDENTIAL",0,0,1,0,0,1,0,0,0,1,17,1,0,"indicator--c4e21216-54c8-4573-af02-951ec6ecb498"
33,33,1,13,0,33,33,0,65,44.46128035678238,50,"Data Center/Web Hosting/Transit","US","ABUSIVE_ACTOR","CLOUD",0,0,0,0,0,1,0,0,0,1,13,1,0,"indicator--b4127b41-187d-44b9-8ec5-c4fa45f1e137"
33,33,1,50,0,33,33,0,65,50.07570176097936,50,"Data Center/Web Hosting/Transit","US","ABUSIVE_ACTOR","CLOUD",0,0,0,0,0,1,0,0,0,1,50,1,0,"indicator--040e0955-04a4-4170-bb9b-46065fcd74b7"
49,49,1,73,0,49,49,0,65,67.69231719730976,60,"Data Center/Web Hosting/Transit","US","ABUSIVE_ACTOR","CLOUD",0,0,0,0,0,1,0,0,0,1,73,1,0,"indicator--96072a34-536d-46b0-a739-85ba1d8f2025"
62,67,1,75,0,62,67,0,65,105.8081359228079,65,"Data Center/Web Hosting/Transit","SG","ABUSIVE_ACTOR","DATACENTER",1,0,0,0,0,1,0,0,1,1,75,1,0,"indicator--dbabe813-e73b-41f6-a9e7-cfcc35f18c71"
36,36,1,30,0,36,36,0,65,50.91361693834273,50,"Data Center/Web Hosting/Transit","US","ABUSIVE_ACTOR","CLOUD",0,0,0,0,0,1,0,0,0,1,30,1,0,"indicator--6ab1952f-7f6c-4897-b1e0-e5a902b1e1ea"
55,55,1,55,0,55,55,0,65,72.481880270062,60,"Data Center/Web Hosting/Transit","US","ABUSIVE_ACTOR","CLOUD",0,0,0,0,0,1,0,0,0,1,55,1,0,"indicator--d88ccc09-f7be-46a0-810a-830cb9a5d660"
100,100,1,80,0,100,100,0,65,119.0848501887865,70,"Fixed Line ISP","ID","UNKNOWN_THREAT","RESIDENTIAL",0,0,1,0,0,1,0,0,0,1,80,1,0,"indicator--a345c1ba-3813-488e-9be0-579b4767b78f"
100,100,1,336,0,100,100,0,90,125.27629900871338,70,"Data Center/Web Hosting/Transit","DE","SCANNER","CLOUD",0,0,0,0,0,1,0,0,0,1,336,1,0,"indicator--7dbd729a-3e35-4e71-8d50-fb1333ed0301"
30,30,1,33,0,30,30,0,65,45.31478917042255,50,"Data Center/Web Hosting/Transit","IT","ABUSIVE_ACTOR","CLOUD",0,0,0,0,0,1,0,0,0,1,33,1,0,"indicator--09ce36d7-6552-44d6-a066-2bb968dcd417"
48,48,1,83,0,48,48,0,65,67.24279286061882,60,"Data Center/Web Hosting/Transit","US","ABUSIVE_ACTOR","CLOUD",0,0,0,0,0,1,0,0,0,1,83,1,0,"indicator--941af515-2493-47df-8170-abf2d30e4fb6"
33,33,1,18,0,33,33,0,65,45.78753600952829,50,"Data Center/Web Hosting/Transit","US","ABUSIVE_ACTOR","CLOUD",0,0,0,0,0,1,0,0,0,1,18,1,0,"indicator--883591d7-eda1-4d5e-92ab-9ea2d175ba9f"
100,100,1,92,3,100,100,0,85,122.68482948553935,85,"Data Center/Web Hosting/Transit","US","ABUSIVE_ACTOR","CLOUD",0,0,0,0,0,1,1,0,0,1,23,1,0,"indicator--1863d1cc-dc3b-40cc-8595-36b7e374f52e"
40,45,1,14,0,40,45,0,65,76.76091259055681,55,"Data Center/Web Hosting/Transit","US","ABUSIVE_ACTOR","DATACENTER",1,0,0,0,0,1,0,0,1,1,14,1,0,"indicator--57daed3c-0c76-431b-a18d-87b7bb112a07"
100,100,1,396,0,100,100,0,95,150.98790506763115,75,"Data Center/Web Hosting/Transit","US","SCANNER","DATACENTER",1,0,0,0,0,1,0,0,1,1,396,1,0,"indicator--30393bf5-9172-4da3-8bb6-9aa623105081"
37,37,1,53,0,37,37,0,65,54.32393759822969,60,"Data Center/Web Hosting/Transit","BR","ABUSIVE_ACTOR","CLOUD",0,0,0,0,0,1,0,0,0,1,53,1,0,"indicator--d620b949-9d79-4926-8c38-ae92016ae0e2"
41,46,1,22,0,41,46,0,65,79.61727836017593,55,"Data Center/Web Hosting/Transit","HK","ABUSIVE_ACTOR","DATACENTER",1,0,0,0,0,1,0,0,1,1,22,1,0,"indicator--bdf72899-d3f0-4a5b-850d-e7f7373544ac"
0,80,0,0,0,0,80,0,0,0,0,"unknown","unknown","unknown","unknown",0,0,0,0,0,0,0,0,0,0,0,0,0,"indicator--threatfox-cef22752-64d3-50b2-9034-68bc65b8008d"
37,42,1,14,0,37,42,0,65,73.76091259055681,55,"Data Center/Web Hosting/Transit","US","ABUSIVE_ACTOR","DATACENTER",1,0,0,0,0,1,0,0,1,1,14,1,0,"indicator--71428922-149a-4a27-b26d-958d8f86ed69"
32,37,1,14,0,32,37,0,65,68.76091259055681,55,"Data Center/Web Hosting/Transit","HK","ABUSIVE_ACTOR","DATACENTER",1,0,0,0,0,1,0,0,1,1,14,1,0,"indicator--f0af8b61-c25e-4601-ac67-773a19243e8d"
0,80,0,0,0,0,80,0,0,0,0,"unknown","unknown","unknown","unknown",0,0,0,0,0,0,0,0,0,0,0,0,0,"indicator--threatfox-0603ae6c-6632-59c2-9f27-1e2d389de67c"
100,100,1,1223,0,100,100,0,90,130.87781417809543,70,"Commercial","US","UNKNOWN_THREAT","UNKNOWN",0,0,0,0,0,1,0,0,0,1,1223,1,0,"indicator--d72b9a62-8c0c-4ac3-a4ce-b91523787f0c"
0,80,0,0,0,0,80,0,0,0,0,"unknown","unknown","unknown","unknown",0,0,0,0,0,0,0,0,0,0,0,0,0,"indicator--threatfox-1ecc8a5f-05d1-580f-8e16-eb5ae6233355"
57,72,1,137,3,57,72,0,80,106.39879086401237,80,"Data Center/Web Hosting/Transit","SG","SCANNER","DATACENTER",1,0,0,0,0,1,1,0,1,1,34.25,1,0,"indicator--38710a69-8fbc-4a16-bfe7-6e0e4f6655fc"
100,100,1,465,0,100,100,0,95,126.68385916689999,70,"Data Center/Web Hosting/Transit","SG","SCANNER","CLOUD",0,0,0,0,0,1,0,0,0,1,465,1,0,"indicator--579b89bb-e5e2-4c17-bfd7-a80ef1f77981"
22,37,1,21,1,22,37,0,65,61.42422680822206,70,"Data Center/Web Hosting/Transit","SG","ABUSIVE_ACTOR","DATACENTER",1,0,0,0,0,1,1,0,1,1,10.5,1,0,"indicator--cf4314c9-565a-4bfd-90f6-d6823bcef5a3"
47,47,1,52,0,47,47,0,65,64.24275869600788,60,"Data Center/Web Hosting/Transit","US","ABUSIVE_ACTOR","CLOUD",0,0,0,0,0,1,0,0,0,1,52,1,0,"indicator--9fe915d8-4b93-42d3-8bc4-c4a2973c32da"
0,80,0,0,0,0,80,0,0,0,0,"unknown","unknown","unknown","unknown",0,0,0,0,0,0,0,0,0,0,0,0,0,"indicator--threatfox-65248eb5-5532-5904-b8a3-f0dac1e60c17"
27,37,1,17,1,27,37,0,65,40.552725051033065,65,"Data Center/Web Hosting/Transit","US","ABUSIVE_ACTOR","CLOUD",0,0,0,0,0,1,1,0,0,1,8.5,1,0,"indicator--6bb010ef-b9b7-4bfb-9517-cc576e8edd4b"
32,47,1,10,3,32,47,0,65,70.41392685158225,70,"Data Center/Web Hosting/Transit","SG","ABUSIVE_ACTOR","DATACENTER",1,0,0,0,0,1,1,0,1,1,2.5,1,0,"indicator--a2880ac1-a0fc-4657-91be-442c480563cd"
46,46,1,77,0,46,46,0,65,64.9209460269048,60,"Data Center/Web Hosting/Transit","US","ABUSIVE_ACTOR","CLOUD",0,0,0,0,0,1,0,0,0,1,77,1,0,"indicator--289da1c8-5abc-4fec-a587-9b697ecbabf9"
100,100,1,678,4,100,100,0,95,132.31869774280503,85,"Data Center/Web Hosting/Transit","JP","SCANNER","DATACENTER",0,0,0,0,0,1,1,0,0,1,135.6,1,0,"indicator--99d62b50-7cd5-4048-8a81-d8d54654be7b"
42,42,1,10,0,42,42,0,0,52.41392685158225,50,"Data Center/Web Hosting/Transit","SG","ABUSIVE_ACTOR","CLOUD",0,0,0,0,0,1,0,0,0,1,10,1,0,"indicator--f4b13285-1070-4bde-bc18-cbb1fa8b2bbf"
100,100,1,111,0,100,100,0,70,120.49218022670182,70,"Data Center/Web Hosting/Transit","NL","SCANNER","DATACENTER",0,0,0,0,0,1,0,0,0,1,111,1,0,"indicator--cdceabe5-f6aa-4e12-8af2-fa515e4f035a"
100,100,1,48,0,100,100,0,70,116.90196080028514,60,"Data Center/Web Hosting/Transit","US","ABUSIVE_ACTOR","CLOUD",0,0,0,0,0,1,0,0,0,1,48,1,0,"indicator--fc1a27ff-ff43-410c-88d9-1dfeb61b06cb"
0,80,0,0,0,0,80,0,0,0,0,"unknown","unknown","unknown","unknown",0,0,0,0,0,0,0,0,0,0,0,0,0,"indicator--threatfox-1e8c0d0a-be00-56d7-adc2-9f79191f4dda"
42,47,1,14,0,42,47,0,65,78.76091259055681,55,"Data Center/Web Hosting/Transit","US","ABUSIVE_ACTOR","DATACENTER",1,0,0,0,0,1,0,0,1,1,14,1,0,"indicator--9755c2b7-4064-4985-abb6-960b4f64c1fe"
38,43,1,14,0,38,43,0,65,74.76091259055681,55,"Data Center/Web Hosting/Transit","US","ABUSIVE_ACTOR","DATACENTER",1,0,0,0,0,1,0,0,1,1,14,1,0,"indicator--d407c230-11ff-4a7d-ab78-6bb0885a7f10"
100,100,1,1282,0,100,100,0,95,156.08226656374927,75,"Data Center/Web Hosting/Transit","IN","SCANNER","DATACENTER",1,0,0,0,0,1,0,0,1,1,1282,1,0,"indicator--00337c7e-5cf3-42af-b76c-bd3197caaaac"
100,100,1,1066,0,100,100,0,90,130.2816441942447,70,"Commercial","US","UNKNOWN_THREAT","UNKNOWN",0,0,0,0,0,1,0,0,0,1,1066,1,0,"indicator--dd57c6cc-c55d-4798-a36b-7aee65c09292"
100,100,1,607,4,100,100,0,95,131.83903579272734,85,"Data Center/Web Hosting/Transit","US","SCANNER","CLOUD",0,0,0,0,0,1,1,0,0,1,121.4,1,0,"indicator--c093ffba-d7ff-48cb-baab-74878206e24a"
30,30,1,15,0,30,30,0,65,42.04119982655925,50,"Data Center/Web Hosting/Transit","US","ABUSIVE_ACTOR","CLOUD",0,0,0,0,0,1,0,0,0,1,15,1,0,"indicator--fcdebcb0-eb6c-493f-a2b7-eba62822e775"
61,61,1,21,0,61,61,0,65,74.42422680822206,50,"Data Center/Web Hosting/Transit","US","ABUSIVE_ACTOR","CLOUD",0,0,0,0,0,1,0,0,0,1,21,1,0,"indicator--9909a026-df17-4cb9-99f4-dbbae1800cf8"
88,98,1,23,1,88,98,0,75,102.80211241711606,75,"Fixed Line ISP","US","UNKNOWN_THREAT","RESIDENTIAL",0,0,1,0,0,1,1,0,0,1,11.5,1,0,"indicator--92966fc7-9f7a-4659-9afe-2bfcf39b3f2d"
0,80,0,0,0,0,80,0,0,0,0,"unknown","unknown","unknown","unknown",0,0,0,0,0,0,0,0,0,0,0,0,0,"indicator--threatfox-64bc0e7f-5ca0-594d-96ea-cc9adf76eae5"
54,54,1,106,0,54,54,0,75,74.2938377768521,60,"Data Center/Web Hosting/Transit","US","SCANNER","CLOUD",0,0,0,0,0,1,0,0,0,1,106,1,0,"indicator--82accbf6-206a-4208-9784-157b79d2d182"
36,36,1,13,0,36,36,0,0,47.46128035678238,50,"Data Center/Web Hosting/Transit","CA","ABUSIVE_ACTOR","DATACENTER",0,0,0,0,0,1,0,0,0,1,13,1,0,"indicator--cfaad243-c360-464f-87eb-fe8e4ad1fb2d"
23,38,1,9,1,23,38,0,65,59,70,"Data Center/Web Hosting/Transit","SG","ABUSIVE_ACTOR","DATACENTER",1,0,0,0,0,1,1,0,1,1,4.5,1,0,"indicator--ab5c5a22-8a49-4bd5-ae42-981bbd8b5384"
45,45,1,69,0,45,45,0,65,63.45098040014257,60,"Data Center/Web Hosting/Transit","US","ABUSIVE_ACTOR","CLOUD",0,0,0,0,0,1,0,0,0,1,69,1,0,"indicator--a658c36d-d9c9-4a44-b5c6-76eca44af16e"
56,61,1,87,0,56,61,0,65,100.44482672150168,65,"Data Center/Web Hosting/Transit","HK","ABUSIVE_ACTOR","DATACENTER",1,0,0,0,0,1,0,0,1,1,87,1,0,"indicator--19ff3dca-52c3-4675-8347-7696d1ea1a29"
0,80,0,0,0,0,80,0,0,0,0,"unknown","unknown","unknown","unknown",0,0,0,0,0,0,0,0,0,0,0,0,0,"indicator--threatfox-2b977b4f-d6ff-5e08-9b16-59a8d09cfe27"
75,75,1,56,0,75,75,0,0,92.55874855672491,60,"Content Delivery Network","FR","UNKNOWN_THREAT","UNKNOWN",0,0,0,0,0,1,0,0,0,1,56,1,0,"indicator--6bd86a91-ecdf-487d-ad00-7c37b288bb58"
44,44,1,54,0,44,44,0,65,61.403626894942434,60,"Data Center/Web Hosting/Transit","US","ABUSIVE_ACTOR","CLOUD",0,0,0,0,0,1,0,0,0,1,54,1,0,"indicator--01ecc146-e794-4119-9402-008dbccf393c"
65,70,1,35,0,65,70,0,65,105.56302500767288,55,"Data Center/Web Hosting/Transit","DE","ABUSIVE_ACTOR","DATACENTER",1,0,0,0,0,1,0,0,1,1,35,1,0,"indicator--8bcdfe69-8066-4c80-a016-a56368324fa9"
30,30,1,67,0,30,30,0,65,48.32508912706236,60,"Data Center/Web Hosting/Transit","US","ABUSIVE_ACTOR","CLOUD",0,0,0,0,0,1,0,0,0,1,67,1,0,"indicator--5917c537-6da5-4615-9315-a3056a561565"
0,80,0,0,0,0,80,0,0,0,0,"unknown","unknown","unknown","unknown",0,0,0,0,0,0,0,0,0,0,0,0,0,"indicator--threatfox-e83b3910-53a1-5be4-84b3-6ef6a619e26b"
39,44,1,16,0,39,44,0,65,76.30448921378274,55,"Data Center/Web Hosting/Transit","US","ABUSIVE_ACTOR","DATACENTER",1,0,0,0,0,1,0,0,1,1,16,1,0,"indicator--d9b3d25e-df14-4607-b44b-c5177014188c"
43,43,1,61,0,43,43,0,65,60.92391689498254,60,"Data Center/Web Hosting/Transit","US","ABUSIVE_ACTOR","CLOUD",0,0,0,0,0,1,0,0,0,1,61,1,0,"indicator--e0cf6b92-96c4-474b-8201-c5dd0d247655"
100,100,1,548,0,100,100,0,90,127.39572344450092,70,"Data Center/Web Hosting/Transit","US","SCANNER","CLOUD",0,0,0,0,0,1,0,0,0,1,548,1,0,"indicator--74d74247-0631-4d61-9fde-7f31ff6a96ef"
39,39,1,72,0,39,39,0,65,57.63322860120456,60,"Data Center/Web Hosting/Transit","US","ABUSIVE_ACTOR","CLOUD",0,0,0,0,0,1,0,0,0,1,72,1,0,"indicator--fa8c6e5b-1f2d-4db7-b7a3-dab49bbf3cd6"
66,71,1,105,0,66,71,0,75,111.2530586526477,65,"Data Center/Web Hosting/Transit","SG","SCANNER","DATACENTER",1,0,0,0,0,1,0,0,1,1,105,1,0,"indicator--f0403880-9f5f-4113-9461-eed39f973acf"
39,39,1,16,0,39,39,0,65,51.30448921378274,50,"Data Center/Web Hosting/Transit","US","ABUSIVE_ACTOR","CLOUD",0,0,0,0,0,1,0,0,0,1,16,1,0,"indicator--e0edd2b9-c88a-4000-b55f-8e2129cc73c2"
45,45,1,67,0,45,45,0,65,63.32508912706236,60,"Data Center/Web Hosting/Transit","US","ABUSIVE_ACTOR","CLOUD",0,0,0,0,0,1,0,0,0,1,67,1,0,"indicator--af05f980-15b0-4d0d-9501-99783e26f1de"
100,100,1,611,0,100,100,0,95,127.86751422145562,70,"Data Center/Web Hosting/Transit","JP","SCANNER","CLOUD",0,0,0,0,0,1,0,0,0,1,611,1,0,"indicator--ce2a1e6c-bea0-4a81-97ee-66ed8bcdbdcc"
0,80,0,0,0,0,80,0,0,0,0,"unknown","unknown","unknown","unknown",0,0,0,0,0,0,0,0,0,0,0,0,0,"indicator--threatfox-4ab6d7da-7046-5605-93fa-666923c19556"
38,38,1,51,0,38,38,0,65,55.16003343634799,60,"Data Center/Web Hosting/Transit","IN","ABUSIVE_ACTOR","CLOUD",0,0,0,0,0,1,0,0,0,1,51,1,0,"indicator--052fa899-4437-46ea-baa3-333b2eafd7d3"
38,38,1,25,0,38,38,0,65,52.14973347970818,50,"Data Center/Web Hosting/Transit","US","ABUSIVE_ACTOR","CLOUD",0,0,0,0,0,1,0,0,0,1,25,1,0,"indicator--6aeac850-8706-4352-8be6-e9533d536653"
100,100,1,1151,0,100,100,0,90,130.61452479087194,70,"Commercial","US","UNKNOWN_THREAT","UNKNOWN",0,0,0,0,0,1,0,0,0,1,1151,1,0,"indicator--5f8a85c4-c76a-487d-b809-f9e8717ceedc"
100,100,1,285,3,100,100,0,95,127.56366033129044,85,"Data Center/Web Hosting/Transit","US","SCANNER","CLOUD",0,0,0,0,0,1,1,0,0,1,71.25,1,0,"indicator--3a9f849e-4705-4363-bf1d-af68bf48f73f"
34,34,1,37,0,34,34,0,65,49.7978359661681,50,"Data Center/Web Hosting/Transit","US","ABUSIVE_ACTOR","CLOUD",0,0,0,0,0,1,0,0,0,1,37,1,0,"indicator--34ab530a-3ec0-413d-b012-e29edc03bbde"
48,48,1,8,0,48,48,0,0,57.54242509439325,50,"Data Center/Web Hosting/Transit","NL","ABUSIVE_ACTOR","DATACENTER",0,0,0,0,0,1,0,0,0,1,8,1,1,"indicator--32063478-de8b-482b-8efb-d1f123b946f0"
85,90,1,76,0,85,90,0,80,128.86490725172482,75,"Data Center/Web Hosting/Transit","US","ABUSIVE_ACTOR","DATACENTER",1,0,0,0,0,1,0,0,1,1,76,1,0,"indicator--a83f11f8-bcad-497e-93c2-4b83f59c61d2"
47,47,1,60,0,47,47,0,65,64.85329835010768,60,"Data Center/Web Hosting/Transit","IN","ABUSIVE_ACTOR","CLOUD",0,0,0,0,0,1,0,0,0,1,60,1,0,"indicator--e72a340b-3098-4450-86a6-9296b5320930"
37,42,1,13,0,37,42,0,65,73.46128035678238,55,"Data Center/Web Hosting/Transit","US","ABUSIVE_ACTOR","DATACENTER",1,0,0,0,0,1,0,0,1,1,13,1,0,"indicator--57bda1e6-89a0-46d1-ab3f-7aaa28db9ed7"
0,80,0,0,0,0,80,0,0,0,0,"unknown","unknown","unknown","unknown",0,0,0,0,0,0,0,0,0,0,0,0,0,"indicator--threatfox-5dd270a9-d457-5180-acac-49b636fcc3dc"
0,80,0,0,0,0,80,0,0,0,0,"unknown","unknown","unknown","unknown",0,0,0,0,0,0,0,0,0,0,0,0,0,"indicator--threatfox-ad677274-0bc7-59ed-85af-2ee26570292d"
30,30,1,14,0,30,30,0,65,41.76091259055681,50,"Data Center/Web Hosting/Transit","US","ABUSIVE_ACTOR","CLOUD",0,0,0,0,0,1,0,0,0,1,14,1,0,"indicator--1b621bbe-86b8-4eca-87fd-b91315da45b3"
69,69,1,16,0,69,69,0,65,81.30448921378274,50,"Data Center/Web Hosting/Transit","US","ABUSIVE_ACTOR","CLOUD",0,0,0,0,0,1,0,0,0,1,16,1,0,"indicator--d2c86880-a8f9-47e9-83dd-b2d6e7d01377"
39,44,1,13,0,39,44,0,65,75.46128035678238,55,"Data Center/Web Hosting/Transit","US","ABUSIVE_ACTOR","DATACENTER",1,0,0,0,0,1,0,0,1,1,13,1,0,"indicator--287f5e05-4146-4d0b-b09e-d74ac5c5b86b"
31,36,1,9,0,31,36,0,65,66,55,"Data Center/Web Hosting/Transit","DE","ABUSIVE_ACTOR","DATACENTER",1,0,0,0,0,1,0,0,1,1,9,1,0,"indicator--ff7c7b94-2cba-4620-8ff0-6da669a60d78"
36,51,1,10,1,36,51,0,65,72.41392685158225,70,"Data Center/Web Hosting/Transit","SG","ABUSIVE_ACTOR","DATACENTER",1,0,0,0,0,1,1,0,1,1,5,1,0,"indicator--8e9f7eef-7d46-454b-b660-d3d1f638163e"
45,45,1,63,0,45,45,0,65,63.061799739838875,60,"Data Center/Web Hosting/Transit","US","ABUSIVE_ACTOR","CLOUD",0,0,0,0,0,1,0,0,0,1,63,1,0,"indicator--81dc4208-88a3-493a-9b35-72080317381a"
47,52,1,18,0,47,52,0,65,84.78753600952828,55,"Data Center/Web Hosting/Transit","US","ABUSIVE_ACTOR","DATACENTER",1,0,0,0,0,1,0,0,1,1,18,1,0,"indicator--5bda33f0-15f6-4585-83da-adec16ca4bba"
30,30,1,7,0,30,30,0,0,39.03089986991944,50,"Fixed Line ISP","ZA","UNKNOWN_THREAT","RESIDENTIAL",0,0,1,0,0,1,0,0,0,1,7,1,0,"indicator--fe12e5f7-2f87-448c-96cd-8971f00bf211"
50,50,1,15,0,50,50,0,0,62.04119982655925,50,"Commercial","IN","UNKNOWN_THREAT","UNKNOWN",0,0,0,0,0,1,0,0,0,1,15,1,0,"indicator--28127115-83df-44d5-b9bc-6550d7212cf4"
100,100,1,78,0,100,100,0,70,118.97627091290441,70,"Data Center/Web Hosting/Transit","NO","ABUSIVE_ACTOR","CLOUD",0,0,0,0,0,1,0,0,0,1,78,1,0,"indicator--807b1811-08e0-402c-96e0-7d3e1f2ea99d"
32,32,1,18,0,32,32,0,65,44.78753600952829,50,"Data Center/Web Hosting/Transit","US","ABUSIVE_ACTOR","CLOUD",0,0,0,0,0,1,0,0,0,1,18,1,0,"indicator--d7b47363-7bfb-4a2c-b58d-b55f3cf0e48c"
49,49,1,57,0,49,49,0,65,66.63427993562937,60,"Data Center/Web Hosting/Transit","US","ABUSIVE_ACTOR","CLOUD",0,0,0,0,0,1,0,0,0,1,57,1,0,"indicator--a03b4a71-fd0a-4952-8bfc-4b0cbdacebf7"
0,80,0,0,0,0,80,0,0,0,0,"unknown","unknown","unknown","unknown",0,0,0,0,0,0,0,0,0,0,0,0,0,"indicator--threatfox-63278786-29b5-5169-b9aa-77e3a41b3c99"
27,42,1,9,2,27,42,0,65,64,70,"Data Center/Web Hosting/Transit","SG","ABUSIVE_ACTOR","DATACENTER",1,0,0,0,0,1,1,0,1,1,3,1,0,"indicator--e7ccd181-9f9d-411d-98c9-a466928aeb38"
25,35,1,4,1,25,35,0,65,32.98970004336019,65,"Data Center/Web Hosting/Transit","US","ABUSIVE_ACTOR","CLOUD",0,0,0,0,0,1,1,0,0,1,2,1,0,"indicator--697a3288-f145-4d0a-b690-420e65e50ad1"
0,80,0,0,0,0,80,0,0,0,0,"unknown","unknown","unknown","unknown",0,0,0,0,0,0,0,0,0,0,0,0,0,"indicator--threatfox-89571ec0-030a-5711-801a-cf53c89c6534"
45,45,1,48,0,45,45,0,65,61.90196080028514,50,"Data Center/Web Hosting/Transit","ES","ABUSIVE_ACTOR","CLOUD",0,0,0,0,0,1,0,0,0,1,48,1,0,"indicator--4263ecf6-8854-4a87-a329-c2cbe0560fc2"
44,54,1,11,1,44,54,0,65,55.79181246047625,65,"Data Center/Web Hosting/Transit","US","ABUSIVE_ACTOR","CLOUD",0,0,0,0,0,1,1,0,0,1,5.5,1,0,"indicator--7154a9b2-f79a-4160-9107-ab88dfa623a3"
100,100,1,283,0,100,100,0,90,124.53318340047038,70,"Data Center/Web Hosting/Transit","FR","SCANNER","DATACENTER",0,0,0,0,0,1,0,0,0,1,283,1,1,"indicator--119a1476-33ca-477d-aa74-8f4a3eb63712"
30,30,1,45,0,30,30,0,65,46.62757831681574,50,"Data Center/Web Hosting/Transit","PL","ABUSIVE_ACTOR","CLOUD",0,0,0,0,0,1,0,0,0,1,45,1,0,"indicator--c4f30dbc-b756-44f0-be91-3f825dd3861a"
44,44,1,28,0,44,44,0,65,58.62397997898956,50,"Data Center/Web Hosting/Transit","GB","ABUSIVE_ACTOR","CLOUD",0,0,0,0,0,1,0,0,0,1,28,1,0,"indicator--4bbfed56-c732-43b7-893e-366c23eb8831"
39,39,1,18,0,39,39,0,65,51.78753600952829,50,"Data Center/Web Hosting/Transit","US","ABUSIVE_ACTOR","CLOUD",0,0,0,0,0,1,0,0,0,1,18,1,0,"indicator--fbe7eef5-e89c-4a26-b80d-da75dfa2ee26"
39,39,1,13,0,39,39,0,0,50.46128035678238,50,"Data Center/Web Hosting/Transit","CA","ABUSIVE_ACTOR","DATACENTER",0,0,0,0,0,1,0,0,0,1,13,1,0,"indicator--2b8176ef-2c9a-4622-ba73-a5f0c5857d48"
34,39,1,9,0,34,39,0,65,69,55,"Data Center/Web Hosting/Transit","US","ABUSIVE_ACTOR","DATACENTER",1,0,0,0,0,1,0,0,1,1,9,1,0,"indicator--00d98300-a418-456d-838d-fd54c87865ba"
46,46,1,48,0,46,46,0,65,62.90196080028514,50,"Data Center/Web Hosting/Transit","PL","ABUSIVE_ACTOR","CLOUD",0,0,0,0,0,1,0,0,0,1,48,1,0,"indicator--7e9805c8-46b9-4c4b-be66-4e494608d897"
45,45,1,103,0,45,45,0,70,65.1703333929878,60,"Data Center/Web Hosting/Transit","US","SCANNER","CLOUD",0,0,0,0,0,1,0,0,0,1,103,1,0,"indicator--37df83ba-090b-43ec-8a9b-d2b152200552"
49,49,1,78,0,49,49,0,65,67.97627091290441,60,"Data Center/Web Hosting/Transit","US","ABUSIVE_ACTOR","CLOUD",0,0,0,0,0,1,0,0,0,1,78,1,0,"indicator--2b64a45e-d846-4729-b656-5d3bcda042c8"
41,41,1,57,0,41,41,0,65,58.63427993562937,60,"Data Center/Web Hosting/Transit","US","ABUSIVE_ACTOR","CLOUD",0,0,0,0,0,1,0,0,0,1,57,1,0,"indicator--7906c3c8-9837-4a7d-8745-30edec5bc0aa"
34,39,1,6,0,34,39,0,65,67.45098040014257,55,"Data Center/Web Hosting/Transit","CA","ABUSIVE_ACTOR","DATACENTER",1,0,0,0,0,1,0,0,1,1,6,1,0,"indicator--40bab0e2-5de4-4f78-aaa7-1e5464b91d55"
39,44,1,21,0,39,44,0,65,77.42422680822206,55,"Data Center/Web Hosting/Transit","SG","ABUSIVE_ACTOR","DATACENTER",1,0,0,0,0,1,0,0,1,1,21,1,0,"indicator--086cc26d-3d31-41f5-9ecd-970bc6f30327"
100,100,1,930,0,100,100,0,90,129.68949680981342,70,"Data Center/Web Hosting/Transit","DE","SCANNER","CLOUD",0,0,0,0,0,1,0,0,0,1,930,1,0,"indicator--b452b121-76ef-49e7-bfa3-c21d47ac6137"
0,80,0,0,0,0,80,0,0,0,0,"unknown","unknown","unknown","unknown",0,0,0,0,0,0,0,0,0,0,0,0,0,"indicator--threatfox-ccd304ea-c5c6-59c6-97bf-5b194ed37196"
35,35,1,44,0,35,35,0,65,51.53212513775344,50,"Data Center/Web Hosting/Transit","PL","ABUSIVE_ACTOR","CLOUD",0,0,0,0,0,1,0,0,0,1,44,1,0,"indicator--939d1901-5cbf-4daa-9d15-d20f6d15b5f3"
39,39,1,17,0,39,39,0,65,51.552725051033065,50,"Data Center/Web Hosting/Transit","US","ABUSIVE_ACTOR","CLOUD",0,0,0,0,0,1,0,0,0,1,17,1,0,"indicator--a2980456-466b-4dbc-b238-68e5d15f2cb2"
30,30,1,35,0,30,30,0,65,45.56302500767288,50,"Data Center/Web Hosting/Transit","BR","ABUSIVE_ACTOR","CLOUD",0,0,0,0,0,1,0,0,0,1,35,1,0,"indicator--b9672c73-e4df-4f17-a3a4-45961e49c1ea"
35,35,1,24,0,35,35,0,65,48.979400086720375,50,"Data Center/Web Hosting/Transit","ES","ABUSIVE_ACTOR","CLOUD",0,0,0,0,0,1,0,0,0,1,24,1,0,"indicator--4f90f5e0-e8a9-479d-afff-6cc63e59a747"
53,53,1,58,0,53,53,0,65,70.70852011642144,60,"Data Center/Web Hosting/Transit","US","ABUSIVE_ACTOR","CLOUD",0,0,0,0,0,1,0,0,0,1,58,1,0,"indicator--47373a78-4b58-4db1-91f3-f75d55a136e2"
41,41,1,15,0,41,41,0,0,53.04119982655925,50,"Data Center/Web Hosting/Transit","CA","ABUSIVE_ACTOR","DATACENTER",0,0,0,0,0,1,0,0,0,1,15,1,0,"indicator--516a6724-f455-46b0-a229-1b51904f553c"
32,47,1,9,2,32,47,0,65,69,70,"Data Center/Web Hosting/Transit","SG","ABUSIVE_ACTOR","DATACENTER",1,0,0,0,0,1,1,0,1,1,3,1,0,"indicator--3e7b43d2-a57b-4ab0-bdb2-1cc8bd04f135"
57,72,1,100,2,57,72,0,65,104.04321373782642,80,"Data Center/Web Hosting/Transit","SG","ABUSIVE_ACTOR","DATACENTER",1,0,0,0,0,1,1,0,1,1,33.333333333333336,1,0,"indicator--9fd06fa8-b4b9-482d-a85a-47079c73530b"
100,100,1,456,0,100,100,0,90,126.5991620006985,70,"Data Center/Web Hosting/Transit","US","SCANNER","DATACENTER",0,0,0,0,0,1,0,0,0,1,456,1,0,"indicator--494998e8-a678-49b6-b75c-5ca22c60d999"
39,39,1,65,0,39,39,0,65,57.195439355418685,60,"Data Center/Web Hosting/Transit","US","ABUSIVE_ACTOR","CLOUD",0,0,0,0,0,1,0,0,0,1,65,1,0,"indicator--e8129b08-cab2-4e1f-b743-b5f8cbecfcdc"
37,37,1,11,0,37,37,0,0,47.79181246047625,50,"Data Center/Web Hosting/Transit","CA","ABUSIVE_ACTOR","DATACENTER",0,0,0,0,0,1,0,0,0,1,11,1,0,"indicator--745feb25-4c61-47ea-8b18-568eb423c184"
38,43,1,27,0,38,43,0,65,77.4715803134222,55,"Data Center/Web Hosting/Transit","HK","ABUSIVE_ACTOR","DATACENTER",1,0,0,0,0,1,0,0,1,1,27,1,0,"indicator--95b9d36f-466d-44fd-b07f-153d52e59fa3"
0,80,0,0,0,0,80,0,0,0,0,"unknown","unknown","unknown","unknown",0,0,0,0,0,0,0,0,0,0,0,0,0,"indicator--threatfox-22237e85-e19b-5c27-a6d7-238bcd2a085b"
63,63,1,31,0,63,63,0,65,78.05149978319906,50,"Data Center/Web Hosting/Transit","US","ABUSIVE_ACTOR","CLOUD",0,0,0,0,0,1,0,0,0,1,31,1,0,"indicator--fc5794dc-8714-49a5-9931-37a7cc3c824e"
100,100,1,296,0,100,100,0,90,124.72756449317212,70,"Data Center/Web Hosting/Transit","LT","SCANNER","DATACENTER",0,0,0,0,0,1,0,0,0,1,296,1,0,"indicator--69011a1e-579e-4233-8e0d-d85388481740"
0,80,0,0,0,0,80,0,0,0,0,"unknown","unknown","unknown","unknown",0,0,0,0,0,0,0,0,0,0,0,0,0,"indicator--threatfox-29558fe4-8a9e-588c-8b27-6187ad7297c0"
73,73,1,14,0,73,73,0,0,84.76091259055681,50,"Data Center/Web Hosting/Transit","PL","ABUSIVE_ACTOR","DATACENTER",0,0,0,0,0,1,0,0,0,1,14,1,0,"indicator--fc0453f5-0087-422f-810b-dda8d0f0bbaf"
55,70,1,125,1,55,70,0,75,102.00370545117563,80,"Data Center/Web Hosting/Transit","SG","SCANNER","DATACENTER",1,0,0,0,0,1,1,0,1,1,62.5,1,0,"indicator--a12a6d4c-ab92-418c-9b38-aa4c2554da9c"
33,33,1,55,0,33,33,0,65,50.48188027006201,60,"Data Center/Web Hosting/Transit","JP","ABUSIVE_ACTOR","CLOUD",0,0,0,0,0,1,0,0,0,1,55,1,0,"indicator--b4bd33a6-803c-4d78-9a1b-56020df2973a"
100,100,1,104,0,100,100,0,70,120.21189299069938,70,"Fixed Line ISP","CN","UNKNOWN_THREAT","RESIDENTIAL",0,0,1,0,0,1,0,0,0,1,104,1,0,"indicator--e6b60702-d597-4130-bdc5-8b617030a02c"
0,80,0,0,0,0,80,0,0,0,0,"unknown","unknown","unknown","unknown",0,0,0,0,0,0,0,0,0,0,0,0,0,"indicator--threatfox-4f1d575f-45ef-58a4-803f-ff398e0c4daa"
37,37,1,68,0,37,37,0,65,55.38849090737256,60,"Data Center/Web Hosting/Transit","US","ABUSIVE_ACTOR","CLOUD",0,0,0,0,0,1,0,0,0,1,68,1,0,"indicator--939b7de3-85a8-4f8e-944d-ca2b92f4ca2f"
38,38,1,24,0,38,38,0,65,51.979400086720375,50,"Data Center/Web Hosting/Transit","JP","ABUSIVE_ACTOR","CLOUD",0,0,0,0,0,1,0,0,0,1,24,1,0,"indicator--1cf84c8a-544e-480d-a041-4710e13bf18b"
45,45,1,57,0,45,45,0,65,62.63427993562937,60,"Data Center/Web Hosting/Transit","US","ABUSIVE_ACTOR","CLOUD",0,0,0,0,0,1,0,0,0,1,57,1,0,"indicator--3eb18f19-0b74-4238-91f5-e71be7de2ab0"
33,33,1,28,0,33,33,0,65,47.62397997898956,50,"Data Center/Web Hosting/Transit","IT","ABUSIVE_ACTOR","CLOUD",0,0,0,0,0,1,0,0,0,1,28,1,0,"indicator--b844cc19-d3a4-41f4-b614-6466645f97af"
31,31,1,49,0,31,31,0,65,47.98970004336019,50,"Data Center/Web Hosting/Transit","BR","ABUSIVE_ACTOR","CLOUD",0,0,0,0,0,1,0,0,0,1,49,1,0,"indicator--b5bd4207-a2e9-4475-9cc4-d0098b44e643"
0,80,0,0,0,0,80,0,0,0,0,"unknown","unknown","unknown","unknown",0,0,0,0,0,0,0,0,0,0,0,0,0,"indicator--threatfox-7fa869fc-4916-54de-af99-87f0e6e9d975"
0,80,0,0,0,0,80,0,0,0,0,"unknown","unknown","unknown","unknown",0,0,0,0,0,0,0,0,0,0,0,0,0,"indicator--threatfox-1503412c-2920-56d4-b3c4-564c0a92fd77"
100,100,1,1007,0,100,100,0,95,155.03460532109506,75,"Data Center/Web Hosting/Transit","PL","SCANNER","DATACENTER",1,0,0,0,0,1,0,0,1,1,1007,1,0,"indicator--66747169-6fcb-4b8d-a1d4-c07e5be12a3e"
0,80,0,0,0,0,80,0,0,0,0,"unknown","unknown","unknown","unknown",0,0,0,0,0,0,0,0,0,0,0,0,0,"indicator--threatfox-e08f0258-4d11-58d7-ade4-fd5098fc7e1d"
45,45,1,22,0,45,45,0,0,58.61727836017593,50,"Fixed Line ISP","CN","UNKNOWN_THREAT","RESIDENTIAL",0,0,1,0,0,1,0,0,0,1,22,1,0,"indicator--25810265-45de-4396-8a13-3d3634c4e1bd"
37,42,1,23,0,37,42,0,65,75.80211241711606,55,"Data Center/Web Hosting/Transit","SG","ABUSIVE_ACTOR","DATACENTER",1,0,0,0,0,1,0,0,1,1,23,1,0,"indicator--7a186355-4003-49b4-b53e-9e95cbec36f0"
36,41,1,30,0,36,41,0,65,75.91361693834273,55,"Data Center/Web Hosting/Transit","SG","ABUSIVE_ACTOR","DATACENTER",1,0,0,0,0,1,0,0,1,1,30,1,0,"indicator--c7179309-b28a-48a7-ac3d-aa254aab6a46"
0,80,0,0,0,0,80,0,0,0,0,"unknown","unknown","unknown","unknown",0,0,0,0,0,0,0,0,0,0,0,0,0,"indicator--threatfox-df10e5ab-d99c-5bc4-85c0-106b72a28a68"
28,43,1,7,1,28,43,0,65,63.03089986991944,70,"Data Center/Web Hosting/Transit","SG","ABUSIVE_ACTOR","DATACENTER",1,0,0,0,0,1,1,0,1,1,3.5,1,0,"indicator--09aa68ed-c988-4386-94b6-7e0327bdae87"
43,43,1,6,0,43,43,0,65,51.45098040014257,50,"Data Center/Web Hosting/Transit","CA","ABUSIVE_ACTOR","CLOUD",0,0,0,0,0,1,0,0,0,1,6,1,0,"indicator--b8cb275c-345f-402a-964c-590f7305e51b"
56,56,1,10,0,56,56,0,65,66.41392685158225,50,"Data Center/Web Hosting/Transit","GB","ABUSIVE_ACTOR","CLOUD",0,0,0,0,0,1,0,0,0,1,10,1,0,"indicator--69eaaadf-4e96-434b-9ec5-240b116fd1fe"
68,68,1,46,0,68,68,0,65,84.72097857935718,50,"Data Center/Web Hosting/Transit","PL","ABUSIVE_ACTOR","CLOUD",0,0,0,0,0,1,0,0,0,1,46,1,0,"indicator--b1f920ad-9204-4b3c-af45-ebad86e111f9"
100,100,1,67,2,100,100,0,85,120.32508912706237,85,"Data Center/Web Hosting/Transit","US","ABUSIVE_ACTOR","CLOUD",0,0,0,0,0,1,1,0,0,1,22.333333333333332,1,0,"indicator--affb316d-d9c2-41d4-bd0a-6b84b22aa51a"
32,32,1,16,0,32,32,0,0,44.30448921378274,50,"Data Center/Web Hosting/Transit","US","ABUSIVE_ACTOR","DATACENTER",0,0,0,0,0,1,0,0,0,1,16,1,0,"indicator--8cf369b6-f718-424c-b26c-ed371f4c002e"
49,49,1,29,0,49,49,0,0,63.771212547196626,50,"Fixed Line ISP","CN","UNKNOWN_THREAT","RESIDENTIAL",0,0,1,0,0,1,0,0,0,1,29,1,0,"indicator--b2d80e8e-0ca9-47f8-bd8e-6c809a79b177"
100,100,1,56,0,100,100,0,70,117.55874855672491,70,"Data Center/Web Hosting/Transit","US","ABUSIVE_ACTOR","CLOUD",0,0,0,0,0,1,0,0,0,1,56,1,0,"indicator--14031d65-ba06-436c-ae3d-bf0b4427f577"
77,87,1,142,5,77,87,0,85,103.55336037465062,75,"Data Center/Web Hosting/Transit","US","SCANNER","DATACENTER",0,0,0,0,0,1,1,0,0,1,23.666666666666668,1,0,"indicator--62b46773-1834-44c6-b8c1-166436b54366"
47,47,1,53,0,47,47,0,65,64.32393759822969,60,"Data Center/Web Hosting/Transit","PL","ABUSIVE_ACTOR","CLOUD",0,0,0,0,0,1,0,0,0,1,53,1,0,"indicator--3feb1d17-f058-4559-84d4-1fd768bb41e4"
66,71,1,115,0,66,71,0,75,111.64457989226918,65,"Data Center/Web Hosting/Transit","SG","SCANNER","DATACENTER",1,0,0,0,0,1,0,0,1,1,115,1,0,"indicator--ea5159ec-0b10-48d6-a4fc-296f19354a9a"
33,33,1,18,0,33,33,0,65,45.78753600952829,50,"Data Center/Web Hosting/Transit","US","ABUSIVE_ACTOR","CLOUD",0,0,0,0,0,1,0,0,0,1,18,1,0,"indicator--902ac168-9d96-4737-8171-62803e975cee"
23,38,1,7,1,23,38,0,65,58.03089986991944,70,"Data Center/Web Hosting/Transit","SG","ABUSIVE_ACTOR","DATACENTER",1,0,0,0,0,1,1,0,1,1,3.5,1,0,"indicator--bda77c54-195b-4776-9217-432e893c31be"
66,66,1,41,0,66,66,0,65,82.23249290397901,50,"Data Center/Web Hosting/Transit","PL","ABUSIVE_ACTOR","CLOUD",0,0,0,0,0,1,0,0,0,1,41,1,0,"indicator--42b9527f-d198-41bb-97a9-91a126ea3fb5"
0,80,0,0,0,0,80,0,0,0,0,"unknown","unknown","unknown","unknown",0,0,0,0,0,0,0,0,0,0,0,0,0,"indicator--threatfox-2ce2dfec-770d-530a-b1df-15a19d3fecc7"
68,68,1,34,0,68,68,0,0,83.44068044350276,50,"Fixed Line ISP","CN","UNKNOWN_THREAT","RESIDENTIAL",0,0,1,0,0,1,0,0,0,1,34,1,0,"indicator--b398299e-4e10-41fc-a678-c02e7fc1f1ff"
0,80,0,0,0,0,80,0,0,0,0,"unknown","unknown","unknown","unknown",0,0,0,0,0,0,0,0,0,0,0,0,0,"indicator--threatfox-e84c0f10-cefe-5963-bc8c-5ca71410d3d5"
30,30,1,36,0,30,30,0,0,45.68201724066995,50,"Data Center/Web Hosting/Transit","US","ABUSIVE_ACTOR","DATACENTER",0,0,0,0,0,1,0,0,0,1,36,1,0,"indicator--b7c04542-47f1-43d1-acc0-78b468227b47"
100,100,1,1127,7,100,100,0,95,137.52309099647323,85,"Data Center/Web Hosting/Transit","FR","MALICIOUS_BOT","DATACENTER",0,0,0,0,0,1,1,0,0,1,140.875,1,0,"indicator--5c840733-90bf-45ea-b27b-90b224fd4bd8"
0,80,0,0,0,0,80,0,0,0,0,"unknown","unknown","unknown","unknown",0,0,0,0,0,0,0,0,0,0,0,0,0,"indicator--threatfox-e0dfe310-55b1-5eb4-a9b1-59df81e6902c"
100,100,1,349,2,100,100,0,95,127.44068044350276,85,"Data Center/Web Hosting/Transit","US","SCANNER","CLOUD",0,0,0,0,0,1,1,0,0,1,116.33333333333333,1,0,"indicator--a55527ed-828c-4324-a0e2-f394ba5378d0"
40,40,1,28,0,40,40,0,65,54.62397997898956,50,"Data Center/Web Hosting/Transit","US","ABUSIVE_ACTOR","CLOUD",0,0,0,0,0,1,0,0,0,1,28,1,0,"indicator--ad4b5cd7-b0ec-4135-862e-eb7f40f91b0e"
63,63,1,38,0,63,63,0,0,78.91064607026499,50,"Data Center/Web Hosting/Transit","US","ABUSIVE_ACTOR","DATACENTER",0,0,0,0,0,1,0,0,0,1,38,1,0,"indicator--4c4fcfa3-df72-4cf4-aa6e-eecd03b0960e"
100,100,1,267,1,100,100,0,95,125.28134794028789,85,"Data Center/Web Hosting/Transit","JP","SCANNER","CLOUD",0,0,0,0,0,1,1,0,0,1,133.5,1,0,"indicator--cab5ba4d-fa5f-4f0e-a4e3-8171b9dd9959"
100,100,1,125,0,100,100,0,70,121.00370545117563,70,"Fixed Line ISP","CN","UNKNOWN_THREAT","RESIDENTIAL",0,0,1,0,0,1,0,0,0,1,125,1,0,"indicator--101cc3cb-ce4f-4599-b21b-5f5d7fcb3c07"
100,100,1,959,10,100,100,0,95,139.8227123303957,85,"Data Center/Web Hosting/Transit","DE","MALICIOUS_BOT","CLOUD",0,0,0,0,0,1,1,0,0,1,87.18181818181819,1,0,"indicator--f71203e9-f03e-4b34-9769-d90b791614cf"
40,45,1,10,0,40,45,0,65,75.41392685158225,55,"Data Center/Web Hosting/Transit","SG","ABUSIVE_ACTOR","DATACENTER",1,0,0,0,0,1,0,0,1,1,10,1,0,"indicator--2699e20e-0360-417e-9fec-fc75b8333703"
0,80,0,0,0,0,80,0,0,0,0,"unknown","unknown","unknown","unknown",0,0,0,0,0,0,0,0,0,0,0,0,0,"indicator--threatfox-8e1b3f63-7098-5a4f-b51f-db9094ca4846"
32,42,1,9,2,32,42,0,0,44,65,"Data Center/Web Hosting/Transit","CA","ABUSIVE_ACTOR","DATACENTER",0,0,0,0,0,1,1,0,0,1,3,1,0,"indicator--cce3c07a-4cee-4060-b990-a878e816c364"
38,53,1,11,2,38,53,0,65,75.79181246047625,70,"Data Center/Web Hosting/Transit","SG","ABUSIVE_ACTOR","DATACENTER",1,0,0,0,0,1,1,0,1,1,3.6666666666666665,1,0,"indicator--72387b89-d160-4c59-8970-29a44365915b"
37,37,1,96,0,37,37,0,65,56.867717342662445,60,"Data Center/Web Hosting/Transit","BR","ABUSIVE_ACTOR","CLOUD",0,0,0,0,0,1,0,0,0,1,96,1,0,"indicator--78c42e64-d887-4f7e-b49c-7f64c3d50851"
52,52,1,74,0,52,52,0,65,70.750612633917,60,"Data Center/Web Hosting/Transit","US","ABUSIVE_ACTOR","CLOUD",0,0,0,0,0,1,0,0,0,1,74,1,0,"indicator--f4e40643-b394-4a5c-a33d-c2af17ec29ae"
52,52,1,41,0,52,52,0,0,68.23249290397901,50,"Fixed Line ISP","CN","UNKNOWN_THREAT","RESIDENTIAL",0,0,1,0,0,1,0,0,0,1,41,1,0,"indicator--b9c8907d-3b24-4682-b75a-1e64618cd4c8"
0,80,0,0,0,0,80,0,0,0,0,"unknown","unknown","unknown","unknown",0,0,0,0,0,0,0,0,0,0,0,0,0,"indicator--threatfox-af742229-8475-5c0c-9601-3a7645f45a70"
100,100,1,878,2,100,100,0,95,131.4398887507377,85,"Data Center/Web Hosting/Transit","US","SCANNER","CLOUD",0,0,0,0,0,1,1,0,0,1,292.6666666666667,1,0,"indicator--5a4c85fc-9ab1-4af8-a183-e2d028c560de"
0,80,0,0,0,0,80,0,0,0,0,"unknown","unknown","unknown","unknown",0,0,0,0,0,0,0,0,0,0,0,0,0,"indicator--threatfox-247356e6-f1f6-559c-a4d1-0c3bce15febe"
40,55,1,30,1,40,55,0,65,80.91361693834273,70,"Commercial","CN","PROXY_SERVICE","PROXY",1,0,0,0,0,1,1,0,1,1,15,1,0,"indicator--9eb366fc-1507-4578-a773-1ef1e7899d37"
100,100,1,1182,0,100,100,0,90,130.7298474462793,70,"Data Center/Web Hosting/Transit","US","SCANNER","DATACENTER",0,0,0,0,0,1,0,0,0,1,1182,1,0,"indicator--d6dea64b-9bc5-40b8-a2d3-8dbbacdeb1fc"
73,73,1,35,0,73,73,0,65,88.56302500767288,50,"Data Center/Web Hosting/Transit","PL","ABUSIVE_ACTOR","CLOUD",0,0,0,0,0,1,0,0,0,1,35,1,0,"indicator--69910a95-5070-4a89-af22-13e8d8e2ff2d"
37,37,1,15,0,37,37,0,0,49.04119982655925,50,"Data Center/Web Hosting/Transit","DE","ABUSIVE_ACTOR","DATACENTER",0,0,0,0,0,1,0,0,0,1,15,1,0,"indicator--e6898f67-d548-40b5-991e-d30b97b59565"
100,100,1,333,0,100,100,0,90,125.23746466811565,70,"Data Center/Web Hosting/Transit","LT","SCANNER","DATACENTER",0,0,0,0,0,1,0,0,0,1,333,1,0,"indicator--952391fa-b470-45e7-8f1f-e72bdd10046b"
37,52,1,29,1,37,52,0,65,77.77121254719663,70,"Data Center/Web Hosting/Transit","SG","ABUSIVE_ACTOR","DATACENTER",1,0,0,0,0,1,1,0,1,1,14.5,1,0,"indicator--ff808715-b0fb-4adb-a482-d0e16fa07cce"
50,60,1,15,2,50,60,0,0,64.04119982655925,65,"Mobile ISP","PL","UNKNOWN_THREAT","RESIDENTIAL",0,0,1,0,0,1,1,0,0,1,5,1,0,"indicator--d6f55fd5-053d-4bd3-8333-fc8f39527395"
90,95,1,201,0,90,95,0,90,138.05351369446623,75,"Data Center/Web Hosting/Transit","SG","SCANNER","DATACENTER",1,0,0,0,0,1,0,0,1,1,201,1,0,"indicator--bd6c9406-b6c5-41a1-88de-5774a75926fb"
96,96,1,71,0,96,96,0,65,114.57332496431269,70,"Fixed Line ISP","US","UNKNOWN_THREAT","RESIDENTIAL",0,0,1,0,0,1,0,0,0,1,71,1,0,"indicator--8a27e1b0-6b99-4ea9-afad-8f6c41ed1900"
46,46,1,35,0,46,46,0,65,61.56302500767288,50,"Data Center/Web Hosting/Transit","ES","ABUSIVE_ACTOR","CLOUD",0,0,0,0,0,1,0,0,0,1,35,1,0,"indicator--a1ed0957-8598-490d-8a78-5237fe9acf87"
49,49,1,72,0,49,49,0,65,67.63322860120456,60,"Data Center/Web Hosting/Transit","US","ABUSIVE_ACTOR","CLOUD",0,0,0,0,0,1,0,0,0,1,72,1,0,"indicator--1ca740f2-c2ce-48b7-8dfb-6bb5b649f29c"
23,38,1,7,2,23,38,0,65,59.03089986991944,70,"Data Center/Web Hosting/Transit","SG","ABUSIVE_ACTOR","DATACENTER",1,0,0,0,0,1,1,0,1,1,2.3333333333333335,1,0,"indicator--047f749b-690f-4fb2-9e1e-ff6daae7ff7a"
100,100,1,414,0,100,100,0,90,126.18048096712093,70,"Fixed Line ISP","NL","UNKNOWN_THREAT","RESIDENTIAL",0,0,1,0,0,1,0,0,0,1,414,1,0,"indicator--07c97d19-6630-4ea8-b9af-d00480595d25"
100,100,1,319,0,100,100,0,90,125.05149978319906,70,"Data Center/Web Hosting/Transit","DE","SCANNER","DATACENTER",0,0,0,0,0,1,0,0,0,1,319,1,0,"indicator--3f813219-49f6-48c6-b521-dee5382156b9"
80,80,1,18,0,80,80,0,80,92.78753600952828,50,"Data Center/Web Hosting/Transit","US","ABUSIVE_ACTOR","DATACENTER",0,0,0,0,0,1,0,0,0,1,18,1,0,"indicator--25ed6c28-f6ca-4033-a3a5-5b70fc95d9c7"
51,51,1,23,0,51,51,0,65,64.80211241711606,50,"Data Center/Web Hosting/Transit","US","ABUSIVE_ACTOR","CLOUD",0,0,0,0,0,1,0,0,0,1,23,1,0,"indicator--aff322d8-f3e4-4901-abf6-d08c3ba2ee49"
0,80,0,0,0,0,80,0,0,0,0,"unknown","unknown","unknown","unknown",0,0,0,0,0,0,0,0,0,0,0,0,0,"indicator--threatfox-514d4e18-5d58-5bb9-bf03-60ae9b3574f1"
100,100,1,46,1,100,100,0,75,117.72097857935718,75,"Fixed Line ISP","MA","UNKNOWN_THREAT","RESIDENTIAL",0,0,1,0,0,1,1,0,0,1,23,1,0,"indicator--923ed58e-0ea0-4cc3-82b3-04922ec0319d"
100,100,1,87,4,100,100,0,80,123.44482672150168,85,"Data Center/Web Hosting/Transit","SG","ABUSIVE_ACTOR","CLOUD",0,0,0,0,0,1,1,0,0,1,17.4,1,0,"indicator--4fed1df0-65c8-4e74-b599-16fd4e94f3af"
100,100,1,1097,0,100,100,0,90,130.40602340114074,70,"Data Center/Web Hosting/Transit","US","SCANNER","DATACENTER",0,0,0,0,0,1,0,0,0,1,1097,1,0,"indicator--e07c9cbe-a359-4293-b577-0e1153065178"
32,32,1,125,0,32,32,0,65,53.003705451175634,60,"Data Center/Web Hosting/Transit","US","SCANNER","DATACENTER",0,0,0,0,0,1,0,0,0,1,125,1,0,"indicator--828cf455-af40-4479-b940-ca000af542fc"
100,100,1,779,0,100,100,0,90,128.9209460269048,70,"Data Center/Web Hosting/Transit","DE","SCANNER","CLOUD",0,0,0,0,0,1,0,0,0,1,779,1,0,"indicator--f5821e1b-32e7-4de6-a7f6-6b74f114fb7c"
100,100,1,613,9,100,100,0,95,136.88168371141168,85,"Data Center/Web Hosting/Transit","FR","MALICIOUS_BOT","DATACENTER",0,0,0,0,0,1,1,0,0,1,61.3,1,0,"indicator--5f40a6dc-3c95-4ef1-98fc-73a3b7f2a01a"
30,45,1,8,2,30,45,0,65,66.54242509439325,70,"Data Center/Web Hosting/Transit","SG","ABUSIVE_ACTOR","DATACENTER",1,0,0,0,0,1,1,0,1,1,2.6666666666666665,1,0,"indicator--4e264d5b-ed67-46be-9342-7181cf056ed9"
58,63,1,149,0,58,63,0,75,104.76091259055681,65,"Data Center/Web Hosting/Transit","SG","SCANNER","DATACENTER",1,0,0,0,0,1,0,0,1,1,149,1,0,"indicator--4bea76a3-6f89-4063-b291-ae9967de80d1"
0,80,0,0,0,0,80,0,0,0,0,"unknown","unknown","unknown","unknown",0,0,0,0,0,0,0,0,0,0,0,0,0,"indicator--threatfox-34fe745a-d70f-5fdb-8d67-b8609669d9fc"
34,49,1,8,2,34,49,0,65,70.54242509439325,70,"Data Center/Web Hosting/Transit","SG","ABUSIVE_ACTOR","DATACENTER",1,0,0,0,0,1,1,0,1,1,2.6666666666666665,1,0,"indicator--69647ebf-e4b3-429a-a0c0-720dbf3bbbee"
33,48,1,28,3,33,48,0,65,75.62397997898955,70,"Fixed Line ISP","SE","PROXY_SERVICE","PROXY",1,0,0,0,0,1,1,0,1,1,7,1,0,"indicator--6671ade3-a509-4fe9-96da-3d1374f5aac5"
54,54,1,24,0,54,54,0,65,67.97940008672037,50,"Data Center/Web Hosting/Transit","US","ABUSIVE_ACTOR","CLOUD",0,0,0,0,0,1,0,0,0,1,24,1,0,"indicator--eb4905a7-807b-4f75-b991-1bca3a2416e7"
46,46,1,34,0,46,46,0,0,61.44068044350276,50,"Mobile ISP","CN","UNKNOWN_THREAT","RESIDENTIAL",0,0,1,0,0,1,0,0,0,1,34,1,0,"indicator--01381970-1ae0-4d39-b806-12b1731fdfc6"
23,38,1,7,1,23,38,0,65,58.03089986991944,70,"Data Center/Web Hosting/Transit","US","ABUSIVE_ACTOR","DATACENTER",1,0,0,0,0,1,1,0,1,1,3.5,1,0,"indicator--55be845b-52fb-4101-ac15-bdccfe119930"
64,64,1,113,0,64,64,0,75,84.56904851336472,60,"Data Center/Web Hosting/Transit","US","SCANNER","CLOUD",0,0,0,0,0,1,0,0,0,1,113,1,0,"indicator--e000da25-4c5f-404f-bde3-42e90720cb6c"
33,48,1,10,2,33,48,0,65,70.41392685158225,70,"Data Center/Web Hosting/Transit","SG","ABUSIVE_ACTOR","DATACENTER",1,0,0,0,0,1,1,0,1,1,3.3333333333333335,1,0,"indicator--52acf8b6-3f98-4535-b504-f9e80d360106"
36,36,1,49,0,36,36,0,65,52.98970004336019,50,"Data Center/Web Hosting/Transit","ES","ABUSIVE_ACTOR","CLOUD",0,0,0,0,0,1,0,0,0,1,49,1,0,"indicator--9c9c7f4b-ef83-4d13-ad4f-2e619bff1cd5"
40,40,1,38,0,40,40,0,0,55.91064607026499,50,"Fixed Line ISP","US","UNKNOWN_THREAT","RESIDENTIAL",0,0,1,0,0,1,0,0,0,1,38,1,0,"indicator--55677881-63bb-416e-b4a0-cfba7b1b068b"
59,59,1,34,0,59,59,0,65,74.44068044350276,50,"Data Center/Web Hosting/Transit","PL","ABUSIVE_ACTOR","CLOUD",0,0,0,0,0,1,0,0,0,1,34,1,0,"indicator--fd760c40-8e4a-408c-90d3-7d801cc84885"
100,100,1,116,0,100,100,0,70,120.68185861746161,70,"Fixed Line ISP","RU","UNKNOWN_THREAT","RESIDENTIAL",0,0,1,0,0,1,0,0,0,1,116,1,1,"indicator--9ae06e43-7267-4fd8-893c-3e571cb18274"
37,37,1,31,0,37,37,0,65,52.05149978319906,50,"Data Center/Web Hosting/Transit","JP","ABUSIVE_ACTOR","CLOUD",0,0,0,0,0,1,0,0,0,1,31,1,0,"indicator--332d11b1-10f0-41c2-90ce-32d1fea483ef"
32,42,1,9,1,32,42,0,0,43,65,"Fixed Line ISP","CN","UNKNOWN_THREAT","RESIDENTIAL",0,0,1,0,0,1,1,0,0,1,4.5,1,0,"indicator--307963b2-0e35-4df8-ab93-b86f19517a05"
41,51,1,29,1,41,51,0,65,56.771212547196626,65,"Data Center/Web Hosting/Transit","US","ABUSIVE_ACTOR","CLOUD",0,0,0,0,0,1,1,0,0,1,14.5,1,0,"indicator--85afa775-ae6b-47ec-8804-86e0af002249"
44,44,1,49,0,44,44,0,65,60.98970004336019,50,"Data Center/Web Hosting/Transit","ES","ABUSIVE_ACTOR","CLOUD",0,0,0,0,0,1,0,0,0,1,49,1,0,"indicator--2c9a378d-d528-4c5e-8151-843797462a66"
28,43,1,31,1,28,43,0,65,69.05149978319906,70,"Commercial","CN","PROXY_SERVICE","PROXY",1,0,0,0,0,1,1,0,1,1,15.5,1,0,"indicator--20590b40-3fa9-44b7-853a-65d724b60e30"
0,80,0,0,0,0,80,0,0,0,0,"unknown","unknown","unknown","unknown",0,0,0,0,0,0,0,0,0,0,0,0,0,"indicator--threatfox-20d0e25c-e582-527d-8f83-00044382fadc"
76,86,1,41,1,76,86,0,70,93.23249290397901,65,"Data Center/Web Hosting/Transit","US","ABUSIVE_ACTOR","DATACENTER",0,0,0,0,0,1,1,0,0,1,20.5,1,0,"indicator--7bb39537-b251-4e53-ac2c-1679062d05c4"
100,100,1,108,2,100,100,0,90,122.37426497940623,85,"Data Center/Web Hosting/Transit","US","SCANNER","DATACENTER",0,0,0,0,0,1,1,0,0,1,36,1,0,"indicator--8c0c9eab-79b0-4932-b6f7-f9fba151e5f5"
37,37,1,40,0,37,37,0,65,53.12783856719736,50,"Data Center/Web Hosting/Transit","IN","ABUSIVE_ACTOR","CLOUD",0,0,0,0,0,1,0,0,0,1,40,1,0,"indicator--b4710466-0415-43b2-8ecd-1cc13c38e57f"
25,40,1,9,2,25,40,0,65,62,70,"Data Center/Web Hosting/Transit","SG","ABUSIVE_ACTOR","DATACENTER",1,0,0,0,0,1,1,0,1,1,3,1,0,"indicator--bd3231bb-fbaf-45d9-8b6a-b4311bdeac7a"
67,67,1,79,0,67,67,0,65,86.03089986991944,60,"Data Center/Web Hosting/Transit","US","ABUSIVE_ACTOR","CLOUD",0,0,0,0,0,1,0,0,0,1,79,1,0,"indicator--eb3f2dd6-8d84-40e2-8a84-b096708a88c0"
36,36,1,11,0,36,36,0,0,46.79181246047625,50,"Fixed Line ISP","CN","UNKNOWN_THREAT","RESIDENTIAL",0,0,1,0,0,1,0,0,0,1,11,1,0,"indicator--0f97bef2-0f99-4d90-a65c-b82a8d3d30b0"
65,65,1,24,0,65,65,0,65,78.97940008672037,50,"Data Center/Web Hosting/Transit","US","ABUSIVE_ACTOR","CLOUD",0,0,0,0,0,1,0,0,0,1,24,1,0,"indicator--260aab4f-cf03-4f0a-821a-06f076657218"
38,38,1,52,0,38,38,0,65,55.24275869600789,60,"Data Center/Web Hosting/Transit","US","ABUSIVE_ACTOR","CLOUD",0,0,0,0,0,1,0,0,0,1,52,1,0,"indicator--c52a79b5-021d-4292-938b-1d6f515eb182"
0,80,0,0,0,0,80,0,0,0,0,"unknown","unknown","unknown","unknown",0,0,0,0,0,0,0,0,0,0,0,0,0,"indicator--threatfox-5ff41f42-af24-5572-8bf9-1fece660e4a6"
0,80,0,0,0,0,80,0,0,0,0,"unknown","unknown","unknown","unknown",0,0,0,0,0,0,0,0,0,0,0,0,0,"indicator--threatfox-f21570bd-93fe-5fa2-ac21-885880439295"
100,100,1,1780,0,100,100,0,95,157.50663919463244,75,"Data Center/Web Hosting/Transit","NL","SCANNER","DATACENTER",1,0,0,0,0,1,0,0,1,1,1780,1,0,"indicator--5478118c-09bc-42ef-819e-8a42f9032230"
50,50,1,15,0,50,50,0,0,62.04119982655925,50,"Data Center/Web Hosting/Transit","FR","ABUSIVE_ACTOR","DATACENTER",0,0,0,0,0,1,0,0,0,1,15,1,0,"indicator--7088e88c-3d7e-446e-9e8d-256bbb1c18d5"
0,80,0,0,0,0,80,0,0,0,0,"unknown","unknown","unknown","unknown",0,0,0,0,0,0,0,0,0,0,0,0,0,"indicator--threatfox-97f8bc32-e1d6-506e-9336-fc4e1f4e266f"
49,49,1,65,0,49,49,0,65,67.19543935541869,60,"Data Center/Web Hosting/Transit","US","ABUSIVE_ACTOR","CLOUD",0,0,0,0,0,1,0,0,0,1,65,1,0,"indicator--1c054f44-0277-408a-b11d-74657f58db13"
100,100,1,264,0,100,100,0,90,124.23245873936807,70,"Data Center/Web Hosting/Transit","NL","SCANNER","DATACENTER",0,0,0,0,0,1,0,0,0,1,264,1,0,"indicator--52ab890e-94c8-4a83-9b7f-f70bf7d0abd9"
35,50,1,9,1,35,50,0,65,71,70,"Data Center/Web Hosting/Transit","SG","ABUSIVE_ACTOR","DATACENTER",1,0,0,0,0,1,1,0,1,1,4.5,1,0,"indicator--2cfdd4af-d081-4f01-9970-e7e8e96ec3dc"
32,32,1,38,0,32,32,0,65,47.91064607026499,50,"Data Center/Web Hosting/Transit","BR","ABUSIVE_ACTOR","CLOUD",0,0,0,0,0,1,0,0,0,1,38,1,0,"indicator--43578c30-6b55-487a-91d8-941f1290185d"
100,100,1,295,0,100,100,0,95,149.7129171105894,75,"Data Center/Web Hosting/Transit","DE","SCANNER","DATACENTER",1,0,0,0,0,1,0,0,1,1,295,1,0,"indicator--2559fbe8-892b-4ce8-8e45-3450651bbcb7"
37,37,1,6,0,37,37,0,0,45.45098040014257,50,"Data Center/Web Hosting/Transit","IT","ABUSIVE_ACTOR","DATACENTER",0,0,0,0,0,1,0,0,0,1,6,1,0,"indicator--88f3dc49-8f65-475e-8e0b-07b1088a15ea"
100,100,1,68,0,100,100,0,65,118.38849090737256,70,"Data Center/Web Hosting/Transit","US","ABUSIVE_ACTOR","DATACENTER",0,0,0,0,0,1,0,0,0,1,68,1,0,"indicator--c9df4421-628b-47b1-86f5-c32677f51ccd"
100,100,1,740,0,100,100,0,90,128.69818207979327,70,"Data Center/Web Hosting/Transit","NL","SCANNER","DATACENTER",0,0,0,0,0,1,0,0,0,1,740,1,0,"indicator--77b00ab3-bc50-4b4d-ad39-21bd5566eae2"
49,64,1,24,1,49,64,0,65,88.97940008672037,70,"Data Center/Web Hosting/Transit","CN","ABUSIVE_ACTOR","DATACENTER",1,0,0,0,0,1,1,0,1,1,12,1,0,"indicator--da712c55-d2b1-411b-879f-7d4af0022be3"
0,80,0,0,0,0,80,0,0,0,0,"unknown","unknown","unknown","unknown",0,0,0,0,0,0,0,0,0,0,0,0,0,"indicator--threatfox-95ec80f3-fe10-5488-9948-a8fa67a80fcb"
32,32,1,67,0,32,32,0,65,50.32508912706236,60,"Data Center/Web Hosting/Transit","US","ABUSIVE_ACTOR","CLOUD",0,0,0,0,0,1,0,0,0,1,67,1,0,"indicator--83e4efaf-cb84-4c50-a9bd-d3078d001c13"
0,80,0,0,0,0,80,0,0,0,0,"unknown","unknown","unknown","unknown",0,0,0,0,0,0,0,0,0,0,0,0,0,"indicator--threatfox-926607c0-e3a8-5571-bd10-fdef539d07ea"
100,100,1,434,1,100,100,0,95,127.38489256954637,85,"Data Center/Web Hosting/Transit","US","SCANNER","CLOUD",0,0,0,0,0,1,1,0,0,1,217,1,0,"indicator--8c35e48d-5400-49f9-8504-0dcb82e7de0d"
100,100,1,183,10,100,100,0,90,132.64817823009537,85,"Fixed Line ISP","DE","MALICIOUS_BOT","RESIDENTIAL",0,0,1,0,0,1,1,0,0,1,16.636363636363637,1,1,"indicator--040a65d2-b57a-4d89-91a1-44f4bd996b0e"
75,75,1,17,0,75,75,0,65,87.55272505103306,50,"Data Center/Web Hosting/Transit","US","ABUSIVE_ACTOR","DATACENTER",0,0,0,0,0,1,0,0,0,1,17,1,0,"indicator--614f38de-7ce0-4cf9-8362-08dd9675f15d"
0,80,0,0,0,0,80,0,0,0,0,"unknown","unknown","unknown","unknown",0,0,0,0,0,0,0,0,0,0,0,0,0,"indicator--threatfox-f5787415-fd44-5e93-937c-208a960b5f0c"
42,57,1,23,2,42,57,0,65,82.80211241711606,70,"Data Center/Web Hosting/Transit","HK","ABUSIVE_ACTOR","DATACENTER",1,0,0,0,0,1,1,0,1,1,7.666666666666667,1,0,"indicator--0c887bed-c510-4c0d-8ef4-3dd8c62db33b"
39,39,1,58,0,39,39,0,65,56.70852011642144,60,"Data Center/Web Hosting/Transit","BR","ABUSIVE_ACTOR","CLOUD",0,0,0,0,0,1,0,0,0,1,58,1,0,"indicator--aca2fd74-bd20-432a-b683-26bfd37e7687"
31,31,1,22,0,31,31,0,65,44.61727836017593,50,"Data Center/Web Hosting/Transit","US","ABUSIVE_ACTOR","CLOUD",0,0,0,0,0,1,0,0,0,1,22,1,0,"indicator--80ca4898-8c27-4c22-8a3f-87bdbb330937"
27,42,1,7,1,27,42,0,65,62.03089986991944,70,"Data Center/Web Hosting/Transit","SG","ABUSIVE_ACTOR","DATACENTER",1,0,0,0,0,1,1,0,1,1,3.5,1,0,"indicator--243f6b5b-befa-4d27-adc1-b98d6df62660"
100,100,1,86,0,100,100,0,65,119.39519252618618,70,"Data Center/Web Hosting/Transit","NL","ABUSIVE_ACTOR","DATACENTER",0,0,0,0,0,1,0,0,0,1,86,1,0,"indicator--c5db05ba-aae0-4665-8872-69be69f80d2f"
47,57,1,15,1,47,57,0,0,60.04119982655925,65,"Fixed Line ISP","CN","UNKNOWN_THREAT","RESIDENTIAL",0,0,1,0,0,1,1,0,0,1,7.5,1,0,"indicator--7f18e4bf-cd1b-40af-9ad8-32ea859bd071"
85,85,1,174,0,85,85,0,80,107.43038048686294,70,"Data Center/Web Hosting/Transit","US","SCANNER","DATACENTER",0,0,0,0,0,1,0,0,0,1,174,1,1,"indicator--d4a5408a-04d5-4d0c-9444-6ab9e5b327de"
35,35,1,20,0,35,35,0,0,48.222192947339195,50,"Data Center/Web Hosting/Transit","DK","ABUSIVE_ACTOR","DATACENTER",0,0,0,0,0,1,0,0,0,1,20,1,0,"indicator--449fcc84-9db6-4c55-9783-8f37d5dce9ee"
36,36,1,21,0,36,36,0,65,49.42422680822206,50,"Data Center/Web Hosting/Transit","CA","ABUSIVE_ACTOR","CLOUD",0,0,0,0,0,1,0,0,0,1,21,1,0,"indicator--40fc9d64-86de-4833-9dc6-846e7a795c6d"
0,80,0,0,0,0,80,0,0,0,0,"unknown","unknown","unknown","unknown",0,0,0,0,0,0,0,0,0,0,0,0,0,"indicator--threatfox-365e93a5-0bde-55c5-809d-7822db74c37e"
100,100,1,949,0,100,100,0,95,129.77723605288847,70,"Data Center/Web Hosting/Transit","JP","SCANNER","CLOUD",0,0,0,0,0,1,0,0,0,1,949,1,0,"indicator--0bd33cf9-e6b0-439e-b3b4-eb76d1a7b0ee"
57,67,1,12,1,57,67,0,65,69.13943352306836,65,"Data Center/Web Hosting/Transit","US","ABUSIVE_ACTOR","CLOUD",0,0,0,0,0,1,1,0,0,1,6,1,0,"indicator--3e0277fb-745e-48cc-b96b-9d887bf3ccd8"
50,60,1,8,2,50,60,0,65,61.54242509439325,65,"Data Center/Web Hosting/Transit","US","ABUSIVE_ACTOR","DATACENTER",0,0,0,0,0,1,1,0,0,1,2.6666666666666665,1,0,"indicator--bd7a40f8-48df-4868-9ae6-358b8232f233"
30,40,1,13,1,30,40,0,0,42.46128035678238,65,"Fixed Line ISP","CN","UNKNOWN_THREAT","RESIDENTIAL",0,0,1,0,0,1,1,0,0,1,6.5,1,0,"indicator--08a7a9a9-6da1-4730-8b33-d21cdda19482"
39,39,1,62,0,39,39,0,65,56.99340549453582,60,"Data Center/Web Hosting/Transit","US","ABUSIVE_ACTOR","CLOUD",0,0,0,0,0,1,0,0,0,1,62,1,0,"indicator--37b96dbf-7927-426b-a44e-93608f4f4097"
27,42,1,8,2,27,42,0,65,63.54242509439325,70,"Data Center/Web Hosting/Transit","SG","ABUSIVE_ACTOR","DATACENTER",1,0,0,0,0,1,1,0,1,1,2.6666666666666665,1,0,"indicator--43b66a9e-7361-49ef-927f-f2ebd117b6d9"
33,38,1,11,0,33,38,0,65,68.79181246047625,55,"Data Center/Web Hosting/Transit","SG","ABUSIVE_ACTOR","DATACENTER",1,0,0,0,0,1,0,0,1,1,11,1,0,"indicator--8c5a5436-f7e8-45c4-8b1d-b4adcc21dfac"
32,32,1,10,0,32,32,0,65,42.41392685158225,50,"Data Center/Web Hosting/Transit","US","ABUSIVE_ACTOR","CLOUD",0,0,0,0,0,1,0,0,0,1,10,1,0,"indicator--81ff4579-a960-4e9b-ae59-38be0975b9a9"
22,37,1,54,1,22,37,0,70,65.40362689494243,80,"Fixed Line ISP","CN","PROXY_SERVICE","PROXY",1,0,0,0,0,1,1,0,1,1,27,1,0,"indicator--9ab41d05-93b0-40d8-8188-d2715424a6fc"
43,43,1,31,0,43,43,0,0,58.05149978319906,50,"Mobile ISP","CN","UNKNOWN_THREAT","RESIDENTIAL",0,0,1,0,0,1,0,0,0,1,31,1,0,"indicator--fd46aa2c-d962-4ba3-b7b6-05809c5336e2"
100,100,1,46,0,100,100,0,70,116.72097857935718,60,"Data Center/Web Hosting/Transit","US","ABUSIVE_ACTOR","CLOUD",0,0,0,0,0,1,0,0,0,1,46,1,0,"indicator--51cc881d-7881-4410-9d6b-32b6a8c8529a"
100,100,1,49,0,100,100,0,65,116.98970004336019,60,"Data Center/Web Hosting/Transit","NL","ABUSIVE_ACTOR","DATACENTER",0,0,0,0,0,1,0,0,0,1,49,1,0,"indicator--b43cd2db-3c1e-4f30-9040-a79c4394baf4"
55,55,1,16,0,55,55,0,65,67.30448921378274,50,"Data Center/Web Hosting/Transit","US","ABUSIVE_ACTOR","CLOUD",0,0,0,0,0,1,0,0,0,1,16,1,0,"indicator--7b7f8b08-ef2d-4e54-833a-ec8516b1c2ae"
44,44,1,53,0,44,44,0,65,61.32393759822969,60,"Data Center/Web Hosting/Transit","IN","ABUSIVE_ACTOR","CLOUD",0,0,0,0,0,1,0,0,0,1,53,1,0,"indicator--b47e005b-a20f-4e34-9362-f97908f22bfb"
32,32,1,9,0,32,32,0,65,42,50,"Data Center/Web Hosting/Transit","SG","ABUSIVE_ACTOR","CLOUD",0,0,0,0,0,1,0,0,0,1,9,1,0,"indicator--71bae594-5a70-4cf4-ad63-5be2431d6430"
0,80,0,0,0,0,80,0,0,0,0,"unknown","unknown","unknown","unknown",0,0,0,0,0,0,0,0,0,0,0,0,0,"indicator--threatfox-047b0ce8-dd38-5d5e-840f-db19b67a43e2"
44,44,1,44,0,44,44,0,65,60.53212513775344,50,"Data Center/Web Hosting/Transit","US","ABUSIVE_ACTOR","CLOUD",0,0,0,0,0,1,0,0,0,1,44,1,0,"indicator--f14d5d21-243b-468c-b945-f1097bb1522c"
100,100,1,191,0,100,100,0,80,122.8330122870355,70,"Fixed Line ISP","CN","UNKNOWN_THREAT","RESIDENTIAL",0,0,1,0,0,1,0,0,0,1,191,1,0,"indicator--b43c89b6-b57c-4a44-9be0-a01d8d5a7319"
36,36,1,60,0,36,36,0,65,53.85329835010767,60,"Data Center/Web Hosting/Transit","IN","ABUSIVE_ACTOR","CLOUD",0,0,0,0,0,1,0,0,0,1,60,1,0,"indicator--d5ae9ad0-91b1-4779-b0d1-4abb6c185a3d"
65,75,1,49,2,65,75,0,65,83.98970004336019,65,"Data Center/Web Hosting/Transit","US","ABUSIVE_ACTOR","DATACENTER",0,0,0,0,0,1,1,0,0,1,16.333333333333332,1,0,"indicator--e8c14cb0-fbd6-47bd-acfa-52708292e59f"
100,100,1,72,0,100,100,0,70,143.63322860120456,75,"Data Center/Web Hosting/Transit","PL","ABUSIVE_ACTOR","DATACENTER",1,0,0,0,0,1,0,0,1,1,72,1,0,"indicator--2926b336-5233-413a-af3e-9be8cab021c7"
100,100,1,769,14,100,100,0,95,167.86490725172482,90,"Data Center/Web Hosting/Transit","NL","MALICIOUS_BOT","DATACENTER",1,0,0,0,0,1,1,0,1,1,51.266666666666666,1,0,"indicator--e776481f-6484-49da-8adf-0cf51fbe017a"
100,100,1,672,2,100,100,0,95,130.28015064223976,85,"Data Center/Web Hosting/Transit","US","SCANNER","DATACENTER",0,0,0,0,0,1,1,0,0,1,224,1,0,"indicator--c5c7c9ee-bf87-4679-9d01-c9580abb7878"
31,31,1,7,0,31,31,0,0,40.03089986991944,50,"Fixed Line ISP","CN","UNKNOWN_THREAT","RESIDENTIAL",0,0,1,0,0,1,0,0,0,1,7,1,0,"indicator--9f3b245b-a32b-4d12-8978-b25f4cdbbb62"
44,44,1,73,0,44,44,0,65,62.69231719730976,60,"Data Center/Web Hosting/Transit","US","ABUSIVE_ACTOR","DATACENTER",0,0,0,0,0,1,0,0,0,1,73,1,0,"indicator--cdf76b51-53b4-41e2-a8b1-9799fd485534"
36,36,1,41,0,36,36,0,65,52.23249290397901,50,"Data Center/Web Hosting/Transit","US","ABUSIVE_ACTOR","CLOUD",0,0,0,0,0,1,0,0,0,1,41,1,0,"indicator--b5ad1aeb-c4b5-412b-b19e-9b99c0aeac2c"
71,81,1,83,1,71,81,0,75,91.24279286061882,75,"Data Center/Web Hosting/Transit","US","ABUSIVE_ACTOR","CLOUD",0,0,0,0,0,1,1,0,0,1,41.5,1,0,"indicator--0bd7a58a-3803-4ddb-b7aa-694d9610cb46"
60,70,1,9,2,60,70,0,65,72,65,"Data Center/Web Hosting/Transit","US","ABUSIVE_ACTOR","DATACENTER",0,0,0,0,0,1,1,0,0,1,3,1,0,"indicator--774add71-1f47-40be-95db-443ed9dc1566"
66,81,1,13,1,66,81,0,70,103.46128035678238,70,"Data Center/Web Hosting/Transit","US","ABUSIVE_ACTOR","DATACENTER",1,0,0,0,0,1,1,0,1,1,6.5,1,1,"indicator--8b8725a1-e247-466c-905e-35ac5147b9e0"
100,100,1,692,4,100,100,0,95,132.40733234611807,85,"Data Center/Web Hosting/Transit","US","SCANNER","DATACENTER",0,0,0,0,0,1,1,0,0,1,138.4,1,0,"indicator--ae5966ef-7aa2-4437-9e79-6e95148b671d"
95,100,1,203,0,95,100,0,90,143.096301674259,75,"Data Center/Web Hosting/Transit","SG","SCANNER","DATACENTER",1,0,0,0,0,1,0,0,1,1,203,1,0,"indicator--6cff1283-92da-4074-a0f6-8247afac2e5f"
35,35,1,7,0,35,35,0,65,44.03089986991944,50,"Data Center/Web Hosting/Transit","GB","ABUSIVE_ACTOR","CLOUD",0,0,0,0,0,1,0,0,0,1,7,1,0,"indicator--eec8f8cd-383a-41da-948c-b25c08ac1cd2"
43,43,1,64,0,43,43,0,65,61.12913356642855,60,"Data Center/Web Hosting/Transit","US","ABUSIVE_ACTOR","CLOUD",0,0,0,0,0,1,0,0,0,1,64,1,0,"indicator--6cd0e3bd-9fb7-4a53-9878-e74b5f5feb75"
58,68,1,66,6,58,68,0,65,82.26074802700826,75,"Data Center/Web Hosting/Transit","US","MALICIOUS_BOT","DATACENTER",0,0,0,0,0,1,1,0,0,1,9.428571428571429,1,0,"indicator--7ad98da0-f8f6-42c4-99db-3704652e0d25"
48,48,1,75,0,48,48,0,65,66.8081359228079,60,"Data Center/Web Hosting/Transit","US","ABUSIVE_ACTOR","CLOUD",0,0,0,0,0,1,0,0,0,1,75,1,0,"indicator--84c990b9-548d-4eb1-81fc-5d422a2bb6ba"
40,45,1,31,0,40,45,0,65,80.05149978319906,55,"Data Center/Web Hosting/Transit","SG","ABUSIVE_ACTOR","DATACENTER",1,0,0,0,0,1,0,0,1,1,31,1,0,"indicator--3000bb95-742c-4434-a9e3-22bf4d1aeec1"
62,62,1,41,0,62,62,0,65,78.23249290397901,50,"Data Center/Web Hosting/Transit","SG","ABUSIVE_ACTOR","CLOUD",0,0,0,0,0,1,0,0,0,1,41,1,0,"indicator--0de8772f-fbe7-49b5-84b8-f3ef2ad90e1d"
39,44,1,14,0,39,44,0,65,75.76091259055681,55,"Data Center/Web Hosting/Transit","US","ABUSIVE_ACTOR","DATACENTER",1,0,0,0,0,1,0,0,1,1,14,1,0,"indicator--a72393eb-d7e6-4205-9a59-5b01bb862b57"
57,57,1,10,0,57,57,0,65,67.41392685158225,50,"Data Center/Web Hosting/Transit","US","ABUSIVE_ACTOR","DATACENTER",0,0,0,0,0,1,0,0,0,1,10,1,0,"indicator--1b6cf00e-3e44-415c-97d3-54cf0cd7c570"
34,44,1,16,2,34,44,0,0,48.30448921378274,65,"Fixed Line ISP","VE","UNKNOWN_THREAT","RESIDENTIAL",0,0,1,0,0,1,1,0,0,1,5.333333333333333,1,0,"indicator--9c75ae04-1617-480a-a006-3168983333c4"
43,43,1,47,0,43,43,0,65,59.812412373755876,50,"Data Center/Web Hosting/Transit","ES","ABUSIVE_ACTOR","CLOUD",0,0,0,0,0,1,0,0,0,1,47,1,0,"indicator--d017310f-187a-431a-8a21-5ab87f2bbf07"
0,80,0,0,0,0,80,0,0,0,0,"unknown","unknown","unknown","unknown",0,0,0,0,0,0,0,0,0,0,0,0,0,"indicator--threatfox-84b7467a-f2dc-57db-9c99-ad18da401db6"
0,80,0,0,0,0,80,0,0,0,0,"unknown","unknown","unknown","unknown",0,0,0,0,0,0,0,0,0,0,0,0,0,"indicator--threatfox-37152d6e-f4fc-5fea-b4fe-e3d73c499844"
67,67,1,92,0,67,67,0,0,86.68482948553935,60,"Data Center/Web Hosting/Transit","US","ABUSIVE_ACTOR","DATACENTER",0,0,0,0,0,1,0,0,0,1,92,1,0,"indicator--333dfacf-79ba-45f5-9a34-8135943767ab"
42,42,1,10,0,42,42,0,0,52.41392685158225,50,"Data Center/Web Hosting/Transit","CA","ABUSIVE_ACTOR","DATACENTER",0,0,0,0,0,1,0,0,0,1,10,1,0,"indicator--9c442ff8-291a-470d-a322-7853b5d23029"
81,86,1,70,0,81,86,0,70,124.51258348719075,75,"Data Center/Web Hosting/Transit","CA","ABUSIVE_ACTOR","DATACENTER",1,0,0,0,0,1,0,0,1,1,70,1,0,"indicator--6ef7be39-e876-42e1-a719-b0e19eeaf085"
39,44,1,15,0,39,44,0,65,76.04119982655925,55,"Data Center/Web Hosting/Transit","US","ABUSIVE_ACTOR","DATACENTER",1,0,0,0,0,1,0,0,1,1,15,1,0,"indicator--7d6b98ca-f7c6-459f-bb2d-49895e4f1689"
48,48,1,47,0,48,48,0,65,64.81241237375588,50,"Data Center/Web Hosting/Transit","US","ABUSIVE_ACTOR","CLOUD",0,0,0,0,0,1,0,0,0,1,47,1,0,"indicator--a1ca5742-55fe-4a6e-ac65-3b8ee565a975"
100,100,1,404,0,100,100,0,95,126.07455023214669,70,"Data Center/Web Hosting/Transit","KR","SCANNER","CLOUD",0,0,0,0,0,1,0,0,0,1,404,1,0,"indicator--c8b48519-3e10-4fd3-8eaa-7cf30355c298"
41,41,1,78,0,41,41,0,65,59.97627091290441,60,"Data Center/Web Hosting/Transit","US","ABUSIVE_ACTOR","CLOUD",0,0,0,0,0,1,0,0,0,1,78,1,0,"indicator--81dfd1ef-a9f3-4d3f-b771-e5a6129ce9b4"
100,100,1,1063,0,100,100,0,90,130.2694162795903,70,"Data Center/Web Hosting/Transit","DE","SCANNER","DATACENTER",0,0,0,0,0,1,0,0,0,1,1063,1,0,"indicator--8ba16fd4-fd3e-4835-972c-74f8358bf552"
100,100,1,598,11,100,100,0,95,138.7742682238931,85,"Data Center/Web Hosting/Transit","NL","MALICIOUS_BOT","DATACENTER",0,0,0,0,0,1,1,0,0,1,49.833333333333336,1,0,"indicator--157d03a0-f5d6-4fc8-8f72-8c787a59273c"
0,80,0,0,0,0,80,0,0,0,0,"unknown","unknown","unknown","unknown",0,0,0,0,0,0,0,0,0,0,0,0,0,"indicator--threatfox-4ce483c1-9891-57fb-b7e3-5876f57906fc"
100,100,1,40,1,100,100,0,75,117.12783856719736,75,"Data Center/Web Hosting/Transit","US","ABUSIVE_ACTOR","CLOUD",0,0,0,0,0,1,1,0,0,1,20,1,1,"indicator--50f3ca5b-626d-4295-b899-c9a5017203b0"
21,31,1,4,1,21,31,0,65,28.989700043360187,65,"Data Center/Web Hosting/Transit","US","ABUSIVE_ACTOR","CLOUD",0,0,0,0,0,1,1,0,0,1,2,1,0,"indicator--3722175d-eb0f-4b8d-8ae8-48d4b28dff6f"
100,100,1,141,4,100,100,0,85,125.52288344383057,85,"Commercial","CN","UNKNOWN_THREAT","UNKNOWN",0,0,0,0,0,1,1,0,0,1,28.2,1,0,"indicator--a88a9a45-84c8-4629-83a3-3f664756e88f"
32,37,1,22,0,32,37,0,65,70.61727836017593,55,"Data Center/Web Hosting/Transit","HK","ABUSIVE_ACTOR","DATACENTER",1,0,0,0,0,1,0,0,1,1,22,1,0,"indicator--0ac52eab-9906-4594-b121-b0688a424c7e"
100,100,1,37,0,100,100,0,70,115.7978359661681,60,"Data Center/Web Hosting/Transit","US","ABUSIVE_ACTOR","CLOUD",0,0,0,0,0,1,0,0,0,1,37,1,0,"indicator--cf72d68d-d14c-480b-83c1-170ca976e458"
44,44,1,17,0,44,44,0,65,56.552725051033065,50,"Data Center/Web Hosting/Transit","US","ABUSIVE_ACTOR","CLOUD",0,0,0,0,0,1,0,0,0,1,17,1,0,"indicator--dfc05c2e-d6ae-4848-8251-93bf9a00a44a"
46,61,1,119,1,46,61,0,70,92.79181246047625,80,"Data Center/Web Hosting/Transit","SG","SCANNER","DATACENTER",1,0,0,0,0,1,1,0,1,1,59.5,1,0,"indicator--b8bcd9b6-cd3c-4c83-be4e-d26536fcaf14"
48,48,1,60,0,48,48,0,0,65.85329835010768,60,"Commercial","CN","UNKNOWN_THREAT","UNKNOWN",0,0,0,0,0,1,0,0,0,1,60,1,0,"indicator--9e0371dd-87cb-421b-a014-be7056d32618"
22,37,1,19,2,22,37,0,65,62.01029995663981,70,"Data Center/Web Hosting/Transit","SG","ABUSIVE_ACTOR","DATACENTER",1,0,0,0,0,1,1,0,1,1,6.333333333333333,1,0,"indicator--29ee151e-bb8c-49c9-bba3-810e326d7620"
34,34,1,18,0,34,34,0,65,46.78753600952829,50,"Data Center/Web Hosting/Transit","US","ABUSIVE_ACTOR","CLOUD",0,0,0,0,0,1,0,0,0,1,18,1,0,"indicator--7863d1e9-f2f7-48e7-81b3-c5d00e32b503"
35,35,1,131,0,35,35,0,65,56.2057393120585,60,"Data Center/Web Hosting/Transit","SE","SCANNER","DATACENTER",0,0,0,0,0,1,0,0,0,1,131,1,0,"indicator--de14e221-0415-4534-98e1-0ea5c659db50"
41,41,1,26,0,41,41,0,0,55.31363764158988,50,"Data Center/Web Hosting/Transit","US","ABUSIVE_ACTOR","DATACENTER",0,0,0,0,0,1,0,0,0,1,26,1,0,"indicator--143e8673-cbd9-4451-afd6-8e2ffde3df04"
0,80,0,0,0,0,80,0,0,0,0,"unknown","unknown","unknown","unknown",0,0,0,0,0,0,0,0,0,0,0,0,0,"indicator--threatfox-fb8dbe9c-64d9-57dc-a8a5-e6a6e4af6c40"
22,37,1,19,2,22,37,0,65,62.01029995663981,70,"Data Center/Web Hosting/Transit","SG","ABUSIVE_ACTOR","DATACENTER",1,0,0,0,0,1,1,0,1,1,6.333333333333333,1,0,"indicator--5bd85fc1-ef35-4aee-a4ec-ec1a5619724e"
56,56,1,44,0,56,56,0,0,72.53212513775344,50,"Data Center/Web Hosting/Transit","US","ABUSIVE_ACTOR","DATACENTER",0,0,0,0,0,1,0,0,0,1,44,1,0,"indicator--1bc89e94-e277-4f01-a6b1-60a1105eb99e"
32,32,1,53,0,32,32,0,65,49.32393759822969,60,"Data Center/Web Hosting/Transit","IN","ABUSIVE_ACTOR","CLOUD",0,0,0,0,0,1,0,0,0,1,53,1,0,"indicator--b3530917-c098-4dff-add3-4ff36f6587ce"
33,33,1,39,0,33,33,0,65,49.020599913279625,50,"Data Center/Web Hosting/Transit","BR","ABUSIVE_ACTOR","CLOUD",0,0,0,0,0,1,0,0,0,1,39,1,0,"indicator--fd7679c3-0a52-4034-8e93-275bf17b2ffb"
0,80,0,0,0,0,80,0,0,0,0,"unknown","unknown","unknown","unknown",0,0,0,0,0,0,0,0,0,0,0,0,0,"indicator--threatfox-a806de33-d4a0-5af2-ab5f-5e6101aa415b"
0,80,0,0,0,0,80,0,0,0,0,"unknown","unknown","unknown","unknown",0,0,0,0,0,0,0,0,0,0,0,0,0,"indicator--threatfox-360382d0-82d5-59e1-b83e-3f218bf2df97"
100,100,1,186,0,100,100,0,80,122.71841606536499,70,"Data Center/Web Hosting/Transit","NL","SCANNER","DATACENTER",0,0,0,0,0,1,0,0,0,1,186,1,0,"indicator--247d4434-f762-413a-a566-b3a5709b0f44"
56,56,1,36,0,56,56,0,65,71.68201724066995,50,"Data Center/Web Hosting/Transit","PL","ABUSIVE_ACTOR","CLOUD",0,0,0,0,0,1,0,0,0,1,36,1,0,"indicator--8919d601-6d28-4623-9f87-23a889797704"
33,33,1,53,0,33,33,0,65,50.32393759822969,60,"Data Center/Web Hosting/Transit","IN","ABUSIVE_ACTOR","CLOUD",0,0,0,0,0,1,0,0,0,1,53,1,0,"indicator--cfed8b02-3083-44f2-a403-38ef30c83bd0"
35,35,1,60,0,35,35,0,65,52.85329835010767,60,"Data Center/Web Hosting/Transit","IN","ABUSIVE_ACTOR","CLOUD",0,0,0,0,0,1,0,0,0,1,60,1,0,"indicator--abe0130b-2139-4421-bc09-2fd21bded08e"
100,100,1,115,0,100,100,0,70,120.64457989226918,70,"Fixed Line ISP","CN","UNKNOWN_THREAT","RESIDENTIAL",0,0,1,0,0,1,0,0,0,1,115,1,0,"indicator--36e19643-a42c-4e09-aae0-6ff276167967"
100,100,1,7002,0,100,100,0,90,138.4528412634799,70,"Data Center/Web Hosting/Transit","RU","SCANNER","DATACENTER",0,0,0,0,0,1,0,0,0,1,7002,1,0,"indicator--868d5d19-fd47-4040-b34e-8c0a5b468139"
56,56,1,68,0,56,56,0,65,74.38849090737256,60,"Data Center/Web Hosting/Transit","US","ABUSIVE_ACTOR","CLOUD",0,0,0,0,0,1,0,0,0,1,68,1,0,"indicator--262125f6-d35d-46ec-b129-815af6b1fddf"
36,36,1,8,0,36,36,0,65,45.54242509439325,50,"Data Center/Web Hosting/Transit","US","ABUSIVE_ACTOR","CLOUD",0,0,0,0,0,1,0,0,0,1,8,1,0,"indicator--a0238fe0-5192-490f-be5d-f497c3c19a00"
100,100,1,208,3,100,100,0,95,151.20146286111054,90,"Fixed Line ISP","CN","PROXY_SERVICE","PROXY",1,0,0,0,0,1,1,0,1,1,52,1,0,"indicator--6492d1c6-a5a5-4228-a544-5f18806a6df2"
62,72,1,17,1,62,72,0,70,75.55272505103306,65,"Data Center/Web Hosting/Transit","US","ABUSIVE_ACTOR","DATACENTER",0,0,0,0,0,1,1,0,0,1,8.5,1,0,"indicator--99166fda-68c9-4992-96dd-27513c02e740"
56,71,1,36,4,56,71,0,70,100.68201724066995,70,"Data Center/Web Hosting/Transit","JP","ABUSIVE_ACTOR","DATACENTER",1,0,0,0,0,1,1,0,1,1,7.2,1,0,"indicator--7d67948f-bc15-46e5-8ea2-33c225e84201"
70,70,1,353,0,70,70,0,95,95.49003262025788,60,"Data Center/Web Hosting/Transit","US","SCANNER","CLOUD",0,0,0,0,0,1,0,0,0,1,353,1,0,"indicator--39c99af2-eda1-43e7-9d94-9dbfff506669"
0,80,0,0,0,0,80,0,0,0,0,"unknown","unknown","unknown","unknown",0,0,0,0,0,0,0,0,0,0,0,0,0,"indicator--threatfox-d040d60f-82b3-5a5d-bf26-763899a6c208"
46,46,1,44,0,46,46,0,65,62.53212513775344,50,"Data Center/Web Hosting/Transit","US","ABUSIVE_ACTOR","CLOUD",0,0,0,0,0,1,0,0,0,1,44,1,0,"indicator--db5d5244-b76a-40f1-949f-0c91bf0853d4"
0,80,0,0,0,0,80,0,0,0,0,"unknown","unknown","unknown","unknown",0,0,0,0,0,0,0,0,0,0,0,0,0,"indicator--threatfox-2218c646-80c0-534b-80d4-123eb7a590f2"
0,80,0,0,0,0,80,0,0,0,0,"unknown","unknown","unknown","unknown",0,0,0,0,0,0,0,0,0,0,0,0,0,"indicator--threatfox-a69911bf-3ee0-5a08-a1ef-b59f173c0c05"
33,33,1,39,0,33,33,0,65,49.020599913279625,50,"Data Center/Web Hosting/Transit","BR","ABUSIVE_ACTOR","CLOUD",0,0,0,0,0,1,0,0,0,1,39,1,0,"indicator--1642483a-e5ca-4221-97a0-5626694cac8a"
56,56,1,34,0,56,56,0,65,71.44068044350276,50,"Data Center/Web Hosting/Transit","PL","ABUSIVE_ACTOR","CLOUD",0,0,0,0,0,1,0,0,0,1,34,1,0,"indicator--34ed1d7d-5812-446e-b4a2-a6670822c725"
52,52,1,50,0,52,52,0,65,69.07570176097937,50,"Data Center/Web Hosting/Transit","PL","ABUSIVE_ACTOR","CLOUD",0,0,0,0,0,1,0,0,0,1,50,1,0,"indicator--566a4fb6-45b2-42a9-b79c-3e1af6672afa"
100,100,1,243,11,100,100,0,95,159.8738982633873,90,"Data Center/Web Hosting/Transit","LT","MALICIOUS_BOT","DATACENTER",1,0,0,0,0,1,1,0,1,1,20.25,1,0,"indicator--e01fc02d-a2f5-43b0-a341-459c6117b199"
0,80,0,0,0,0,80,0,0,0,0,"unknown","unknown","unknown","unknown",0,0,0,0,0,0,0,0,0,0,0,0,0,"indicator--threatfox-6128671f-19f0-5235-bb50-4802142d2c77"
0,80,0,0,0,0,80,0,0,0,0,"unknown","unknown","unknown","unknown",0,0,0,0,0,0,0,0,0,0,0,0,0,"indicator--threatfox-a1aca45b-806d-5c63-bf80-d73bd580d741"
100,100,1,581,3,100,100,0,95,130.64922984649888,85,"Data Center/Web Hosting/Transit","JP","SCANNER","DATACENTER",0,0,0,0,0,1,1,0,0,1,145.25,1,0,"indicator--94478aed-2bea-4a9b-85d9-0f197902321f"
100,100,1,87,2,100,100,0,80,121.44482672150168,85,"Data Center/Web Hosting/Transit","SG","ABUSIVE_ACTOR","CLOUD",0,0,0,0,0,1,1,0,0,1,29,1,0,"indicator--1f5d4505-a071-40ea-ad18-6e1bc0b6e80b"
0,80,0,0,0,0,80,0,0,0,0,"unknown","unknown","unknown","unknown",0,0,0,0,0,0,0,0,0,0,0,0,0,"indicator--threatfox-9b22d419-fd4a-5654-a6ca-bd0d3f1442a4"
34,34,1,75,0,34,34,0,65,52.808135922807914,60,"Data Center/Web Hosting/Transit","IT","ABUSIVE_ACTOR","CLOUD",0,0,0,0,0,1,0,0,0,1,75,1,0,"indicator--39106868-7f69-4a42-b3ef-4cca6a288a5b"
56,66,1,34,1,56,66,0,0,72.44068044350276,65,"Data Center/Web Hosting/Transit","US","ABUSIVE_ACTOR","DATACENTER",0,0,0,0,0,1,1,0,0,1,17,1,0,"indicator--8c2c95f3-35a4-4492-a2a9-d12ce7204db9"
21,36,1,6,2,21,36,0,65,56.45098040014257,70,"Data Center/Web Hosting/Transit","SG","ABUSIVE_ACTOR","DATACENTER",1,0,0,0,0,1,1,0,1,1,2,1,0,"indicator--5bb1a582-38a6-4c2d-843b-08641b264394"
100,100,1,102,0,100,100,0,70,120.12837224705171,70,"Data Center/Web Hosting/Transit","DE","SCANNER","DATACENTER",0,0,0,0,0,1,0,0,0,1,102,1,0,"indicator--1b600082-9ef4-4e82-9f78-5e5ea9cf8617"
57,57,1,37,0,57,57,0,0,72.7978359661681,50,"Data Center/Web Hosting/Transit","MY","ABUSIVE_ACTOR","DATACENTER",0,0,0,0,0,1,0,0,0,1,37,1,0,"indicator--b558037a-8826-4e44-917a-dc3ed1afbeca"
51,61,1,27,1,51,61,0,0,66.4715803134222,65,"Data Center/Web Hosting/Transit","SG","ABUSIVE_ACTOR","CLOUD",0,0,0,0,0,1,1,0,0,1,13.5,1,0,"indicator--59bcd564-bfda-4799-b021-bb7278ae9dee"
31,46,1,10,2,31,46,0,65,68.41392685158225,70,"Data Center/Web Hosting/Transit","SG","ABUSIVE_ACTOR","DATACENTER",1,0,0,0,0,1,1,0,1,1,3.3333333333333335,1,0,"indicator--f1245c52-46cc-41af-a569-09a670593726"
38,38,1,65,0,38,38,0,65,56.195439355418685,60,"Data Center/Web Hosting/Transit","US","ABUSIVE_ACTOR","CLOUD",0,0,0,0,0,1,0,0,0,1,65,1,0,"indicator--d7f3fb74-d3ce-4117-9ed9-9f678993c29f"
24,39,1,58,1,24,39,0,70,67.70852011642144,80,"Data Center/Web Hosting/Transit","SG","ABUSIVE_ACTOR","DATACENTER",1,0,0,0,0,1,1,0,1,1,29,1,0,"indicator--fac4ea72-74c9-41c7-9b58-21ad6741716a"
100,100,1,627,3,100,100,0,95,130.97959643737195,85,"Data Center/Web Hosting/Transit","US","SCANNER","DATACENTER",0,0,0,0,0,1,1,0,0,1,156.75,1,0,"indicator--598e7811-ff33-4215-908a-060e19dd8813"
41,56,1,26,2,41,56,0,65,82.31363764158988,70,"Data Center/Web Hosting/Transit","SG","ABUSIVE_ACTOR","DATACENTER",1,0,0,0,0,1,1,0,1,1,8.666666666666666,1,0,"indicator--913d36a5-bd83-4b31-ae4e-79f12fb7c0b3"
69,69,1,41,0,69,69,0,65,85.23249290397901,50,"Data Center/Web Hosting/Transit","PL","ABUSIVE_ACTOR","CLOUD",0,0,0,0,0,1,0,0,0,1,41,1,0,"indicator--038c5331-381c-482d-866e-8b1f374de66a"
28,38,1,5,1,28,38,0,0,36.78151250383644,65,"Mobile ISP","BD","UNKNOWN_THREAT","RESIDENTIAL",0,0,1,0,0,1,1,0,0,1,2.5,1,0,"indicator--7c393abe-cb4b-4feb-b243-9b6f766bce93"
43,43,1,69,0,43,43,0,65,61.45098040014257,60,"Data Center/Web Hosting/Transit","US","ABUSIVE_ACTOR","CLOUD",0,0,0,0,0,1,0,0,0,1,69,1,0,"indicator--1cbad03c-f053-4cbd-8a0b-dbecf3c57911"
38,38,1,5,0,38,38,0,65,45.78151250383644,50,"Data Center/Web Hosting/Transit","JP","ABUSIVE_ACTOR","CLOUD",0,0,0,0,0,1,0,0,0,1,5,1,0,"indicator--5214a1f5-20d9-487b-9e96-e5eeff1a2227"
31,46,1,9,1,31,46,0,65,67,70,"Data Center/Web Hosting/Transit","SG","ABUSIVE_ACTOR","DATACENTER",1,0,0,0,0,1,1,0,1,1,4.5,1,0,"indicator--f14c29b4-7869-40d8-9f97-9127a7bd54d1"
100,100,1,1090,0,100,100,0,90,130.37824750588342,70,"Data Center/Web Hosting/Transit","NL","SCANNER","DATACENTER",0,0,0,0,0,1,0,0,0,1,1090,1,0,"indicator--c08bed27-e2e6-4d4b-9b29-08307ac47a16"
40,40,1,67,0,40,40,0,65,58.32508912706236,60,"Data Center/Web Hosting/Transit","US","ABUSIVE_ACTOR","CLOUD",0,0,0,0,0,1,0,0,0,1,67,1,0,"indicator--d95cb474-3dc5-4f2b-849e-b77cf10adf76"
0,80,0,0,0,0,80,0,0,0,0,"unknown","unknown","unknown","unknown",0,0,0,0,0,0,0,0,0,0,0,0,0,"indicator--threatfox-e72eacf0-5139-5e26-bb99-0139d836cc5d"
100,100,1,1160,0,100,100,0,90,130.64832219738574,70,"Data Center/Web Hosting/Transit","US","SCANNER","DATACENTER",0,0,0,0,0,1,0,0,0,1,1160,1,0,"indicator--177b9268-1b65-4a4c-9489-1c9d12330239"
43,43,1,67,0,43,43,0,65,61.32508912706236,60,"Data Center/Web Hosting/Transit","US","ABUSIVE_ACTOR","CLOUD",0,0,0,0,0,1,0,0,0,1,67,1,0,"indicator--b11eb46b-e7fe-4bf3-b00b-338ea529bc03"
100,100,1,889,4,100,100,0,95,133.49390006644913,85,"Data Center/Web Hosting/Transit","DE","SCANNER","DATACENTER",0,0,0,0,0,1,1,0,0,1,177.8,1,0,"indicator--27bf8b94-6149-465b-b105-9743b89121cd"
47,57,1,51,5,47,57,0,65,69.16003343634799,75,"Fixed Line ISP","IL","UNKNOWN_THREAT","RESIDENTIAL",0,0,1,0,0,1,1,0,0,1,8.5,1,0,"indicator--b4c77ef2-92db-4485-bc85-da4818025157"
100,100,1,218,6,100,100,0,95,129.4044411484012,85,"Data Center/Web Hosting/Transit","RO","MALICIOUS_BOT","DATACENTER",0,0,0,0,0,1,1,0,0,1,31.142857142857142,1,0,"indicator--11e386be-42c3-4bae-b247-fc4a78cfaa7e"
100,100,1,272,0,100,100,0,90,124.36162647040756,60,"Data Center/Web Hosting/Transit","AU","SCANNER","DATACENTER",0,0,0,0,0,1,0,0,0,1,272,1,0,"indicator--bedbfeec-0c60-4305-9f5e-0457ee2f0ad8"
74,79,1,173,0,74,79,0,80,121.40549248282599,65,"Data Center/Web Hosting/Transit","SG","SCANNER","DATACENTER",1,0,0,0,0,1,0,0,1,1,173,1,0,"indicator--99f64c26-8102-4d29-ae76-9a8689d9b23e"
100,100,1,246,0,100,100,0,90,123.92696953259666,70,"Data Center/Web Hosting/Transit","KR","SCANNER","CLOUD",0,0,0,0,0,1,0,0,0,1,246,1,0,"indicator--dc700569-4474-4925-ad41-71392edd032e"
100,100,1,135,0,100,100,0,75,121.33538908370218,70,"Data Center/Web Hosting/Transit","US","SCANNER","CLOUD",0,0,0,0,0,1,0,0,0,1,135,1,0,"indicator--ccf35744-3b31-48fd-adb8-104d54c88fde"
38,43,1,8,0,38,43,0,65,72.54242509439325,55,"Data Center/Web Hosting/Transit","SG","ABUSIVE_ACTOR","DATACENTER",1,0,0,0,0,1,0,0,1,1,8,1,0,"indicator--1cc5b944-4c2c-42d4-84df-df5d0c63abe6"
40,55,1,9,2,40,55,0,65,77,70,"Data Center/Web Hosting/Transit","SG","ABUSIVE_ACTOR","DATACENTER",1,0,0,0,0,1,1,0,1,1,3,1,0,"indicator--0590d7ff-6842-415a-b8c6-1dd583e1881c"
40,50,1,24,1,40,50,0,0,54.979400086720375,65,"Fixed Line ISP","SE","UNKNOWN_THREAT","RESIDENTIAL",0,0,1,0,0,1,1,0,0,1,12,1,0,"indicator--cf4cd3ff-7fc7-4151-9dca-da318fba90c1"
0,80,0,0,0,0,80,0,0,0,0,"unknown","unknown","unknown","unknown",0,0,0,0,0,0,0,0,0,0,0,0,0,"indicator--threatfox-59258f98-a216-5132-b962-0464a8034f99"
100,100,1,569,0,100,100,0,95,127.55874855672491,70,"Data Center/Web Hosting/Transit","US","SCANNER","CLOUD",0,0,0,0,0,1,0,0,0,1,569,1,0,"indicator--f9d68922-3c00-4b82-8ca4-a239915420a5"
75,85,1,21,1,75,85,0,70,89.42422680822206,65,"Data Center/Web Hosting/Transit","US","ABUSIVE_ACTOR","CLOUD",0,0,0,0,0,1,1,0,0,1,10.5,1,0,"indicator--78617555-f933-46fa-bb03-a21e695a8ef1"
100,100,1,620,1,100,100,0,95,128.9309160017658,85,"Data Center/Web Hosting/Transit","US","SCANNER","DATACENTER",0,0,0,0,0,1,1,0,0,1,310,1,0,"indicator--088bb280-fdfa-43d7-a55e-fd7fe3eb502b"
100,100,1,29,2,100,100,0,80,116.77121254719663,75,"Data Center/Web Hosting/Transit","US","ABUSIVE_ACTOR","CLOUD",0,0,0,0,0,1,1,0,0,1,9.666666666666666,1,1,"indicator--0ba869a5-aa71-43d4-891e-761693b0dac4"
100,100,1,220,0,100,100,0,85,123.4439227368511,70,"Data Center/Web Hosting/Transit","ID","SCANNER","DATACENTER",0,0,0,0,0,1,0,0,0,1,220,1,0,"indicator--4e709dbd-6fa8-42ae-9b00-9475c8d61b84"
41,41,1,75,0,41,41,0,65,59.808135922807914,60,"Data Center/Web Hosting/Transit","US","ABUSIVE_ACTOR","CLOUD",0,0,0,0,0,1,0,0,0,1,75,1,0,"indicator--5d5d86a9-fd2c-4d3c-af91-ff3921c1c253"
0,80,0,0,0,0,80,0,0,0,0,"unknown","unknown","unknown","unknown",0,0,0,0,0,0,0,0,0,0,0,0,0,"indicator--threatfox-7079d058-d2d0-54c8-b229-43d4b2f49b26"
41,46,1,16,0,41,46,0,65,78.30448921378274,55,"Data Center/Web Hosting/Transit","US","ABUSIVE_ACTOR","DATACENTER",1,0,0,0,0,1,0,0,1,1,16,1,0,"indicator--5936009f-d97b-47cd-b96d-ed658837e309"
31,31,1,5,0,31,31,0,65,38.78151250383644,50,"Data Center/Web Hosting/Transit","IN","ABUSIVE_ACTOR","CLOUD",0,0,0,0,0,1,0,0,0,1,5,1,0,"indicator--ef30835c-5279-4ec8-bb59-d641411a9c33"
45,45,1,6,0,45,45,0,65,53.45098040014257,50,"Data Center/Web Hosting/Transit","US","ABUSIVE_ACTOR","CLOUD",0,0,0,0,0,1,0,0,0,1,6,1,0,"indicator--7be3a5e4-6aad-4839-888e-3ba092b9b038"
68,78,1,50,3,68,78,0,70,88.07570176097937,65,"Data Center/Web Hosting/Transit","US","ABUSIVE_ACTOR","DATACENTER",0,0,0,0,0,1,1,0,0,1,12.5,1,0,"indicator--06cfadd0-8322-42c0-b0ca-64705181bfde"
100,100,1,1068,0,100,100,0,90,130.28977705208777,70,"Commercial","US","UNKNOWN_THREAT","UNKNOWN",0,0,0,0,0,1,0,0,0,1,1068,1,0,"indicator--f7e3e8b5-7739-4359-92ba-491a68f72619"
41,41,1,40,0,41,41,0,65,57.12783856719736,50,"Data Center/Web Hosting/Transit","US","ABUSIVE_ACTOR","CLOUD",0,0,0,0,0,1,0,0,0,1,40,1,0,"indicator--51c76b7f-448e-4cb9-b472-7f44748a9ecb"
92,97,1,92,0,92,97,0,80,136.68482948553935,75,"Data Center/Web Hosting/Transit","PL","ABUSIVE_ACTOR","DATACENTER",1,0,0,0,0,1,0,0,1,1,92,1,0,"indicator--459b69e9-6989-4a70-bb4a-2cfd61d488f3"
0,80,0,0,0,0,80,0,0,0,0,"unknown","unknown","unknown","unknown",0,0,0,0,0,0,0,0,0,0,0,0,0,"indicator--threatfox-e874f54d-36d9-59b5-8910-43652a84c628"
61,61,1,13,0,61,61,0,65,72.46128035678238,50,"Data Center/Web Hosting/Transit","US","ABUSIVE_ACTOR","CLOUD",0,0,0,0,0,1,0,0,0,1,13,1,0,"indicator--45f20f16-5b43-4d95-9e6c-85bf4870589e"
38,43,1,16,0,38,43,0,65,75.30448921378274,55,"Data Center/Web Hosting/Transit","US","ABUSIVE_ACTOR","DATACENTER",1,0,0,0,0,1,0,0,1,1,16,1,0,"indicator--ea62a27a-4e78-4c76-a849-bb48fd166a6f"
68,68,1,74,0,68,68,0,0,86.750612633917,60,"Data Center/Web Hosting/Transit","PL","ABUSIVE_ACTOR","DATACENTER",0,0,0,0,0,1,0,0,0,1,74,1,0,"indicator--0cb7a3a6-6f73-43da-ad78-0f4772a83c1e"
55,55,1,35,0,55,55,0,65,70.56302500767288,50,"Data Center/Web Hosting/Transit","PL","ABUSIVE_ACTOR","CLOUD",0,0,0,0,0,1,0,0,0,1,35,1,0,"indicator--86a4f10e-9050-4181-9368-b341232c38f9"
100,100,1,654,4,100,100,0,95,132.16241299991782,85,"Data Center/Web Hosting/Transit","US","SCANNER","DATACENTER",0,0,0,0,0,1,1,0,0,1,130.8,1,0,"indicator--9d1f6463-3118-4f49-9f84-1fb5a03d6d64"
100,100,1,1009,8,100,100,0,95,138.04321373782642,85,"Data Center/Web Hosting/Transit","FR","MALICIOUS_BOT","DATACENTER",0,0,0,0,0,1,1,0,0,1,112.11111111111111,1,0,"indicator--1ddce17c-13a5-4cd9-925a-19a64c079e87"
0,80,0,0,0,0,80,0,0,0,0,"unknown","unknown","unknown","unknown",0,0,0,0,0,0,0,0,0,0,0,0,0,"indicator--threatfox-713ea200-db4d-5bfc-af97-2513bc4843bb"
100,100,1,93,0,100,100,0,70,119.73127853599698,70,"Data Center/Web Hosting/Transit","US","ABUSIVE_ACTOR","CLOUD",0,0,0,0,0,1,0,0,0,1,93,1,0,"indicator--bc03c4c1-87e2-444a-a7f3-a17eb5f324f7"
0,80,0,0,0,0,80,0,0,0,0,"unknown","unknown","unknown","unknown",0,0,0,0,0,0,0,0,0,0,0,0,0,"indicator--threatfox-4be2a48b-8150-5d95-ac08-3dfe0c679887"
0,80,0,0,0,0,80,0,0,0,0,"unknown","unknown","unknown","unknown",0,0,0,0,0,0,0,0,0,0,0,0,0,"indicator--threatfox-13508736-22ce-5ab5-87e8-4b066d60b5b1"
26,36,1,9,1,26,36,0,65,37,65,"Data Center/Web Hosting/Transit","US","ABUSIVE_ACTOR","CLOUD",0,0,0,0,0,1,1,0,0,1,4.5,1,0,"indicator--2d962b99-188b-4d3e-8437-e78fafddfdca"
0,80,0,0,0,0,80,0,0,0,0,"unknown","unknown","unknown","unknown",0,0,0,0,0,0,0,0,0,0,0,0,0,"indicator--threatfox-8c897071-ebad-5345-b290-3c40fea055e8"
100,100,1,641,4,100,100,0,95,132.07535028068853,85,"Data Center/Web Hosting/Transit","US","SCANNER","DATACENTER",0,0,0,0,0,1,1,0,0,1,128.2,1,0,"indicator--57c8916b-a0d9-4254-81ed-c36d3b478181"
42,42,1,44,0,42,42,0,65,58.53212513775344,50,"Data Center/Web Hosting/Transit","PL","ABUSIVE_ACTOR","CLOUD",0,0,0,0,0,1,0,0,0,1,44,1,0,"indicator--48326358-0494-4dfa-b13d-b55636e4e5a5"
22,37,1,22,1,22,37,0,65,61.61727836017593,70,"Data Center/Web Hosting/Transit","SG","ABUSIVE_ACTOR","DATACENTER",1,0,0,0,0,1,1,0,1,1,11,1,0,"indicator--1c831bb4-b0e6-4229-9fd0-6d39d21ab986"
100,100,1,156,0,100,100,0,85,121.95899652409233,70,"Data Center/Web Hosting/Transit","US","SCANNER","CLOUD",0,0,0,0,0,1,0,0,0,1,156,1,0,"indicator--eeedb97c-4449-49e7-95da-9912aca0ecc7"
100,100,1,459,6,100,100,0,95,132.62757831681574,85,"Data Center/Web Hosting/Transit","RO","MALICIOUS_BOT","DATACENTER",0,0,0,0,0,1,1,0,0,1,65.57142857142857,1,0,"indicator--f0a823df-78b2-4341-a597-3f991c88831b"
39,39,1,36,0,39,39,0,65,54.68201724066995,50,"Data Center/Web Hosting/Transit","US","ABUSIVE_ACTOR","CLOUD",0,0,0,0,0,1,0,0,0,1,36,1,0,"indicator--9f944f1e-4f19-493c-a1bd-cea010968cac"
37,37,1,23,0,37,37,0,65,50.802112417116064,50,"Data Center/Web Hosting/Transit","US","ABUSIVE_ACTOR","CLOUD",0,0,0,0,0,1,0,0,0,1,23,1,0,"indicator--97005e02-3fb9-48a0-8bc9-9841e4a14dde"
67,67,1,37,0,67,67,0,65,82.7978359661681,50,"Data Center/Web Hosting/Transit","PL","ABUSIVE_ACTOR","CLOUD",0,0,0,0,0,1,0,0,0,1,37,1,0,"indicator--efa76d86-ed18-4a2b-a9c0-4740facabc8e"
37,37,1,16,0,37,37,0,0,49.30448921378274,50,"Data Center/Web Hosting/Transit","CA","ABUSIVE_ACTOR","DATACENTER",0,0,0,0,0,1,0,0,0,1,16,1,0,"indicator--481d3704-5d56-4fe7-a21b-5a89308c27a0"
31,36,1,19,0,31,36,0,65,69.01029995663981,55,"Data Center/Web Hosting/Transit","HK","ABUSIVE_ACTOR","DATACENTER",1,0,0,0,0,1,0,0,1,1,19,1,0,"indicator--e3193894-c985-4b41-8acf-69b39a2f9469"
0,80,0,0,0,0,80,0,0,0,0,"unknown","unknown","unknown","unknown",0,0,0,0,0,0,0,0,0,0,0,0,0,"indicator--threatfox-442e4c29-2ba9-56ef-8240-935eaf2c21bd"
33,33,1,60,0,33,33,0,65,50.85329835010767,60,"Data Center/Web Hosting/Transit","IN","ABUSIVE_ACTOR","CLOUD",0,0,0,0,0,1,0,0,0,1,60,1,0,"indicator--044384be-fdca-4616-8c60-097c70f43b1b"
54,64,1,35,1,54,64,0,0,70.56302500767288,65,"Mobile ISP","PL","UNKNOWN_THREAT","RESIDENTIAL",0,0,1,0,0,1,1,0,0,1,17.5,1,0,"indicator--b5467524-c2ea-4270-87e4-7d8dc7976be4"
30,30,1,31,0,30,30,0,0,45.05149978319906,50,"Data Center/Web Hosting/Transit","NL","ABUSIVE_ACTOR","DATACENTER",0,0,0,0,0,1,0,0,0,1,31,1,0,"indicator--fb90cc2a-c41b-41f0-8758-96b52bba9252"
39,39,1,58,0,39,39,0,65,56.70852011642144,60,"Data Center/Web Hosting/Transit","US","ABUSIVE_ACTOR","CLOUD",0,0,0,0,0,1,0,0,0,1,58,1,0,"indicator--bae3fe32-4960-4ab5-a2c2-526958c09de2"
30,45,1,7,2,30,45,0,65,66.03089986991944,70,"Data Center/Web Hosting/Transit","SG","ABUSIVE_ACTOR","DATACENTER",1,0,0,0,0,1,1,0,1,1,2.3333333333333335,1,0,"indicator--2f9ac483-de50-433b-8dc8-d63ac0e10a01"
0,80,0,0,0,0,80,0,0,0,0,"unknown","unknown","unknown","unknown",0,0,0,0,0,0,0,0,0,0,0,0,0,"indicator--threatfox-a6b90165-6934-5c3b-870f-f0aed46b7221"
65,65,1,100,0,65,65,0,0,85.04321373782642,60,"Data Center/Web Hosting/Transit","HK","ABUSIVE_ACTOR","DATACENTER",0,0,0,0,0,1,0,0,0,1,100,1,0,"indicator--55f69fbb-d835-41f9-946d-bc69ac1d86ef"
42,52,1,13,1,42,52,0,0,54.46128035678238,65,"Data Center/Web Hosting/Transit","LT","ABUSIVE_ACTOR","DATACENTER",0,0,0,0,0,1,1,0,0,1,6.5,1,0,"indicator--c6dea7c0-f294-4824-97c7-75c3761b1e4d"
37,42,1,13,0,37,42,0,65,73.46128035678238,55,"Data Center/Web Hosting/Transit","US","ABUSIVE_ACTOR","DATACENTER",1,0,0,0,0,1,0,0,1,1,13,1,0,"indicator--36de5f5f-a815-4981-8d0b-018ff3a127d6"
100,100,1,90,1,100,100,0,80,120.59041392321093,85,"Data Center/Web Hosting/Transit","US","ABUSIVE_ACTOR","DATACENTER",0,0,0,0,0,1,1,0,0,1,45,1,0,"indicator--a84b6fac-ae79-49a0-8a1d-50b463db9171"
48,48,1,54,0,48,48,0,65,65.40362689494243,60,"Data Center/Web Hosting/Transit","US","ABUSIVE_ACTOR","CLOUD",0,0,0,0,0,1,0,0,0,1,54,1,0,"indicator--621f4d5a-f7df-4e27-ab06-2c1f9fe91e9d"
100,100,1,139,0,100,100,0,70,121.46128035678238,70,"Data Center/Web Hosting/Transit","NL","SCANNER","DATACENTER",0,0,0,0,0,1,0,0,0,1,139,1,0,"indicator--07adbea5-6a5e-4f19-a80d-93f031b322e9"
0,80,0,0,0,0,80,0,0,0,0,"unknown","unknown","unknown","unknown",0,0,0,0,0,0,0,0,0,0,0,0,0,"indicator--threatfox-a493cb34-6855-5cc2-ab2f-d407a6f92b86"
63,63,1,57,0,63,63,0,65,80.63427993562937,60,"Data Center/Web Hosting/Transit","SG","ABUSIVE_ACTOR","CLOUD",0,0,0,0,0,1,0,0,0,1,57,1,0,"indicator--771722ef-107c-4cd6-8fbe-9a97d3f06967"
55,55,1,62,0,55,55,0,65,72.99340549453582,60,"Data Center/Web Hosting/Transit","PL","ABUSIVE_ACTOR","CLOUD",0,0,0,0,0,1,0,0,0,1,62,1,0,"indicator--08f49181-836e-4e46-8c1a-31b2a268509f"
100,100,1,54,3,100,100,0,80,120.40362689494243,85,"Data Center/Web Hosting/Transit","PL","ABUSIVE_ACTOR","DATACENTER",0,0,0,0,0,1,1,0,0,1,13.5,1,0,"indicator--2757cf03-09e5-45cd-ae57-bce722b9018a"
36,36,1,24,0,36,36,0,0,49.979400086720375,50,"Data Center/Web Hosting/Transit","US","ABUSIVE_ACTOR","DATACENTER",0,0,0,0,0,1,0,0,0,1,24,1,0,"indicator--cec2f2ae-a7be-4740-afd1-12a9849accc1"
100,100,1,119,0,100,100,0,70,120.79181246047625,70,"Data Center/Web Hosting/Transit","RU","SCANNER","DATACENTER",0,0,0,0,0,1,0,0,0,1,119,1,0,"indicator--e74eb9b6-ee8d-4e7c-bbf5-d0a6155e8e1a"
0,80,0,0,0,0,80,0,0,0,0,"unknown","unknown","unknown","unknown",0,0,0,0,0,0,0,0,0,0,0,0,0,"indicator--threatfox-4d9acf19-9bbc-5e28-8f2c-a6a5244df30a"
42,47,1,18,0,42,47,0,65,79.78753600952828,55,"Data Center/Web Hosting/Transit","US","ABUSIVE_ACTOR","DATACENTER",1,0,0,0,0,1,0,0,1,1,18,1,0,"indicator--049b0d29-d19d-4d41-bc4d-44257f7bce50"
100,100,1,57,0,100,100,0,65,117.63427993562937,70,"Data Center/Web Hosting/Transit","SG","ABUSIVE_ACTOR","CLOUD",0,0,0,0,0,1,0,0,0,1,57,1,0,"indicator--a422f810-10ac-470e-a80c-bdcc75762e5a"
0,80,0,0,0,0,80,0,0,0,0,"unknown","unknown","unknown","unknown",0,0,0,0,0,0,0,0,0,0,0,0,0,"indicator--threatfox-6045b428-1796-5e6a-9ff7-a1e3df207db7"
54,54,1,45,0,54,54,0,65,70.62757831681574,50,"Data Center/Web Hosting/Transit","ES","ABUSIVE_ACTOR","CLOUD",0,0,0,0,0,1,0,0,0,1,45,1,0,"indicator--25fae7f9-45aa-4771-ba75-aa4f2706d3d3"
46,46,1,27,0,46,46,0,65,60.471580313422194,50,"Data Center/Web Hosting/Transit","US","ABUSIVE_ACTOR","CLOUD",0,0,0,0,0,1,0,0,0,1,27,1,0,"indicator--683bc10b-94db-4042-b780-f5925255ce22"
24,34,1,6,1,24,34,0,0,33.45098040014257,65,"Data Center/Web Hosting/Transit","AE","ABUSIVE_ACTOR","DATACENTER",0,0,0,0,0,1,1,0,0,1,3,1,0,"indicator--bffff8e9-3b2a-4046-a996-5e72603a2af3"
0,80,0,0,0,0,80,0,0,0,0,"unknown","unknown","unknown","unknown",0,0,0,0,0,0,0,0,0,0,0,0,0,"indicator--threatfox-57b79fdf-2047-5a24-bb1e-2aa22c00e4fc"
64,64,1,58,0,64,64,0,65,81.70852011642144,60,"Data Center/Web Hosting/Transit","US","ABUSIVE_ACTOR","CLOUD",0,0,0,0,0,1,0,0,0,1,58,1,0,"indicator--d23c354a-aec6-4b2e-9c6c-98f246b4b699"
43,43,1,50,0,43,43,0,65,60.07570176097936,50,"Data Center/Web Hosting/Transit","PL","ABUSIVE_ACTOR","CLOUD",0,0,0,0,0,1,0,0,0,1,50,1,0,"indicator--b0a2e3d1-078f-4b2f-8567-d078edb734f6"
0,80,0,0,0,0,80,0,0,0,0,"unknown","unknown","unknown","unknown",0,0,0,0,0,0,0,0,0,0,0,0,0,"indicator--threatfox-2d29cee0-cffe-5d26-bdda-7d085e77e710"
34,34,1,19,0,34,34,0,65,47.01029995663981,50,"Data Center/Web Hosting/Transit","US","ABUSIVE_ACTOR","CLOUD",0,0,0,0,0,1,0,0,0,1,19,1,0,"indicator--86851505-62b4-4bfd-ad1c-e49b8752ac8f"
100,100,1,80,0,100,100,0,65,119.0848501887865,70,"Data Center/Web Hosting/Transit","FR","ABUSIVE_ACTOR","DATACENTER",0,0,0,0,0,1,0,0,0,1,80,1,0,"indicator--223dbcfc-7c54-49f2-8a44-540b250e133d"
30,30,1,29,0,30,30,0,65,44.771212547196626,50,"Data Center/Web Hosting/Transit","US","ABUSIVE_ACTOR","CLOUD",0,0,0,0,0,1,0,0,0,1,29,1,0,"indicator--e3b28d30-fd8d-4ba4-9e7d-e8a8466289bb"
100,100,1,92,5,100,100,0,80,124.68482948553935,85,"Data Center/Web Hosting/Transit","DE","ABUSIVE_ACTOR","DATACENTER",0,0,0,0,0,1,1,0,0,1,15.333333333333334,1,0,"indicator--0e98e2fb-5ae9-48c1-b848-79b4cc57444b"
61,61,1,18,0,61,61,0,0,73.78753600952828,50,"Mobile ISP","PL","UNKNOWN_THREAT","RESIDENTIAL",0,0,1,0,0,1,0,0,0,1,18,1,0,"indicator--c6546b37-dac7-4484-b207-d71411eb5c3e"
39,39,1,71,0,39,39,0,65,57.57332496431269,60,"Data Center/Web Hosting/Transit","US","ABUSIVE_ACTOR","CLOUD",0,0,0,0,0,1,0,0,0,1,71,1,0,"indicator--06ac80b6-fd46-4315-b0e7-727710a086ab"
42,42,1,83,0,42,42,0,65,61.24279286061882,60,"Data Center/Web Hosting/Transit","JP","ABUSIVE_ACTOR","CLOUD",0,0,0,0,0,1,0,0,0,1,83,1,0,"indicator--1728f48a-db0c-41fb-b451-dbbb80466414"
32,42,1,8,1,32,42,0,0,42.54242509439325,65,"Fixed Line ISP","CN","UNKNOWN_THREAT","RESIDENTIAL",0,0,1,0,0,1,1,0,0,1,4,1,0,"indicator--5f90c0a4-715a-45dc-af3c-c68e05042e84"
100,100,1,1193,0,100,100,0,90,130.7700432679335,70,"Data Center/Web Hosting/Transit","US","SCANNER","DATACENTER",0,0,0,0,0,1,0,0,0,1,1193,1,0,"indicator--d77d9f38-e150-454e-9765-d73dd8fd18a5"
51,51,1,86,0,51,51,0,65,70.39519252618618,60,"Data Center/Web Hosting/Transit","US","ABUSIVE_ACTOR","CLOUD",0,0,0,0,0,1,0,0,0,1,86,1,0,"indicator--6bcf138c-915d-44f6-9171-a2f20ec24341"
100,100,1,738,5,100,100,0,95,133.68644438394824,85,"Data Center/Web Hosting/Transit","SG","SCANNER","DATACENTER",0,0,0,0,0,1,1,0,0,1,123,1,0,"indicator--bbec58ed-2df9-4f1f-a280-b3bc29092b3e"
100,100,1,470,0,100,100,0,95,126.73020907128895,70,"Data Center/Web Hosting/Transit","US","SCANNER","CLOUD",0,0,0,0,0,1,0,0,0,1,470,1,0,"indicator--43f021f0-9f8b-4394-869d-42c4e31c15bd"
32,37,1,12,0,32,37,0,65,68.13943352306836,55,"Data Center/Web Hosting/Transit","US","ABUSIVE_ACTOR","DATACENTER",1,0,0,0,0,1,0,0,1,1,12,1,0,"indicator--581eb0d1-5a98-4e96-b7f7-2c13fcf1a74c"
0,80,0,0,0,0,80,0,0,0,0,"unknown","unknown","unknown","unknown",0,0,0,0,0,0,0,0,0,0,0,0,0,"indicator--threatfox-e58fc896-5348-58e0-98fd-3ae58271827d"
100,100,1,1045,0,100,100,0,90,130.19531684531256,70,"Commercial","US","UNKNOWN_THREAT","UNKNOWN",0,0,0,0,0,1,0,0,0,1,1045,1,0,"indicator--2a23d4d0-1fdb-4826-b074-cef75f943c5a"
30,30,1,13,0,30,30,0,65,41.46128035678238,50,"Data Center/Web Hosting/Transit","US","ABUSIVE_ACTOR","CLOUD",0,0,0,0,0,1,0,0,0,1,13,1,0,"indicator--8f48e960-dcba-4349-aa6b-94a9f9d80cea"
60,60,1,21,0,60,60,0,0,73.42422680822206,50,"Fixed Line ISP","ZA","UNKNOWN_THREAT","RESIDENTIAL",0,0,1,0,0,1,0,0,0,1,21,1,0,"indicator--542c747f-9392-42fa-9c58-cc7003d6a52f"
31,31,1,28,0,31,31,0,65,45.62397997898956,50,"Data Center/Web Hosting/Transit","IN","ABUSIVE_ACTOR","CLOUD",0,0,0,0,0,1,0,0,0,1,28,1,0,"indicator--5fa6353e-74ea-40c4-9fbe-84fd2265dbd2"
100,100,1,78,3,100,100,0,80,121.97627091290441,85,"Data Center/Web Hosting/Transit","PL","ABUSIVE_ACTOR","DATACENTER",0,0,0,0,0,1,1,0,0,1,19.5,1,0,"indicator--2d0a770b-3308-41e5-899e-b148a2357edb"
100,100,1,932,5,100,100,0,95,134.698816437465,85,"Data Center/Web Hosting/Transit","DE","SCANNER","CLOUD",0,0,0,0,0,1,1,0,0,1,155.33333333333334,1,0,"indicator--21c5968f-3fb5-4fcf-b93a-68a7acb6b58d"
0,80,0,0,0,0,80,0,0,0,0,"unknown","unknown","unknown","unknown",0,0,0,0,0,0,0,0,0,0,0,0,0,"indicator--threatfox-a7e0b83b-c4c3-5679-ad65-7e20a8ff2f06"
43,43,1,40,0,43,43,0,65,59.12783856719736,50,"Data Center/Web Hosting/Transit","ES","ABUSIVE_ACTOR","CLOUD",0,0,0,0,0,1,0,0,0,1,40,1,0,"indicator--ac1a2453-e6dd-4d27-9f2b-527713bda212"
100,100,1,98,2,100,100,0,85,121.9563519459755,85,"Data Center/Web Hosting/Transit","US","ABUSIVE_ACTOR","DATACENTER",0,0,0,0,0,1,1,0,0,1,32.666666666666664,1,0,"indicator--328ad1d2-d9e7-49f2-b506-7b05b12457cb"
47,52,1,18,0,47,52,0,65,84.78753600952828,55,"Fixed Line ISP","IL","PROXY_SERVICE","PROXY",1,0,0,0,0,1,0,0,1,1,18,1,0,"indicator--c279e21c-5dc2-4473-9f3c-5ca5c2c97bd4"
30,30,1,8,0,30,30,0,65,39.54242509439325,50,"Data Center/Web Hosting/Transit","SG","ABUSIVE_ACTOR","CLOUD",0,0,0,0,0,1,0,0,0,1,8,1,0,"indicator--4acc3b1d-27d6-4dfc-8764-d65734cfc4c5"
63,63,1,30,0,63,63,0,0,77.91361693834273,50,"Fixed Line ISP","CN","UNKNOWN_THREAT","RESIDENTIAL",0,0,1,0,0,1,0,0,0,1,30,1,0,"indicator--cc97fb28-042a-480b-b643-9f20ed26a71b"
50,50,1,36,0,50,50,0,65,65.68201724066995,50,"Data Center/Web Hosting/Transit","PL","ABUSIVE_ACTOR","CLOUD",0,0,0,0,0,1,0,0,0,1,36,1,0,"indicator--b9ae6ae9-fe7d-4fa5-81c7-ada5db7dbf76"
46,46,1,83,0,46,46,0,0,65.24279286061882,60,"Fixed Line ISP","CN","UNKNOWN_THREAT","RESIDENTIAL",0,0,1,0,0,1,0,0,0,1,83,1,0,"indicator--f99bec95-50c7-49e3-860d-f02c2fd7506f"
0,80,0,0,0,0,80,0,0,0,0,"unknown","unknown","unknown","unknown",0,0,0,0,0,0,0,0,0,0,0,0,0,"indicator--threatfox-7e17c43a-4c27-5cec-b855-56005772e1a8"
60,60,1,42,0,60,60,0,65,76.33468455579586,50,"Data Center/Web Hosting/Transit","PL","ABUSIVE_ACTOR","CLOUD",0,0,0,0,0,1,0,0,0,1,42,1,0,"indicator--903f1937-e177-4526-a6b9-ae247248555f"
100,100,1,96,0,100,100,0,65,119.86771734266244,70,"Data Center/Web Hosting/Transit","FR","ABUSIVE_ACTOR","DATACENTER",0,0,0,0,0,1,0,0,0,1,96,1,0,"indicator--a35cbddc-4049-4c2b-a31b-4a0513fb0cc7"
35,35,1,20,0,35,35,0,65,48.222192947339195,50,"Data Center/Web Hosting/Transit","US","ABUSIVE_ACTOR","CLOUD",0,0,0,0,0,1,0,0,0,1,20,1,0,"indicator--30ca5aa7-b9a0-4a2f-98a2-7258167bda21"
33,38,1,29,0,33,38,0,65,72.77121254719663,55,"Commercial","CN","PROXY_SERVICE","PROXY",1,0,0,0,0,1,0,0,1,1,29,1,0,"indicator--7bb3e4ce-c766-48e1-b3aa-ba1b59fea44c"
40,40,1,22,0,40,40,0,65,53.61727836017593,50,"Data Center/Web Hosting/Transit","JP","ABUSIVE_ACTOR","CLOUD",0,0,0,0,0,1,0,0,0,1,22,1,0,"indicator--ce1cac17-7552-45d9-b03a-6567d2a67ff8"
39,39,1,39,0,39,39,0,0,55.020599913279625,50,"Data Center/Web Hosting/Transit","US","ABUSIVE_ACTOR","DATACENTER",0,0,0,0,0,1,0,0,0,1,39,1,0,"indicator--5e904492-2da1-423c-abff-b952cd0e75c5"
100,100,1,261,0,100,100,0,90,124.18301291319744,70,"Data Center/Web Hosting/Transit","NL","SCANNER","DATACENTER",0,0,0,0,0,1,0,0,0,1,261,1,0,"indicator--0fb2f414-648d-408d-9996-5019b91a2d68"
100,100,1,40,3,100,100,0,80,119.12783856719736,75,"Commercial","CN","UNKNOWN_THREAT","UNKNOWN",0,0,0,0,0,1,1,0,0,1,10,1,0,"indicator--f27b957b-ffd1-4b31-a824-ea9871ca2871"
37,37,1,12,0,37,37,0,0,48.13943352306837,50,"Data Center/Web Hosting/Transit","KR","ABUSIVE_ACTOR","CLOUD",0,0,0,0,0,1,0,0,0,1,12,1,0,"indicator--958b6d3e-5a1d-40c9-898a-041ffc7be185"
0,80,0,0,0,0,80,0,0,0,0,"unknown","unknown","unknown","unknown",0,0,0,0,0,0,0,0,0,0,0,0,0,"indicator--threatfox-86d34a72-b63a-5d32-9df1-ed467ab84d98"
100,100,1,594,0,100,100,0,90,127.7451696572855,70,"Data Center/Web Hosting/Transit","US","SCANNER","CLOUD",0,0,0,0,0,1,0,0,0,1,594,1,0,"indicator--aba9de4e-2f92-4929-b362-4e82132902d9"
100,100,1,382,0,100,100,0,95,150.8319877396862,75,"Data Center/Web Hosting/Transit","US","SCANNER","DATACENTER",1,0,0,0,0,1,0,0,1,1,382,1,0,"indicator--31394898-ebfa-409b-842a-a7edf98c7b2f"
41,51,1,16,1,41,51,0,0,54.30448921378274,65,"Fixed Line ISP","CN","UNKNOWN_THREAT","RESIDENTIAL",0,0,1,0,0,1,1,0,0,1,8,1,0,"indicator--133a38f7-e389-401e-be6c-05cfc1291d62"
37,37,1,50,0,37,37,0,65,54.07570176097936,50,"Data Center/Web Hosting/Transit","US","ABUSIVE_ACTOR","CLOUD",0,0,0,0,0,1,0,0,0,1,50,1,0,"indicator--ed333b96-24a4-498a-95fa-7bc64a945daf"
37,37,1,48,0,37,37,0,65,53.90196080028514,50,"Data Center/Web Hosting/Transit","JP","ABUSIVE_ACTOR","CLOUD",0,0,0,0,0,1,0,0,0,1,48,1,0,"indicator--14777220-b958-47ca-a48a-8cd3461327b7"
32,32,1,25,0,32,32,0,65,46.14973347970818,50,"Data Center/Web Hosting/Transit","IT","ABUSIVE_ACTOR","CLOUD",0,0,0,0,0,1,0,0,0,1,25,1,0,"indicator--0db2a4de-d628-43bb-a55b-9023733bd7b4"
43,43,1,81,0,43,43,0,65,62.13813852383717,60,"Data Center/Web Hosting/Transit","US","ABUSIVE_ACTOR","CLOUD",0,0,0,0,0,1,0,0,0,1,81,1,0,"indicator--4e0f6967-64e7-4d55-a496-9acf938a12a1"
100,100,1,555,0,100,100,0,95,127.45074791582057,70,"Data Center/Web Hosting/Transit","AU","SCANNER","CLOUD",0,0,0,0,0,1,0,0,0,1,555,1,0,"indicator--56fd0fdd-99d9-4d86-ae97-52578cf2992c"
30,30,1,52,0,30,30,0,65,47.24275869600789,60,"Data Center/Web Hosting/Transit","IN","ABUSIVE_ACTOR","CLOUD",0,0,0,0,0,1,0,0,0,1,52,1,0,"indicator--e5958b03-4a99-41dd-a21b-48a91262c79a"
65,65,1,118,0,65,65,0,75,85.75546961392531,60,"Data Center/Web Hosting/Transit","US","SCANNER","CLOUD",0,0,0,0,0,1,0,0,0,1,118,1,0,"indicator--f184be4a-bd12-4403-96f4-8ab2f8577c4f"
30,30,1,48,0,30,30,0,65,46.90196080028514,50,"Data Center/Web Hosting/Transit","US","ABUSIVE_ACTOR","CLOUD",0,0,0,0,0,1,0,0,0,1,48,1,0,"indicator--afe25334-2e6a-4780-a66b-d056861e440b"
68,68,1,83,0,68,68,0,0,87.24279286061882,60,"Fixed Line ISP","CN","UNKNOWN_THREAT","RESIDENTIAL",0,0,1,0,0,1,0,0,0,1,83,1,0,"indicator--85fbf60a-349b-4845-9bbe-365ff9698f2e"
31,31,1,54,0,31,31,0,65,48.403626894942434,60,"Data Center/Web Hosting/Transit","US","ABUSIVE_ACTOR","CLOUD",0,0,0,0,0,1,0,0,0,1,54,1,0,"indicator--f0b98ee3-a373-4aa8-b42a-5ff0731fd735"
44,44,1,35,0,44,44,0,65,59.56302500767288,50,"Data Center/Web Hosting/Transit","US","ABUSIVE_ACTOR","DATACENTER",0,0,0,0,0,1,0,0,0,1,35,1,0,"indicator--0b89ccf8-bae8-42ed-9984-0cd31e1a288e"
100,100,1,166,0,100,100,0,80,122.22716471147584,70,"Fixed Line ISP","CN","UNKNOWN_THREAT","RESIDENTIAL",0,0,1,0,0,1,0,0,0,1,166,1,0,"indicator--ec29f16b-7309-4711-9efe-79b30483b4d0"
100,100,1,51,0,100,100,0,65,117.16003343634799,70,"Data Center/Web Hosting/Transit","FR","ABUSIVE_ACTOR","DATACENTER",0,0,0,0,0,1,0,0,0,1,51,1,0,"indicator--857e3c1b-94a4-46c7-a8c9-b2151b09b26e"
57,67,1,73,2,57,67,0,0,77.69231719730976,75,"Data Center/Web Hosting/Transit","US","ABUSIVE_ACTOR","DATACENTER",0,0,0,0,0,1,1,0,0,1,24.333333333333332,1,0,"indicator--5902b690-5d3e-44e1-9023-cb9350a10f01"
0,80,0,0,0,0,80,0,0,0,0,"unknown","unknown","unknown","unknown",0,0,0,0,0,0,0,0,0,0,0,0,0,"indicator--threatfox-c5b3dd86-b66a-5ae3-9d37-9cdda975796a"
100,100,1,2437,0,100,100,0,90,133.87033701282363,70,"Data Center/Web Hosting/Transit","NL","SCANNER","DATACENTER",0,0,0,0,0,1,0,0,0,1,2437,1,0,"indicator--52094feb-5064-4c00-8392-33b95213286c"
45,45,1,75,0,45,45,0,65,63.808135922807914,60,"Data Center/Web Hosting/Transit","US","ABUSIVE_ACTOR","CLOUD",0,0,0,0,0,1,0,0,0,1,75,1,0,"indicator--6795c0b9-249a-4316-b860-899a20b6cfd5"
0,80,0,0,0,0,80,0,0,0,0,"unknown","unknown","unknown","unknown",0,0,0,0,0,0,0,0,0,0,0,0,0,"indicator--threatfox-34097d7d-dedf-5948-937a-a47d98fab194"
100,100,1,99,3,100,100,0,80,123,85,"Fixed Line ISP","CN","UNKNOWN_THREAT","RESIDENTIAL",0,0,1,0,0,1,1,0,0,1,24.75,1,0,"indicator--532d4b51-8c35-479a-bf9d-019d5edc2af3"
0,80,0,0,0,0,80,0,0,0,0,"unknown","unknown","unknown","unknown",0,0,0,0,0,0,0,0,0,0,0,0,0,"indicator--threatfox-23bb4ee7-9b0e-5293-a1b2-72b7d97f64e0"
0,80,0,0,0,0,80,0,0,0,0,"unknown","unknown","unknown","unknown",0,0,0,0,0,0,0,0,0,0,0,0,0,"indicator--threatfox-acef3e7a-234a-51c6-a86d-4892dbecc9ea"
86,86,1,79,0,86,86,0,65,105.03089986991944,70,"Data Center/Web Hosting/Transit","US","ABUSIVE_ACTOR","DATACENTER",0,0,0,0,0,1,0,0,0,1,79,1,0,"indicator--bc8d3da3-4aa1-4ab5-8d19-661c689fdbca"
93,100,1,96,13,93,100,0,80,125.86771734266244,85,"Data Center/Web Hosting/Transit","US","MALICIOUS_BOT","DATACENTER",0,0,0,0,0,1,1,0,0,1,6.857142857142857,1,0,"indicator--3e6067ba-2b3b-438e-853b-426158270c1f"
58,73,1,177,1,58,73,0,80,106.50420002308894,80,"Data Center/Web Hosting/Transit","HK","SCANNER","DATACENTER",1,0,0,0,0,1,1,0,1,1,88.5,1,0,"indicator--71f1b6ce-8ef5-47d8-a0c7-9efde3bd40ea"
60,60,1,55,0,60,60,0,0,77.481880270062,60,"Data Center/Web Hosting/Transit","US","ABUSIVE_ACTOR","DATACENTER",0,0,0,0,0,1,0,0,0,1,55,1,0,"indicator--a3e9d9fe-7572-4a25-b62f-2e7a93ee4a15"
0,80,0,0,0,0,80,0,0,0,0,"unknown","unknown","unknown","unknown",0,0,0,0,0,0,0,0,0,0,0,0,0,"indicator--threatfox-0fc6772a-3a4e-50ad-a8f4-81418194cccd"
31,31,1,55,0,31,31,0,0,48.48188027006201,60,"Fixed Line ISP","CN","UNKNOWN_THREAT","RESIDENTIAL",0,0,1,0,0,1,0,0,0,1,55,1,0,"indicator--f79c47af-8410-4e42-800f-74ec48c00fed"
63,63,1,42,0,63,63,0,65,79.33468455579586,50,"Data Center/Web Hosting/Transit","PL","ABUSIVE_ACTOR","CLOUD",0,0,0,0,0,1,0,0,0,1,42,1,0,"indicator--e73a1a6f-4c0b-4809-a902-db5a913f3695"
68,68,1,40,0,68,68,0,65,84.12783856719736,50,"Data Center/Web Hosting/Transit","PL","ABUSIVE_ACTOR","CLOUD",0,0,0,0,0,1,0,0,0,1,40,1,0,"indicator--d2fed5a7-d1ba-4974-9308-af504af91f4b"
69,69,1,40,0,69,69,0,0,85.12783856719736,50,"Fixed Line ISP","CN","UNKNOWN_THREAT","RESIDENTIAL",0,0,1,0,0,1,0,0,0,1,40,1,0,"indicator--12cc20a0-dfde-4396-adea-daea6334b1b8"
30,30,1,4,0,30,30,0,65,36.98970004336019,50,"Data Center/Web Hosting/Transit","JP","ABUSIVE_ACTOR","CLOUD",0,0,0,0,0,1,0,0,0,1,4,1,0,"indicator--9ada695c-b863-45cc-94f8-418fb9ea29b2"
100,100,1,739,3,100,100,0,95,131.69231719730976,85,"Data Center/Web Hosting/Transit","US","SCANNER","DATACENTER",0,0,0,0,0,1,1,0,0,1,184.75,1,0,"indicator--511e448a-f849-4bcb-ad89-12eec18a9ee4"
0,80,0,0,0,0,80,0,0,0,0,"unknown","unknown","unknown","unknown",0,0,0,0,0,0,0,0,0,0,0,0,0,"indicator--threatfox-b852e851-e8c0-5532-abaf-bf1e3839b577"
41,41,1,7,0,41,41,0,0,50.03089986991944,50,"Fixed Line ISP","KR","UNKNOWN_THREAT","RESIDENTIAL",0,0,1,0,0,1,0,0,0,1,7,1,1,"indicator--c50c46b3-d605-4505-889f-7121bd2a111b"
100,100,1,203,0,100,100,0,85,123.096301674259,70,"Data Center/Web Hosting/Transit","NL","SCANNER","DATACENTER",0,0,0,0,0,1,0,0,0,1,203,1,0,"indicator--e8797edd-88ab-4d7d-9c0b-18d7e0dd0ae3"
100,100,1,484,10,100,100,0,95,136.85741738602263,85,"Data Center/Web Hosting/Transit","DE","MALICIOUS_BOT","DATACENTER",0,0,0,0,0,1,1,0,0,1,44,1,0,"indicator--e8bd3f1f-a639-48f2-b600-ad243e233e76"
39,39,1,34,0,39,39,0,0,54.44068044350276,50,"Data Center/Web Hosting/Transit","FR","ABUSIVE_ACTOR","DATACENTER",0,0,0,0,0,1,0,0,0,1,34,1,0,"indicator--bc3a1108-1ab6-464c-9e3a-9c53493dd3b5"
73,78,1,132,0,73,78,0,70,119.23851640967086,65,"Data Center/Web Hosting/Transit","SG","SCANNER","DATACENTER",1,0,0,0,0,1,0,0,1,1,132,1,0,"indicator--1e2ebfa5-5191-4dd0-936f-6c1bb31bda6c"
100,100,1,48,1,100,100,0,75,117.90196080028514,75,"Data Center/Web Hosting/Transit","US","ABUSIVE_ACTOR","DATACENTER",0,0,0,0,0,1,1,0,0,1,24,1,0,"indicator--d5ebe359-5424-44a3-b1bb-aeb3ea664448"
40,40,1,24,0,40,40,0,65,53.979400086720375,50,"Data Center/Web Hosting/Transit","US","ABUSIVE_ACTOR","CLOUD",0,0,0,0,0,1,0,0,0,1,24,1,0,"indicator--2a1afc10-2d83-4e53-9bc9-cecf64b6767f"
37,37,1,15,0,37,37,0,0,49.04119982655925,50,"Data Center/Web Hosting/Transit","CA","ABUSIVE_ACTOR","DATACENTER",0,0,0,0,0,1,0,0,0,1,15,1,0,"indicator--b1a3fd2c-7e43-4170-9061-d2c94d90a145"
100,100,1,1677,0,100,100,0,90,132.2479195649268,70,"Data Center/Web Hosting/Transit","NL","SCANNER","DATACENTER",0,0,0,0,0,1,0,0,0,1,1677,1,0,"indicator--858f557f-99e1-47c3-9b0a-5aa8f36c1332"
43,43,1,16,0,43,43,0,65,55.30448921378274,50,"Data Center/Web Hosting/Transit","US","ABUSIVE_ACTOR","CLOUD",0,0,0,0,0,1,0,0,0,1,16,1,0,"indicator--7479b2b4-2055-4fc5-8752-efbfcba5f68d"
49,49,1,9,0,49,49,0,65,59,50,"Data Center/Web Hosting/Transit","AU","ABUSIVE_ACTOR","CLOUD",0,0,0,0,0,1,0,0,0,1,9,1,0,"indicator--3178cfc4-c0d2-4393-aae8-c212b7491b57"
100,100,1,33,3,100,100,0,80,118.31478917042256,75,"Commercial","CN","UNKNOWN_THREAT","UNKNOWN",0,0,0,0,0,1,1,0,0,1,8.25,1,0,"indicator--10545bd8-857e-43a1-b627-d387f3650412"
100,100,1,270,0,100,100,0,90,124.32969290874405,70,"Data Center/Web Hosting/Transit","FR","SCANNER","DATACENTER",0,0,0,0,0,1,0,0,0,1,270,1,1,"indicator--a7e59e24-110a-4bc8-9378-19601570658c"
43,43,1,61,0,43,43,0,65,60.92391689498254,60,"Data Center/Web Hosting/Transit","US","ABUSIVE_ACTOR","CLOUD",0,0,0,0,0,1,0,0,0,1,61,1,0,"indicator--6da3b22e-83dd-4067-8f8b-5d41d0c82e04"
47,47,1,31,0,47,47,0,65,62.05149978319906,50,"Data Center/Web Hosting/Transit","US","ABUSIVE_ACTOR","CLOUD",0,0,0,0,0,1,0,0,0,1,31,1,0,"indicator--cdca6003-d2e2-47c2-91c5-656e3e51df8a"
100,100,1,374,3,100,100,0,95,128.7403126772772,85,"Data Center/Web Hosting/Transit","US","SCANNER","CLOUD",0,0,0,0,0,1,1,0,0,1,93.5,1,0,"indicator--0ecdf24f-4731-47c6-a0bd-d5800fffbd57"
45,50,1,18,0,45,50,0,65,82.78753600952828,55,"Data Center/Web Hosting/Transit","US","ABUSIVE_ACTOR","DATACENTER",1,0,0,0,0,1,0,0,1,1,18,1,0,"indicator--b1722da2-9094-4212-9691-e1048c304da8"
78,78,1,76,0,78,78,0,65,96.86490725172482,60,"Data Center/Web Hosting/Transit","US","ABUSIVE_ACTOR","CLOUD",0,0,0,0,0,1,0,0,0,1,76,1,0,"indicator--d3b494a6-8809-4243-a02c-28c0082bc961"
0,80,0,0,0,0,80,0,0,0,0,"unknown","unknown","unknown","unknown",0,0,0,0,0,0,0,0,0,0,0,0,0,"indicator--threatfox-738154d1-a11d-53e9-ba8b-9a8ed99efef2"
59,59,1,39,0,59,59,0,65,75.02059991327963,50,"Data Center/Web Hosting/Transit","PL","ABUSIVE_ACTOR","CLOUD",0,0,0,0,0,1,0,0,0,1,39,1,0,"indicator--f71f5ad7-7313-451c-b011-590ae641ba6c"
36,51,1,23,1,36,51,0,65,75.80211241711606,70,"Data Center/Web Hosting/Transit","HK","ABUSIVE_ACTOR","DATACENTER",1,0,0,0,0,1,1,0,1,1,11.5,1,0,"indicator--5c45fc79-c8d5-4246-8ab0-9f205271e6e4"
61,61,1,44,0,61,61,0,0,77.53212513775344,50,"Data Center/Web Hosting/Transit","MY","ABUSIVE_ACTOR","DATACENTER",0,0,0,0,0,1,0,0,0,1,44,1,0,"indicator--b296b2e1-46ec-4972-8dbf-35176a7265e5"
44,44,1,27,0,44,44,0,65,58.471580313422194,50,"Data Center/Web Hosting/Transit","PL","ABUSIVE_ACTOR","CLOUD",0,0,0,0,0,1,0,0,0,1,27,1,0,"indicator--2ec174b2-f107-4a19-8faa-4dacb274b3a5"
34,44,1,7,2,34,44,0,0,45.03089986991944,65,"Data Center/Web Hosting/Transit","US","ABUSIVE_ACTOR","DATACENTER",0,0,0,0,0,1,1,0,0,1,2.3333333333333335,1,0,"indicator--154208dd-fd5b-4bbb-b7fa-df5af975fb24"
73,73,1,35,0,73,73,0,0,88.56302500767288,50,"Fixed Line ISP","CN","UNKNOWN_THREAT","RESIDENTIAL",0,0,1,0,0,1,0,0,0,1,35,1,0,"indicator--d7941efa-6312-4b8b-a959-35188246b1dc"
36,36,1,6,0,36,36,0,65,44.45098040014257,50,"Data Center/Web Hosting/Transit","NL","ABUSIVE_ACTOR","CLOUD",0,0,0,0,0,1,0,0,0,1,6,1,0,"indicator--433f2b8a-4fa2-4c39-9aaa-5b313a73a695"
100,100,1,249,1,100,100,0,95,124.97940008672037,85,"Data Center/Web Hosting/Transit","US","SCANNER","CLOUD",0,0,0,0,0,1,1,0,0,1,124.5,1,0,"indicator--7700218b-494d-43db-9a7a-2c20e31cb045"
39,39,1,52,0,39,39,0,65,56.24275869600789,60,"Data Center/Web Hosting/Transit","ES","ABUSIVE_ACTOR","CLOUD",0,0,0,0,0,1,0,0,0,1,52,1,0,"indicator--911665a5-a724-4177-8088-5d06568c5446"
0,80,0,0,0,0,80,0,0,0,0,"unknown","unknown","unknown","unknown",0,0,0,0,0,0,0,0,0,0,0,0,0,"indicator--threatfox-cb6feb5c-570c-5197-bcb4-2076cb7a9207"
0,80,0,0,0,0,80,0,0,0,0,"unknown","unknown","unknown","unknown",0,0,0,0,0,0,0,0,0,0,0,0,0,"indicator--threatfox-ed31e283-38a5-507e-b2f9-603ca09b9ea3"
33,43,1,22,1,33,43,0,0,47.61727836017593,65,"Data Center/Web Hosting/Transit","MX","ABUSIVE_ACTOR","DATACENTER",0,0,0,0,0,1,1,0,0,1,11,1,0,"indicator--3a447c23-e8cf-4b3e-a90c-5d5f321e9ac5"
0,80,0,0,0,0,80,0,0,0,0,"unknown","unknown","unknown","unknown",0,0,0,0,0,0,0,0,0,0,0,0,0,"indicator--threatfox-c9527eca-3d09-54d0-a780-e16721f355f2"
34,34,1,50,0,34,34,0,65,51.07570176097936,50,"Data Center/Web Hosting/Transit","US","ABUSIVE_ACTOR","CLOUD",0,0,0,0,0,1,0,0,0,1,50,1,0,"indicator--3f4b98d5-1f6d-420e-9ebc-893badffff6f"
29,44,1,8,2,29,44,0,65,65.54242509439325,70,"Data Center/Web Hosting/Transit","SG","ABUSIVE_ACTOR","DATACENTER",1,0,0,0,0,1,1,0,1,1,2.6666666666666665,1,0,"indicator--e203c2cf-50c4-4110-b4ce-b1e1e98c150f"
100,100,1,951,2,100,100,0,95,131.78636948384474,85,"Data Center/Web Hosting/Transit","US","SCANNER","CLOUD",0,0,0,0,0,1,1,0,0,1,317,1,0,"indicator--73c5c135-94cc-47ad-81e0-c806cfff7d91"
0,80,0,0,0,0,80,0,0,0,0,"unknown","unknown","unknown","unknown",0,0,0,0,0,0,0,0,0,0,0,0,0,"indicator--threatfox-06e2d2e3-e63e-5a4a-9209-d222f4817eb1"
100,100,1,69,0,100,100,0,70,118.45098040014257,70,"Data Center/Web Hosting/Transit","US","ABUSIVE_ACTOR","CLOUD",0,0,0,0,0,1,0,0,0,1,69,1,0,"indicator--be1027ca-9e55-40f8-a2c4-cfbeca1827d9"
35,35,1,15,0,35,35,0,0,47.04119982655925,50,"Commercial","US","UNKNOWN_THREAT","UNKNOWN",0,0,0,0,0,1,0,0,0,1,15,1,0,"indicator--f5d30de9-0328-440b-9a04-9d4f42b7bbe8"
100,100,1,85,4,100,100,0,80,123.34498451243567,85,"Data Center/Web Hosting/Transit","FR","ABUSIVE_ACTOR","DATACENTER",0,0,0,0,0,1,1,0,0,1,17,1,0,"indicator--d53cf931-adf3-4acd-a2d3-2af7aa8e2fdb"
60,60,1,39,0,60,60,0,65,76.02059991327963,50,"Data Center/Web Hosting/Transit","PL","ABUSIVE_ACTOR","CLOUD",0,0,0,0,0,1,0,0,0,1,39,1,0,"indicator--1bbd42da-d36e-40bd-b96b-c98eb456fdf6"
39,44,1,31,0,39,44,0,65,79.05149978319906,55,"Data Center/Web Hosting/Transit","SG","ABUSIVE_ACTOR","DATACENTER",1,0,0,0,0,1,0,0,1,1,31,1,0,"indicator--ebf3d2fd-58e8-4aff-9a18-bb729bd1c95e"
0,80,0,0,0,0,80,0,0,0,0,"unknown","unknown","unknown","unknown",0,0,0,0,0,0,0,0,0,0,0,0,0,"indicator--threatfox-13a35cd2-91c1-55ee-adf4-7e46653f3bb2"
100,100,1,173,11,100,100,0,90,133.405492482826,85,"Data Center/Web Hosting/Transit","DE","MALICIOUS_BOT","DATACENTER",0,0,0,0,0,1,1,0,0,1,14.416666666666666,1,0,"indicator--75778110-a354-4839-a59a-8b693c03bbc9"
34,39,1,13,0,34,39,0,65,70.46128035678238,55,"Data Center/Web Hosting/Transit","US","ABUSIVE_ACTOR","DATACENTER",1,0,0,0,0,1,0,0,1,1,13,1,0,"indicator--e5b4e455-43f2-45aa-b460-5bb679c6835b"
36,51,1,9,2,36,51,0,65,73,70,"Data Center/Web Hosting/Transit","SG","ABUSIVE_ACTOR","DATACENTER",1,0,0,0,0,1,1,0,1,1,3,1,0,"indicator--5137e973-08df-41b7-b382-82b2a370905a"
39,39,1,57,0,39,39,0,65,56.63427993562937,60,"Data Center/Web Hosting/Transit","US","ABUSIVE_ACTOR","CLOUD",0,0,0,0,0,1,0,0,0,1,57,1,0,"indicator--fe387e26-e2ac-44a4-8e94-bb2fcacc429d"
82,82,1,139,0,82,82,0,70,103.46128035678238,70,"Data Center/Web Hosting/Transit","DE","SCANNER","DATACENTER",0,0,0,0,0,1,0,0,0,1,139,1,0,"indicator--ea28f7fe-a626-4c64-afa1-1364e185b3d8"
100,100,1,328,0,100,100,0,90,125.17195897949975,70,"Fixed Line ISP","NL","UNKNOWN_THREAT","RESIDENTIAL",0,0,1,0,0,1,0,0,0,1,328,1,0,"indicator--74a131b1-06e4-4579-a083-878a7fc2b00d"
46,46,1,75,0,46,46,0,65,64.8081359228079,60,"Data Center/Web Hosting/Transit","US","ABUSIVE_ACTOR","CLOUD",0,0,0,0,0,1,0,0,0,1,75,1,0,"indicator--ca92047b-e1e4-4a6e-b275-d3cfaeb71b02"
41,41,1,65,0,41,41,0,65,59.195439355418685,60,"Data Center/Web Hosting/Transit","US","ABUSIVE_ACTOR","CLOUD",0,0,0,0,0,1,0,0,0,1,65,1,0,"indicator--ab3f1ca9-518b-45b7-a1c3-dcd2c35cf172"
83,98,1,124,4,83,98,0,90,132.96910013008056,90,"Data Center/Web Hosting/Transit","CA","SCANNER","DATACENTER",1,0,0,0,0,1,1,0,1,1,24.8,1,0,"indicator--1bdb5858-8064-4036-8bf3-602a69a9499a"
33,33,1,57,0,33,33,0,65,50.63427993562937,60,"Data Center/Web Hosting/Transit","US","ABUSIVE_ACTOR","CLOUD",0,0,0,0,0,1,0,0,0,1,57,1,0,"indicator--b76f9902-3f81-453a-ae3e-a3103c1ead2c"
100,100,1,959,9,100,100,0,95,138.8227123303957,85,"Data Center/Web Hosting/Transit","DE","MALICIOUS_BOT","CLOUD",0,0,0,0,0,1,1,0,0,1,95.9,1,0,"indicator--25023b62-2a8f-4199-9c12-1003a90a44ba"
100,100,1,39,0,100,100,0,70,116.02059991327963,60,"Data Center/Web Hosting/Transit","US","ABUSIVE_ACTOR","CLOUD",0,0,0,0,0,1,0,0,0,1,39,1,0,"indicator--0a73effb-3cee-4589-aa86-117e2ff47570"
44,44,1,33,0,44,44,0,65,59.31478917042255,50,"Data Center/Web Hosting/Transit","US","ABUSIVE_ACTOR","CLOUD",0,0,0,0,0,1,0,0,0,1,33,1,0,"indicator--bf7d1a6e-e763-4079-9473-b7e769d00200"
100,100,1,745,3,100,100,0,95,131.72738827472668,85,"Data Center/Web Hosting/Transit","DE","SCANNER","DATACENTER",0,0,0,0,0,1,1,0,0,1,186.25,1,0,"indicator--17dd0f82-100b-4d42-bee9-9185f6629ff4"
0,80,0,0,0,0,80,0,0,0,0,"unknown","unknown","unknown","unknown",0,0,0,0,0,0,0,0,0,0,0,0,0,"indicator--threatfox-13551039-9554-5c00-9a3c-7be5d78b052c"
85,85,1,85,0,85,85,0,65,104.34498451243567,70,"Data Center/Web Hosting/Transit","US","ABUSIVE_ACTOR","DATACENTER",0,0,0,0,0,1,0,0,0,1,85,1,0,"indicator--ac3d1415-97f5-4350-b3d6-3f1b8f10009e"
38,48,1,21,1,38,48,0,0,52.42422680822206,65,"Fixed Line ISP","CN","UNKNOWN_THREAT","RESIDENTIAL",0,0,1,0,0,1,1,0,0,1,10.5,1,0,"indicator--adf4cc23-1e8b-4387-a5e7-ffe66b6c868e"
0,80,0,0,0,0,80,0,0,0,0,"unknown","unknown","unknown","unknown",0,0,0,0,0,0,0,0,0,0,0,0,0,"indicator--threatfox-4602723d-45fb-52fe-9963-4aab3d061a2e"
41,41,1,49,0,41,41,0,65,57.98970004336019,50,"Data Center/Web Hosting/Transit","ES","ABUSIVE_ACTOR","CLOUD",0,0,0,0,0,1,0,0,0,1,49,1,0,"indicator--0969f849-0abd-4a5c-a5a5-f65f51be0b3e"
39,39,1,73,0,39,39,0,65,57.69231719730976,60,"Data Center/Web Hosting/Transit","US","ABUSIVE_ACTOR","CLOUD",0,0,0,0,0,1,0,0,0,1,73,1,0,"indicator--367edd5b-41a7-46bb-95a9-aa69e6701a7d"
100,100,1,216,0,100,100,0,85,123.3645973384853,70,"Data Center/Web Hosting/Transit","NL","SCANNER","DATACENTER",0,0,0,0,0,1,0,0,0,1,216,1,0,"indicator--162f9e62-529f-4cc4-b795-3be7e15c87df"
36,41,1,60,0,36,41,0,65,78.85329835010768,65,"Fixed Line ISP","CN","PROXY_SERVICE","PROXY",1,0,0,0,0,1,0,0,1,1,60,1,0,"indicator--6631b5a3-82e0-4d8b-b74b-847485327b41"
38,38,1,49,0,38,38,0,65,54.98970004336019,50,"Data Center/Web Hosting/Transit","US","ABUSIVE_ACTOR","CLOUD",0,0,0,0,0,1,0,0,0,1,49,1,0,"indicator--acc8d081-99a1-4330-a627-b9b9ae890ff6"
33,33,1,15,0,33,33,0,65,45.04119982655925,50,"Data Center/Web Hosting/Transit","IN","ABUSIVE_ACTOR","CLOUD",0,0,0,0,0,1,0,0,0,1,15,1,0,"indicator--163c4b1c-4323-425d-b438-6813aab41496"
35,35,1,17,0,35,35,0,65,47.552725051033065,50,"Data Center/Web Hosting/Transit","US","ABUSIVE_ACTOR","CLOUD",0,0,0,0,0,1,0,0,0,1,17,1,0,"indicator--52f9d0f6-6d47-46af-bea7-fa1ca30e8a6e"
30,30,1,69,0,30,30,0,65,48.45098040014257,60,"Data Center/Web Hosting/Transit","US","ABUSIVE_ACTOR","CLOUD",0,0,0,0,0,1,0,0,0,1,69,1,0,"indicator--222befbf-5513-41bc-ac15-5811f794b0ff"
47,47,1,22,0,47,47,0,0,60.61727836017593,50,"Data Center/Web Hosting/Transit","CA","ABUSIVE_ACTOR","DATACENTER",0,0,0,0,0,1,0,0,0,1,22,1,0,"indicator--e3be0b66-a7a8-4472-957a-29263c228579"
54,54,1,41,0,54,54,0,0,70.23249290397901,50,"Data Center/Web Hosting/Transit","GB","ABUSIVE_ACTOR","DATACENTER",0,0,0,0,0,1,0,0,0,1,41,1,0,"indicator--6aeacbf8-31bc-4e1b-91f9-52acfe59c1d5"
53,58,1,28,0,53,58,0,65,92.62397997898955,55,"Data Center/Web Hosting/Transit","HK","ABUSIVE_ACTOR","DATACENTER",1,0,0,0,0,1,0,0,1,1,28,1,0,"indicator--afcb2dfc-207c-4921-bc5f-68efc0b78ae3"
40,40,1,37,0,40,40,0,0,55.7978359661681,50,"Mobile ISP","CN","UNKNOWN_THREAT","RESIDENTIAL",0,0,1,0,0,1,0,0,0,1,37,1,0,"indicator--64c19e17-829f-4c97-9a9b-5d63f5cc56cc"
32,32,1,10,0,32,32,0,0,42.41392685158225,50,"Fixed Line ISP","CN","UNKNOWN_THREAT","RESIDENTIAL",0,0,1,0,0,1,0,0,0,1,10,1,0,"indicator--4159ab9d-b4bb-4d43-97f1-e2883fafad61"
65,80,1,16,3,65,80,0,75,105.30448921378274,70,"Mobile ISP","RO","PROXY_SERVICE","PROXY",1,0,0,0,0,1,1,0,1,1,4,1,0,"indicator--5e4334e1-790a-405a-a91e-dfe929b848da"
42,57,1,99,2,42,57,0,65,89,80,"Data Center/Web Hosting/Transit","SG","ABUSIVE_ACTOR","DATACENTER",1,0,0,0,0,1,1,0,1,1,33,1,0,"indicator--94256c49-5b30-49eb-9a72-0d5ca1163516"
0,80,0,0,0,0,80,0,0,0,0,"unknown","unknown","unknown","unknown",0,0,0,0,0,0,0,0,0,0,0,0,0,"indicator--threatfox-dccb9ea5-ab23-52fd-8431-6d596fb109a8"
39,39,1,73,0,39,39,0,65,57.69231719730976,60,"Data Center/Web Hosting/Transit","US","ABUSIVE_ACTOR","CLOUD",0,0,0,0,0,1,0,0,0,1,73,1,0,"indicator--6788c980-1dd3-40a9-9ab7-0ed5ec665255"
0,80,0,0,0,0,80,0,0,0,0,"unknown","unknown","unknown","unknown",0,0,0,0,0,0,0,0,0,0,0,0,0,"indicator--threatfox-9cef1da1-db38-5db0-a28d-4b3b9f0bd9b0"
24,39,1,9,2,24,39,0,65,61,70,"Data Center/Web Hosting/Transit","SG","ABUSIVE_ACTOR","DATACENTER",1,0,0,0,0,1,1,0,1,1,3,1,0,"indicator--e7fc5222-cde7-4eb2-bce7-362b66b06df5"
40,40,1,58,0,40,40,0,0,57.70852011642144,60,"Data Center/Web Hosting/Transit","FR","ABUSIVE_ACTOR","DATACENTER",0,0,0,0,0,1,0,0,0,1,58,1,0,"indicator--79231f38-7b14-4337-9873-fb7ac3574836"
100,100,1,53,0,100,100,0,70,117.32393759822969,70,"Data Center/Web Hosting/Transit","US","ABUSIVE_ACTOR","CLOUD",0,0,0,0,0,1,0,0,0,1,53,1,0,"indicator--d8df1de3-38a1-4992-86ef-1cd43d8d20c3"
68,68,1,52,0,68,68,0,65,85.24275869600788,60,"Data Center/Web Hosting/Transit","PL","ABUSIVE_ACTOR","CLOUD",0,0,0,0,0,1,0,0,0,1,52,1,0,"indicator--638a50f2-077d-4cc3-b428-db8a2e594703"
46,51,1,104,0,46,51,0,70,91.21189299069938,65,"Data Center/Web Hosting/Transit","SG","SCANNER","DATACENTER",1,0,0,0,0,1,0,0,1,1,104,1,0,"indicator--2793290b-1f10-4033-9593-0e4f5ca5a26d"
100,100,1,1105,0,100,100,0,90,130.4375512696868,70,"Data Center/Web Hosting/Transit","FR","SCANNER","DATACENTER",0,0,0,0,0,1,0,0,0,1,1105,1,0,"indicator--d4c3ae10-62d9-418c-a63c-0e5870c4a2e8"
45,45,1,40,0,45,45,0,65,61.12783856719736,50,"Data Center/Web Hosting/Transit","PL","ABUSIVE_ACTOR","CLOUD",0,0,0,0,0,1,0,0,0,1,40,1,0,"indicator--68195505-6465-492d-a1e3-4e624493df88"
44,44,1,21,0,44,44,0,65,57.42422680822206,50,"Data Center/Web Hosting/Transit","US","ABUSIVE_ACTOR","CLOUD",0,0,0,0,0,1,0,0,0,1,21,1,0,"indicator--5263ae3c-b793-40ac-b40e-fe5d71e789dc"
0,80,0,0,0,0,80,0,0,0,0,"unknown","unknown","unknown","unknown",0,0,0,0,0,0,0,0,0,0,0,0,0,"indicator--threatfox-66cac2d1-5e07-5e50-b3dd-d230a9f693aa"
41,46,1,11,0,41,46,0,65,76.79181246047625,55,"Data Center/Web Hosting/Transit","US","ABUSIVE_ACTOR","DATACENTER",1,0,0,0,0,1,0,0,1,1,11,1,0,"indicator--e29bcf07-17ae-49b0-bdc4-2c55966444c8"
0,80,0,0,0,0,80,0,0,0,0,"unknown","unknown","unknown","unknown",0,0,0,0,0,0,0,0,0,0,0,0,0,"indicator--threatfox-19253ee6-b36a-5f92-b88e-83e9e7469f18"
0,80,0,0,0,0,80,0,0,0,0,"unknown","unknown","unknown","unknown",0,0,0,0,0,0,0,0,0,0,0,0,0,"indicator--threatfox-526af54e-c0d3-5605-8f31-5f95a0018731"
65,65,1,65,0,65,65,0,65,83.19543935541869,60,"Data Center/Web Hosting/Transit","US","ABUSIVE_ACTOR","CLOUD",0,0,0,0,0,1,0,0,0,1,65,1,0,"indicator--b97dbd04-e9a8-4a8d-b4e4-58164b0919f9"
23,38,1,7,1,23,38,0,65,58.03089986991944,70,"Data Center/Web Hosting/Transit","SG","ABUSIVE_ACTOR","DATACENTER",1,0,0,0,0,1,1,0,1,1,3.5,1,0,"indicator--a009cd27-08da-4368-81d3-ea2375140cc4"
39,39,1,17,0,39,39,0,65,51.552725051033065,50,"Data Center/Web Hosting/Transit","US","ABUSIVE_ACTOR","CLOUD",0,0,0,0,0,1,0,0,0,1,17,1,0,"indicator--937516c7-3ced-41ae-9fdc-172b741ec074"
0,80,0,0,0,0,80,0,0,0,0,"unknown","unknown","unknown","unknown",0,0,0,0,0,0,0,0,0,0,0,0,0,"indicator--threatfox-0a843cb7-7da2-5536-9204-c8e428631302"
41,56,1,13,2,41,56,0,65,79.46128035678238,70,"Data Center/Web Hosting/Transit","SG","ABUSIVE_ACTOR","DATACENTER",1,0,0,0,0,1,1,0,1,1,4.333333333333333,1,0,"indicator--ce509e36-5686-4b16-9b15-9004d6745f94"
0,80,0,0,0,0,80,0,0,0,0,"unknown","unknown","unknown","unknown",0,0,0,0,0,0,0,0,0,0,0,0,0,"indicator--threatfox-f11351b4-77aa-5ef7-88f3-7fa8ed95cd1a"
37,37,1,31,0,37,37,0,65,52.05149978319906,50,"Data Center/Web Hosting/Transit","NL","ABUSIVE_ACTOR","CLOUD",0,0,0,0,0,1,0,0,0,1,31,1,0,"indicator--25973f92-e2b0-4beb-b301-33b6d35d8dc8"
100,100,1,810,3,100,100,0,95,132.09020854211155,85,"Data Center/Web Hosting/Transit","JP","SCANNER","CLOUD",0,0,0,0,0,1,1,0,0,1,202.5,1,0,"indicator--be134dd0-2a78-4029-a46b-6dd297c1c0d4"
100,100,1,170,0,100,100,0,80,122.32996110392153,70,"Data Center/Web Hosting/Transit","US","SCANNER","DATACENTER",0,0,0,0,0,1,0,0,0,1,170,1,0,"indicator--f88e7b43-cb5b-44d1-b909-ecfb91ac7273"
49,49,1,79,0,49,49,0,65,68.03089986991944,60,"Data Center/Web Hosting/Transit","GB","ABUSIVE_ACTOR","CLOUD",0,0,0,0,0,1,0,0,0,1,79,1,0,"indicator--135a19e0-b56b-46ce-b6db-8b2c35e35328"
100,100,1,73,6,100,100,0,80,124.69231719730976,85,"Data Center/Web Hosting/Transit","NL","MALICIOUS_BOT","DATACENTER",0,0,0,0,0,1,1,0,0,1,10.428571428571429,1,1,"indicator--3cb95979-a093-43dd-a7f9-fb216efe545a"
37,37,1,8,0,37,37,0,65,46.54242509439325,50,"Data Center/Web Hosting/Transit","US","ABUSIVE_ACTOR","CLOUD",0,0,0,0,0,1,0,0,0,1,8,1,0,"indicator--27a13ebb-240e-4fde-961c-d9882085ed88"
100,100,1,766,0,100,100,0,90,128.84795363948982,70,"Data Center/Web Hosting/Transit","NL","SCANNER","DATACENTER",0,0,0,0,0,1,0,0,0,1,766,1,0,"indicator--49e69551-b78c-42db-a843-86b41a9c39b1"
51,51,1,31,0,51,51,0,65,66.05149978319906,50,"Data Center/Web Hosting/Transit","US","ABUSIVE_ACTOR","CLOUD",0,0,0,0,0,1,0,0,0,1,31,1,0,"indicator--65aece4c-dd50-40a2-9b99-5265da8c0201"
0,80,0,0,0,0,80,0,0,0,0,"unknown","unknown","unknown","unknown",0,0,0,0,0,0,0,0,0,0,0,0,0,"indicator--threatfox-e8936122-251d-5fe2-a8e5-60e97f37e491"
71,71,1,41,0,71,71,0,65,87.23249290397901,50,"Data Center/Web Hosting/Transit","PL","ABUSIVE_ACTOR","CLOUD",0,0,0,0,0,1,0,0,0,1,41,1,0,"indicator--dc84da08-c72f-4332-8ed6-5316c83e86b6"
57,57,1,44,0,57,57,0,65,73.53212513775344,50,"Data Center/Web Hosting/Transit","PL","ABUSIVE_ACTOR","CLOUD",0,0,0,0,0,1,0,0,0,1,44,1,0,"indicator--ab2d2709-fa0d-4b05-baa6-48fff3d8ae3f"
30,40,1,11,1,30,40,0,0,41.79181246047625,65,"Fixed Line ISP","RU","UNKNOWN_THREAT","RESIDENTIAL",0,0,1,0,0,1,1,0,0,1,5.5,1,0,"indicator--99100b95-8d37-460a-baed-ff2807878117"
79,84,1,30,0,79,84,0,65,118.91361693834273,55,"Data Center/Web Hosting/Transit","US","ABUSIVE_ACTOR","DATACENTER",1,0,0,0,0,1,0,0,1,1,30,1,0,"indicator--9baf9085-af18-4f00-bd37-849975c89a4e"
35,35,1,45,0,35,35,0,65,51.62757831681574,50,"Data Center/Web Hosting/Transit","PL","ABUSIVE_ACTOR","CLOUD",0,0,0,0,0,1,0,0,0,1,45,1,0,"indicator--c2631de6-f1da-4287-b3bb-d8962bbcf929"
100,100,1,424,0,100,100,0,90,126.28388930050312,70,"Data Center/Web Hosting/Transit","US","SCANNER","DATACENTER",0,0,0,0,0,1,0,0,0,1,424,1,0,"indicator--28968115-c541-41f9-84a1-66e1a16a63d0"
69,74,1,135,0,69,74,0,75,115.33538908370218,65,"Data Center/Web Hosting/Transit","SG","SCANNER","DATACENTER",1,0,0,0,0,1,0,0,1,1,135,1,0,"indicator--fb073a3c-2957-44db-834f-e8ab749ed6d3"
57,57,1,62,0,57,57,0,65,74.99340549453582,60,"Data Center/Web Hosting/Transit","US","ABUSIVE_ACTOR","CLOUD",0,0,0,0,0,1,0,0,0,1,62,1,0,"indicator--082c6194-6f8d-4d7e-a937-b9953918041c"
0,80,0,0,0,0,80,0,0,0,0,"unknown","unknown","unknown","unknown",0,0,0,0,0,0,0,0,0,0,0,0,0,"indicator--threatfox-cc0361cd-9e14-50b2-81cb-3dfbe542e75d"
37,52,1,10,2,37,52,0,65,74.41392685158225,70,"Data Center/Web Hosting/Transit","SG","ABUSIVE_ACTOR","DATACENTER",1,0,0,0,0,1,1,0,1,1,3.3333333333333335,1,0,"indicator--84f914ad-37ef-4eb3-a07a-310f7ef4577c"
70,70,1,38,0,70,70,0,65,85.91064607026499,50,"Data Center/Web Hosting/Transit","PL","ABUSIVE_ACTOR","CLOUD",0,0,0,0,0,1,0,0,0,1,38,1,0,"indicator--28e10b2c-553e-45e9-bae9-1ecae8c625da"
43,43,1,22,0,43,43,0,0,56.61727836017593,50,"Data Center/Web Hosting/Transit","HK","ABUSIVE_ACTOR","DATACENTER",0,0,0,0,0,1,0,0,0,1,22,1,0,"indicator--c77c5b36-6983-4de3-8e2d-2650b5f76b77"
39,39,1,20,0,39,39,0,0,52.222192947339195,50,"Data Center/Web Hosting/Transit","SG","ABUSIVE_ACTOR","DATACENTER",0,0,0,0,0,1,0,0,0,1,20,1,0,"indicator--660fc817-0865-4387-844a-83c84fd57354"
40,40,1,57,0,40,40,0,65,57.63427993562937,60,"Data Center/Web Hosting/Transit","US","ABUSIVE_ACTOR","CLOUD",0,0,0,0,0,1,0,0,0,1,57,1,0,"indicator--cae3180e-8ec0-4ab8-85a4-2d1ff5de4fc7"
42,42,1,6,0,42,42,0,65,50.45098040014257,50,"Data Center/Web Hosting/Transit","US","ABUSIVE_ACTOR","CLOUD",0,0,0,0,0,1,0,0,0,1,6,1,0,"indicator--ab0accb9-d3cc-4e62-9a3f-41b47df69158"
35,45,1,22,2,35,45,0,0,50.61727836017593,65,"Data Center/Web Hosting/Transit","MX","ABUSIVE_ACTOR","DATACENTER",0,0,0,0,0,1,1,0,0,1,7.333333333333333,1,0,"indicator--ab50e4c2-f1c3-45d4-8b44-a9053e115f28"
58,58,1,74,0,58,58,0,65,76.750612633917,60,"Data Center/Web Hosting/Transit","US","ABUSIVE_ACTOR","CLOUD",0,0,0,0,0,1,0,0,0,1,74,1,0,"indicator--0c4e4982-a9f1-4419-8472-41563eb6b259"
68,78,1,126,4,68,78,0,80,93.03803720955958,75,"Data Center/Web Hosting/Transit","US","SCANNER","DATACENTER",0,0,0,0,0,1,1,0,0,1,25.2,1,0,"indicator--4a8dc7cb-31f4-4cde-adba-ec242f985779"
35,35,1,9,0,35,35,0,65,45,50,"Data Center/Web Hosting/Transit","US","ABUSIVE_ACTOR","CLOUD",0,0,0,0,0,1,0,0,0,1,9,1,0,"indicator--b1589e35-8b18-43c9-8aa1-da30354733fe"
41,41,1,89,0,41,41,0,0,60.54242509439325,60,"Data Center/Web Hosting/Transit","US","ABUSIVE_ACTOR","DATACENTER",0,0,0,0,0,1,0,0,0,1,89,1,0,"indicator--46621b37-cf35-4603-b87b-a601c2917098"
0,80,0,0,0,0,80,0,0,0,0,"unknown","unknown","unknown","unknown",0,0,0,0,0,0,0,0,0,0,0,0,0,"indicator--threatfox-7bbaf670-9e51-5355-876e-f42136cdd09a"
41,46,1,15,0,41,46,0,65,78.04119982655925,55,"Data Center/Web Hosting/Transit","US","ABUSIVE_ACTOR","DATACENTER",1,0,0,0,0,1,0,0,1,1,15,1,0,"indicator--5c682c13-2bd7-43f5-aa53-f2d5732f67f9"
42,42,1,70,0,42,42,0,65,60.51258348719075,60,"Data Center/Web Hosting/Transit","US","ABUSIVE_ACTOR","CLOUD",0,0,0,0,0,1,0,0,0,1,70,1,0,"indicator--d80ad60a-11c0-4582-a7c2-96af1051c5e8"
100,100,1,701,5,100,100,0,95,133.46337112129805,85,"Data Center/Web Hosting/Transit","US","SCANNER","DATACENTER",0,0,0,0,0,1,1,0,0,1,116.83333333333333,1,0,"indicator--52b7dace-6717-4d4d-b061-4236d30e1196"
0,80,0,0,0,0,80,0,0,0,0,"unknown","unknown","unknown","unknown",0,0,0,0,0,0,0,0,0,0,0,0,0,"indicator--threatfox-dae25353-cf00-5781-8132-7e51e79ea746"
32,32,1,21,0,32,32,0,65,45.42422680822206,50,"Data Center/Web Hosting/Transit","IN","ABUSIVE_ACTOR","CLOUD",0,0,0,0,0,1,0,0,0,1,21,1,0,"indicator--564b0e7f-a894-452c-8537-8db10ef8490c"
40,40,1,66,0,40,40,0,65,58.26074802700826,60,"Data Center/Web Hosting/Transit","BR","ABUSIVE_ACTOR","CLOUD",0,0,0,0,0,1,0,0,0,1,66,1,0,"indicator--4b4fa67e-3cad-4971-b34b-14ed0524f2f9"
27,42,1,8,1,27,42,0,65,62.54242509439325,70,"Data Center/Web Hosting/Transit","SG","ABUSIVE_ACTOR","DATACENTER",1,0,0,0,0,1,1,0,1,1,4,1,0,"indicator--522c8bd3-632e-4a37-9b5d-783bcce0c5d8"
100,100,1,153,0,100,100,0,85,121.87520720836463,70,"Data Center/Web Hosting/Transit","US","SCANNER","CLOUD",0,0,0,0,0,1,0,0,0,1,153,1,0,"indicator--ccb0211e-48b2-4da5-b257-26ebaef38867"
32,37,1,61,0,32,37,0,65,74.92391689498254,65,"Fixed Line ISP","CN","PROXY_SERVICE","PROXY",1,0,0,0,0,1,0,0,1,1,61,1,0,"indicator--d607988a-95b6-466e-9968-7f086adb6c51"
100,100,1,481,0,100,100,0,90,126.8304703823885,70,"Data Center/Web Hosting/Transit","JP","SCANNER","DATACENTER",0,0,0,0,0,1,0,0,0,1,481,1,0,"indicator--ceeb7b58-1f5f-4736-ada2-7669393bc6d4"
53,53,1,68,0,53,53,0,65,71.38849090737256,60,"Data Center/Web Hosting/Transit","US","ABUSIVE_ACTOR","CLOUD",0,0,0,0,0,1,0,0,0,1,68,1,0,"indicator--20f74c1c-9094-44ed-a734-69e183d8aa8b"
100,100,1,1107,10,100,100,0,95,140.4453976039241,85,"Data Center/Web Hosting/Transit","NL","MALICIOUS_BOT","DATACENTER",0,0,0,0,0,1,1,0,0,1,100.63636363636364,1,0,"indicator--9eed52fd-fc44-4e44-bfbc-1feec4fdde0a"
100,100,1,1126,0,100,100,0,90,130.51923916046107,70,"Data Center/Web Hosting/Transit","US","SCANNER","DATACENTER",0,0,0,0,0,1,0,0,0,1,1126,1,0,"indicator--dd6c0e47-051d-453b-b842-c46d5e8aa039"
0,80,0,0,0,0,80,0,0,0,0,"unknown","unknown","unknown","unknown",0,0,0,0,0,0,0,0,0,0,0,0,0,"indicator--threatfox-cc9dc6f0-f99c-5174-9a82-887e91973242"
100,100,1,298,3,100,100,0,95,127.7567118832443,85,"Fixed Line ISP","CN","UNKNOWN_THREAT","RESIDENTIAL",0,0,1,0,0,1,1,0,0,1,74.5,1,0,"indicator--d77ab44b-f1ef-46c9-9d9a-86a9c8449158"
100,100,1,186,0,100,100,0,80,122.71841606536499,70,"Fixed Line ISP","DE","UNKNOWN_THREAT","RESIDENTIAL",0,0,1,0,0,1,0,0,0,1,186,1,1,"indicator--bd6d6651-f8c5-4f17-b5e1-406a54f90d85"
36,36,1,13,0,36,36,0,65,47.46128035678238,50,"Data Center/Web Hosting/Transit","US","ABUSIVE_ACTOR","CLOUD",0,0,0,0,0,1,0,0,0,1,13,1,0,"indicator--038840ce-5d4a-4bf1-b55b-607c7a282ae0"
42,42,1,17,0,42,42,0,65,54.552725051033065,50,"Data Center/Web Hosting/Transit","US","ABUSIVE_ACTOR","CLOUD",0,0,0,0,0,1,0,0,0,1,17,1,0,"indicator--ea8aff91-78fb-4396-be8a-ea965bb2ad0b"
100,100,1,126,1,100,100,0,85,122.03803720955958,85,"Data Center/Web Hosting/Transit","US","SCANNER","CLOUD",0,0,0,0,0,1,1,0,0,1,63,1,0,"indicator--0829077d-0392-4431-bf98-2e1dd8c1bb56"
57,57,1,61,0,57,57,0,65,74.92391689498254,60,"Data Center/Web Hosting/Transit","US","ABUSIVE_ACTOR","CLOUD",0,0,0,0,0,1,0,0,0,1,61,1,0,"indicator--08dd472c-cf10-4120-aed4-9929001b370d"
93,93,1,23,0,93,93,0,70,106.80211241711606,60,"Data Center/Web Hosting/Transit","US","ABUSIVE_ACTOR","CLOUD",0,0,0,0,0,1,0,0,0,1,23,1,0,"indicator--89d15fa1-ad56-4a7d-b524-69137013725a"
29,44,1,7,2,29,44,0,65,65.03089986991944,70,"Data Center/Web Hosting/Transit","SG","ABUSIVE_ACTOR","DATACENTER",1,0,0,0,0,1,1,0,1,1,2.3333333333333335,1,0,"indicator--64b7a343-952e-4417-b7b9-45dd1b133982"
100,100,1,1715,15,100,100,0,95,172.34517283512687,90,"Data Center/Web Hosting/Transit","NL","MALICIOUS_BOT","DATACENTER",1,0,0,0,0,1,1,0,1,1,107.1875,1,0,"indicator--e6800305-926e-4a44-8823-9ba32865000f"
0,80,0,0,0,0,80,0,0,0,0,"unknown","unknown","unknown","unknown",0,0,0,0,0,0,0,0,0,0,0,0,0,"indicator--threatfox-50aca65b-c783-57e3-af9e-579dc481582b"
37,52,1,10,2,37,52,0,65,74.41392685158225,70,"Data Center/Web Hosting/Transit","SG","ABUSIVE_ACTOR","DATACENTER",1,0,0,0,0,1,1,0,1,1,3.3333333333333335,1,0,"indicator--e41f2707-3504-4f37-963f-d15d1f0bce05"
31,41,1,14,1,31,41,0,65,43.76091259055681,65,"Data Center/Web Hosting/Transit","US","ABUSIVE_ACTOR","CLOUD",0,0,0,0,0,1,1,0,0,1,7,1,0,"indicator--2dffad4d-f2c5-4413-a38f-2dbae72f6ad5"
59,74,1,127,2,59,74,0,75,107.07209969647869,80,"Data Center/Web Hosting/Transit","SG","SCANNER","DATACENTER",1,0,0,0,0,1,1,0,1,1,42.333333333333336,1,0,"indicator--00074209-f8f4-4c84-b5d4-80af85aea047"
0,80,0,0,0,0,80,0,0,0,0,"unknown","unknown","unknown","unknown",0,0,0,0,0,0,0,0,0,0,0,0,0,"indicator--threatfox-89752454-1bf8-5f03-9d50-8b9ad5ef44aa"
100,100,1,161,0,100,100,0,80,122.09515014542632,70,"Data Center/Web Hosting/Transit","ID","SCANNER","DATACENTER",0,0,0,0,0,1,0,0,0,1,161,1,0,"indicator--990ef739-be56-4d11-b205-5ad95f40cd59"
100,100,1,1042,0,100,100,0,90,130.1828430842653,70,"Data Center/Web Hosting/Transit","US","SCANNER","DATACENTER",0,0,0,0,0,1,0,0,0,1,1042,1,0,"indicator--1157e87b-723e-4249-b0cc-0233c8bdcb4d"
0,80,0,0,0,0,80,0,0,0,0,"unknown","unknown","unknown","unknown",0,0,0,0,0,0,0,0,0,0,0,0,0,"indicator--threatfox-23650586-3177-53a5-9311-4f7a15f7676a"
39,39,1,66,0,39,39,0,65,57.26074802700826,60,"Data Center/Web Hosting/Transit","US","ABUSIVE_ACTOR","CLOUD",0,0,0,0,0,1,0,0,0,1,66,1,0,"indicator--30f68799-b1d9-46de-a866-44628dddfa12"
31,31,1,35,0,31,31,0,0,46.56302500767288,50,"Data Center/Web Hosting/Transit","DE","ABUSIVE_ACTOR","DATACENTER",0,0,0,0,0,1,0,0,0,1,35,1,0,"indicator--3b82be95-26ea-49a4-aad8-4d16a0c0a2f2"
32,47,1,7,2,32,47,0,65,68.03089986991944,70,"Data Center/Web Hosting/Transit","SG","ABUSIVE_ACTOR","DATACENTER",1,0,0,0,0,1,1,0,1,1,2.3333333333333335,1,0,"indicator--ebcaace2-32c9-4603-979d-a2036dc99179"
100,100,1,797,6,100,100,0,95,135.0200289135073,85,"Data Center/Web Hosting/Transit","KR","MALICIOUS_BOT","DATACENTER",0,0,0,0,0,1,1,0,0,1,113.85714285714286,1,0,"indicator--196b4ced-5c2f-4803-ab35-57ed027d4d77"
85,85,1,16,0,85,85,0,70,97.30448921378274,60,"Data Center/Web Hosting/Transit","US","ABUSIVE_ACTOR","CLOUD",0,0,0,0,0,1,0,0,0,1,16,1,0,"indicator--eef53207-ba65-45cf-b451-e4af30d4689d"
42,47,1,22,0,42,47,0,65,80.61727836017593,55,"Data Center/Web Hosting/Transit","HK","ABUSIVE_ACTOR","DATACENTER",1,0,0,0,0,1,0,0,1,1,22,1,0,"indicator--c21771b8-f0b3-45a7-a1d3-8698f602e3d4"
100,100,1,46,0,100,100,0,70,116.72097857935718,60,"Data Center/Web Hosting/Transit","US","ABUSIVE_ACTOR","CLOUD",0,0,0,0,0,1,0,0,0,1,46,1,0,"indicator--38d63b61-9e37-4345-9269-43a66723d8d8"
35,35,1,12,0,35,35,0,0,46.13943352306837,50,"Data Center/Web Hosting/Transit","DE","ABUSIVE_ACTOR","DATACENTER",0,0,0,0,0,1,0,0,0,1,12,1,0,"indicator--f5852385-449e-4df3-afe5-64364bbbcbd2"
37,37,1,11,0,37,37,0,0,47.79181246047625,50,"Fixed Line ISP","CN","UNKNOWN_THREAT","RESIDENTIAL",0,0,1,0,0,1,0,0,0,1,11,1,0,"indicator--32b492a8-5f16-45a4-b52d-5df0779d7279"
31,31,1,13,0,31,31,0,65,42.46128035678238,50,"Data Center/Web Hosting/Transit","US","ABUSIVE_ACTOR","CLOUD",0,0,0,0,0,1,0,0,0,1,13,1,0,"indicator--756625fb-74ee-4626-b9a8-9aa669c27323"
0,80,0,0,0,0,80,0,0,0,0,"unknown","unknown","unknown","unknown",0,0,0,0,0,0,0,0,0,0,0,0,0,"indicator--threatfox-0656445d-58fb-5aef-82ad-d9c4a62e4d9a"
31,31,1,52,0,31,31,0,65,48.24275869600789,60,"Data Center/Web Hosting/Transit","US","ABUSIVE_ACTOR","CLOUD",0,0,0,0,0,1,0,0,0,1,52,1,0,"indicator--8c53aafd-9dde-4ecb-b17e-ad48ab5df0b6"
69,69,1,40,0,69,69,0,65,85.12783856719736,50,"Data Center/Web Hosting/Transit","PL","ABUSIVE_ACTOR","CLOUD",0,0,0,0,0,1,0,0,0,1,40,1,0,"indicator--7e882ce7-1743-4616-beaa-babd0bd29d74"
67,67,1,28,0,67,67,0,0,81.62397997898955,50,"Fixed Line ISP","CN","UNKNOWN_THREAT","RESIDENTIAL",0,0,1,0,0,1,0,0,0,1,28,1,0,"indicator--d54c59d8-d019-4416-8f3c-6acfd91423d5"
0,80,0,0,0,0,80,0,0,0,0,"unknown","unknown","unknown","unknown",0,0,0,0,0,0,0,0,0,0,0,0,0,"indicator--threatfox-4f88abb3-f271-5e98-977c-a5febad1a6ce"
36,51,1,10,2,36,51,0,65,73.41392685158225,70,"Data Center/Web Hosting/Transit","SG","ABUSIVE_ACTOR","DATACENTER",1,0,0,0,0,1,1,0,1,1,3.3333333333333335,1,0,"indicator--8116d0d2-3cd6-4817-a2bd-2c5b224d65ed"
30,30,1,6,0,30,30,0,0,38.45098040014257,50,"Fixed Line ISP","ZA","UNKNOWN_THREAT","RESIDENTIAL",0,0,1,0,0,1,0,0,0,1,6,1,0,"indicator--04589326-3c31-4cc8-8006-dd4af142a6ff"
51,51,1,34,0,51,51,0,0,66.44068044350276,50,"Fixed Line ISP","US","UNKNOWN_THREAT","RESIDENTIAL",0,0,1,0,0,1,0,0,0,1,34,1,0,"indicator--3dd44c90-64e4-4564-8254-198fe9ade021"
74,74,1,12,0,74,74,0,65,85.13943352306836,50,"Data Center/Web Hosting/Transit","US","ABUSIVE_ACTOR","DATACENTER",0,0,0,0,0,1,0,0,0,1,12,1,0,"indicator--0a424153-6952-4d8c-94cf-8f7e52e30fe0"
71,76,1,91,0,71,76,0,65,115.63787827345556,65,"Data Center/Web Hosting/Transit","SG","ABUSIVE_ACTOR","DATACENTER",1,0,0,0,0,1,0,0,1,1,91,1,0,"indicator--bf410135-971a-4281-918d-bb32a73dd136"
100,100,1,348,0,100,100,0,90,125.4282542695918,70,"Commercial","CN","UNKNOWN_THREAT","UNKNOWN",0,0,0,0,0,1,0,0,0,1,348,1,0,"indicator--be69e5d1-2841-48bd-81e4-b16b12b5ae6d"
51,51,1,34,0,51,51,0,65,66.44068044350276,50,"Data Center/Web Hosting/Transit","PL","ABUSIVE_ACTOR","CLOUD",0,0,0,0,0,1,0,0,0,1,34,1,0,"indicator--1d6e7e33-8043-472c-9070-32277f4cd8c9"
23,38,1,18,9,23,38,0,65,69.78753600952828,70,"Data Center/Web Hosting/Transit","HK","MALICIOUS_BOT","DATACENTER",1,0,0,0,0,1,1,0,1,1,1.8,1,0,"indicator--e0345d4f-b06c-4087-a105-0e77b76a7361"
34,34,1,19,0,34,34,0,65,47.01029995663981,50,"Data Center/Web Hosting/Transit","US","ABUSIVE_ACTOR","CLOUD",0,0,0,0,0,1,0,0,0,1,19,1,0,"indicator--19676927-f629-4950-992b-99ce04220f87"
49,49,1,74,0,49,49,0,65,67.750612633917,60,"Data Center/Web Hosting/Transit","US","ABUSIVE_ACTOR","CLOUD",0,0,0,0,0,1,0,0,0,1,74,1,0,"indicator--13d056ea-80f1-410c-9894-b1d401cde213"
0,80,0,0,0,0,80,0,0,0,0,"unknown","unknown","unknown","unknown",0,0,0,0,0,0,0,0,0,0,0,0,0,"indicator--threatfox-2f67cf3d-2a18-592e-9d42-8b0755790b2c"
58,58,1,36,0,58,58,0,65,73.68201724066995,50,"Data Center/Web Hosting/Transit","US","ABUSIVE_ACTOR","CLOUD",0,0,0,0,0,1,0,0,0,1,36,1,0,"indicator--c5fce115-9eab-4f47-adf6-2479b2c0e008"
41,41,1,56,0,41,41,0,65,58.558748556724915,60,"Data Center/Web Hosting/Transit","IN","ABUSIVE_ACTOR","CLOUD",0,0,0,0,0,1,0,0,0,1,56,1,0,"indicator--93c1e97b-486e-43d8-bc95-7a3a57bb0851"
31,31,1,27,0,31,31,0,65,45.471580313422194,50,"Data Center/Web Hosting/Transit","IT","ABUSIVE_ACTOR","CLOUD",0,0,0,0,0,1,0,0,0,1,27,1,0,"indicator--fd1dcd58-3015-45ee-8386-ba02e4fb8927"
34,34,1,13,0,34,34,0,0,45.46128035678238,50,"Data Center/Web Hosting/Transit","US","ABUSIVE_ACTOR","DATACENTER",0,0,0,0,0,1,0,0,0,1,13,1,0,"indicator--05a0bf24-7db2-4250-affd-0393e19ab2d7"
30,45,1,8,2,30,45,0,65,66.54242509439325,70,"Data Center/Web Hosting/Transit","SG","ABUSIVE_ACTOR","DATACENTER",1,0,0,0,0,1,1,0,1,1,2.6666666666666665,1,0,"indicator--4767617e-9bb1-46a0-bec0-e8c6eb9ec08d"
91,91,1,124,0,91,91,0,70,111.96910013008056,70,"Fixed Line ISP","CN","UNKNOWN_THREAT","RESIDENTIAL",0,0,1,0,0,1,0,0,0,1,124,1,0,"indicator--f79d798a-07f3-4008-bcf3-ee0a834bf85b"
30,35,1,9,0,30,35,0,65,65,55,"Data Center/Web Hosting/Transit","SG","ABUSIVE_ACTOR","DATACENTER",1,0,0,0,0,1,0,0,1,1,9,1,0,"indicator--6b806b4a-08b4-419b-af32-7628e7605c71"
52,67,1,95,2,52,67,0,65,98.82271233039569,80,"Data Center/Web Hosting/Transit","SG","ABUSIVE_ACTOR","DATACENTER",1,0,0,0,0,1,1,0,1,1,31.666666666666668,1,0,"indicator--8a937fa0-620a-4143-95a8-7309729851a0"
31,31,1,9,0,31,31,0,0,41,50,"Data Center/Web Hosting/Transit","CA","ABUSIVE_ACTOR","DATACENTER",0,0,0,0,0,1,0,0,0,1,9,1,0,"indicator--afc03f87-0dc9-465b-9bc7-bb092992f751"
0,80,0,0,0,0,80,0,0,0,0,"unknown","unknown","unknown","unknown",0,0,0,0,0,0,0,0,0,0,0,0,0,"indicator--threatfox-76eea285-1922-5b97-b542-18a679c36949"
41,56,1,12,2,41,56,0,65,79.13943352306836,70,"Data Center/Web Hosting/Transit","SG","ABUSIVE_ACTOR","DATACENTER",1,0,0,0,0,1,1,0,1,1,4,1,0,"indicator--200ef3d4-10d5-4e1b-84be-d7775a4ccbae"
100,100,1,791,10,100,100,0,95,138.98725181589492,85,"Data Center/Web Hosting/Transit","NL","MALICIOUS_BOT","DATACENTER",0,0,0,0,0,1,1,0,0,1,71.9090909090909,1,0,"indicator--fdfaabe3-27d1-4209-ae98-b4d9f0d947ae"
44,44,1,136,0,44,44,0,65,65.36720567156407,60,"Data Center/Web Hosting/Transit","SE","SCANNER","DATACENTER",0,0,0,0,0,1,0,0,0,1,136,1,0,"indicator--c393da71-c5b4-4e8f-8135-02b6ff1cacbc"
44,44,1,19,0,44,44,0,0,57.01029995663981,50,"Data Center/Web Hosting/Transit","US","ABUSIVE_ACTOR","DATACENTER",0,0,0,0,0,1,0,0,0,1,19,1,0,"indicator--7c0b212a-9568-40df-bedb-73a79e2f5052"
56,56,1,33,0,56,56,0,65,71.31478917042256,50,"Data Center/Web Hosting/Transit","US","ABUSIVE_ACTOR","CLOUD",0,0,0,0,0,1,0,0,0,1,33,1,0,"indicator--26c95ee8-f633-468c-b2b6-476abdafb4eb"
30,35,1,21,0,30,35,0,65,68.42422680822206,55,"Data Center/Web Hosting/Transit","SG","ABUSIVE_ACTOR","DATACENTER",1,0,0,0,0,1,0,0,1,1,21,1,0,"indicator--0d98dcf5-1b4c-4163-ad5f-737d9a4a6f4b"
47,47,1,79,0,47,47,0,65,66.03089986991944,60,"Data Center/Web Hosting/Transit","US","ABUSIVE_ACTOR","CLOUD",0,0,0,0,0,1,0,0,0,1,79,1,0,"indicator--cafc96f6-823e-4125-9e65-482370b20585"
54,59,1,21,0,54,59,0,65,92.42422680822206,55,"Data Center/Web Hosting/Transit","US","ABUSIVE_ACTOR","DATACENTER",1,0,0,0,0,1,0,0,1,1,21,1,0,"indicator--f174a82a-7520-4714-a3fc-66357fee263c"
45,60,1,11,2,45,60,0,65,82.79181246047625,70,"Data Center/Web Hosting/Transit","SG","ABUSIVE_ACTOR","DATACENTER",1,0,0,0,0,1,1,0,1,1,3.6666666666666665,1,0,"indicator--841fa8af-6d14-4f12-b899-71e0e5c06f7f"
100,100,1,370,4,100,100,0,95,129.69373909615047,85,"Data Center/Web Hosting/Transit","US","SCANNER","CLOUD",0,0,0,0,0,1,1,0,0,1,74,1,0,"indicator--490f3eed-6b52-4781-a396-224057bf1f6e"
42,42,1,18,0,42,42,0,65,54.78753600952829,50,"Data Center/Web Hosting/Transit","US","ABUSIVE_ACTOR","CLOUD",0,0,0,0,0,1,0,0,0,1,18,1,0,"indicator--d682cfbb-ec3b-433a-afa6-dbf9d58a33e2"
100,100,1,971,9,100,100,0,95,138.87666264926276,85,"Data Center/Web Hosting/Transit","DE","MALICIOUS_BOT","CLOUD",0,0,0,0,0,1,1,0,0,1,97.1,1,0,"indicator--29d6650a-2022-448e-82a7-2d7c76546923"
47,47,1,84,0,47,47,0,65,66.29418925714293,60,"Data Center/Web Hosting/Transit","US","ABUSIVE_ACTOR","CLOUD",0,0,0,0,0,1,0,0,0,1,84,1,0,"indicator--58b38823-1bb6-45f9-aaab-9858d0f205a7"
64,64,1,66,0,64,64,0,0,82.26074802700826,60,"Data Center/Web Hosting/Transit","FR","ABUSIVE_ACTOR","DATACENTER",0,0,0,0,0,1,0,0,0,1,66,1,0,"indicator--b2c8f0d6-037c-47a5-b493-8000fed13073"
0,80,0,0,0,0,80,0,0,0,0,"unknown","unknown","unknown","unknown",0,0,0,0,0,0,0,0,0,0,0,0,0,"indicator--threatfox-7fab2f46-eca2-5fb3-987a-6b1ea19048d6"
50,65,1,25,2,50,65,0,65,91.14973347970817,70,"Data Center/Web Hosting/Transit","JP","ABUSIVE_ACTOR","DATACENTER",1,0,0,0,0,1,1,0,1,1,8.333333333333334,1,0,"indicator--ebb2661f-e4e3-460f-9b55-1470970e2366"
0,80,0,0,0,0,80,0,0,0,0,"unknown","unknown","unknown","unknown",0,0,0,0,0,0,0,0,0,0,0,0,0,"indicator--threatfox-95bf3dff-0f45-5d65-9041-03b9185f7611"
31,31,1,19,0,31,31,0,0,44.01029995663981,50,"Data Center/Web Hosting/Transit","SG","ABUSIVE_ACTOR","DATACENTER",0,0,0,0,0,1,0,0,0,1,19,1,0,"indicator--9f255c87-70b7-4e41-af28-7848d016a2e3"
58,68,1,162,2,58,68,0,75,82.12187604403958,75,"Government","UA","UNKNOWN_THREAT","UNKNOWN",0,0,0,0,0,1,1,0,0,1,54,1,0,"indicator--ca82446f-d121-4151-a18c-09e4c82bff85"
54,54,1,34,0,54,54,0,65,69.44068044350276,50,"Data Center/Web Hosting/Transit","US","ABUSIVE_ACTOR","CLOUD",0,0,0,0,0,1,0,0,0,1,34,1,0,"indicator--22505a7b-f856-4640-84fd-bdacb9078b39"
0,80,0,0,0,0,80,0,0,0,0,"unknown","unknown","unknown","unknown",0,0,0,0,0,0,0,0,0,0,0,0,0,"indicator--threatfox-20b8a249-5871-558c-8064-b7884bf10229"
100,100,1,52,0,100,100,0,65,117.24275869600788,70,"Data Center/Web Hosting/Transit","NL","ABUSIVE_ACTOR","DATACENTER",0,0,0,0,0,1,0,0,0,1,52,1,0,"indicator--9f5da62b-6dbe-4921-8348-46f84fd9c2d0"
37,52,1,24,2,37,52,0,65,77.97940008672037,70,"Data Center/Web Hosting/Transit","HK","ABUSIVE_ACTOR","DATACENTER",1,0,0,0,0,1,1,0,1,1,8,1,0,"indicator--8b891faf-0cd4-4e5a-99dc-0500637b384d"
41,41,1,54,0,41,41,0,0,58.403626894942434,60,"Mobile ISP","CN","UNKNOWN_THREAT","RESIDENTIAL",0,0,1,0,0,1,0,0,0,1,54,1,0,"indicator--660f3e53-f023-4841-831d-7e535806bea0"
48,58,1,76,1,48,58,0,65,67.86490725172482,75,"Data Center/Web Hosting/Transit","US","ABUSIVE_ACTOR","DATACENTER",0,0,0,0,0,1,1,0,0,1,38,1,0,"indicator--d482e7cc-b69c-43fa-9199-d40ad4a8ea4d"
48,58,1,13,1,48,58,0,0,60.46128035678238,65,"Data Center/Web Hosting/Transit","JP","ABUSIVE_ACTOR","DATACENTER",0,0,0,0,0,1,1,0,0,1,6.5,1,0,"indicator--c68a0077-c1c3-4988-bd25-98a9c77766d6"
33,33,1,9,0,33,33,0,65,43,50,"Data Center/Web Hosting/Transit","US","ABUSIVE_ACTOR","CLOUD",0,0,0,0,0,1,0,0,0,1,9,1,0,"indicator--6f932806-5354-43fc-b456-ce2d4741f62f"
39,39,1,28,0,39,39,0,65,53.62397997898956,50,"Data Center/Web Hosting/Transit","IT","ABUSIVE_ACTOR","CLOUD",0,0,0,0,0,1,0,0,0,1,28,1,0,"indicator--68fe3204-91a1-49ae-9a04-87a18048c7e4"
100,100,1,381,1,100,100,0,95,126.82063362911708,85,"Data Center/Web Hosting/Transit","US","SCANNER","CLOUD",0,0,0,0,0,1,1,0,0,1,190.5,1,0,"indicator--dbfa9af3-57f1-462d-b40d-766746b48c6a"
100,100,1,85,0,100,100,0,65,119.34498451243567,70,"Data Center/Web Hosting/Transit","FR","ABUSIVE_ACTOR","DATACENTER",0,0,0,0,0,1,0,0,0,1,85,1,0,"indicator--d3c95e50-c0e5-4e57-a038-89e8e7eeb704"
0,80,0,0,0,0,80,0,0,0,0,"unknown","unknown","unknown","unknown",0,0,0,0,0,0,0,0,0,0,0,0,0,"indicator--threatfox-ec0d1b1d-d2a3-57ae-845e-af84013eb873"
58,58,1,39,0,58,58,0,65,74.02059991327963,50,"Data Center/Web Hosting/Transit","PL","ABUSIVE_ACTOR","CLOUD",0,0,0,0,0,1,0,0,0,1,39,1,0,"indicator--a063bea0-fd62-4266-9e5c-75e34c22030f"
46,46,1,66,0,46,46,0,0,64.26074802700826,60,"Data Center/Web Hosting/Transit","US","ABUSIVE_ACTOR","DATACENTER",0,0,0,0,0,1,0,0,0,1,66,1,0,"indicator--b04f1423-9e34-4336-9ea5-0c0d5f9d0ed8"
33,33,1,5,0,33,33,0,65,40.78151250383644,50,"Data Center/Web Hosting/Transit","US","ABUSIVE_ACTOR","CLOUD",0,0,0,0,0,1,0,0,0,1,5,1,0,"indicator--4bc2a350-15db-419a-b732-2f121d802d24"
25,40,1,6,2,25,40,0,65,60.45098040014257,70,"Data Center/Web Hosting/Transit","SG","ABUSIVE_ACTOR","DATACENTER",1,0,0,0,0,1,1,0,1,1,2,1,0,"indicator--9c5aacb7-220e-4ca6-bc98-8f2f029ea856"
45,45,1,43,0,45,45,0,0,61.43452676486187,50,"Data Center/Web Hosting/Transit","US","ABUSIVE_ACTOR","DATACENTER",0,0,0,0,0,1,0,0,0,1,43,1,0,"indicator--f913619f-29d3-441a-be71-5dddb457487e"
100,100,1,115,3,100,100,0,90,123.64457989226918,85,"Data Center/Web Hosting/Transit","US","SCANNER","DATACENTER",0,0,0,0,0,1,1,0,0,1,28.75,1,0,"indicator--c306e459-715d-40f8-92bb-0cd03dad4ea8"
48,48,1,92,0,48,48,0,65,67.68482948553935,60,"Data Center/Web Hosting/Transit","PL","ABUSIVE_ACTOR","CLOUD",0,0,0,0,0,1,0,0,0,1,92,1,0,"indicator--45f5956e-6c2f-4638-a1b4-6193add20430"
56,56,1,56,0,56,56,0,65,73.55874855672491,60,"Data Center/Web Hosting/Transit","US","ABUSIVE_ACTOR","CLOUD",0,0,0,0,0,1,0,0,0,1,56,1,0,"indicator--7c44d08c-bc61-47d3-be6f-568838bb7b5f"
38,38,1,47,0,38,38,0,65,54.812412373755876,50,"Data Center/Web Hosting/Transit","BR","ABUSIVE_ACTOR","CLOUD",0,0,0,0,0,1,0,0,0,1,47,1,0,"indicator--c30f24da-8200-42ff-95a9-807f09a1f9b7"
100,100,1,682,5,100,100,0,95,133.34420703681533,85,"Data Center/Web Hosting/Transit","US","SCANNER","DATACENTER",0,0,0,0,0,1,1,0,0,1,113.66666666666667,1,0,"indicator--56be4d54-f7b7-4f2c-b6ac-ae27a9d0223d"
60,60,1,9,0,60,60,0,0,70,50,"Data Center/Web Hosting/Transit","DE","ABUSIVE_ACTOR","DATACENTER",0,0,0,0,0,1,0,0,0,1,9,1,0,"indicator--e82e3b38-a8d0-41a8-9c37-ce2b711bb207"
0,80,0,0,0,0,80,0,0,0,0,"unknown","unknown","unknown","unknown",0,0,0,0,0,0,0,0,0,0,0,0,0,"indicator--threatfox-a92f4d0f-ac76-56fe-aa07-b915d84a9f4e"
48,48,1,31,0,48,48,0,65,63.05149978319906,50,"Data Center/Web Hosting/Transit","US","ABUSIVE_ACTOR","CLOUD",0,0,0,0,0,1,0,0,0,1,31,1,0,"indicator--0cd73f28-093b-4c94-b7ba-4a9c67ba0b74"
78,83,1,197,0,78,83,0,80,125.96665190261531,65,"Data Center/Web Hosting/Transit","SG","SCANNER","DATACENTER",1,0,0,0,0,1,0,0,1,1,197,1,0,"indicator--e97b42c8-f5a7-4159-b030-f1ea5eb8aeff"
0,80,0,0,0,0,80,0,0,0,0,"unknown","unknown","unknown","unknown",0,0,0,0,0,0,0,0,0,0,0,0,0,"indicator--threatfox-02dab7b4-007e-500e-8454-ff0cbf3ebc4e"
100,100,1,1632,6,100,100,0,95,138.12986184736667,85,"Data Center/Web Hosting/Transit","NL","MALICIOUS_BOT","DATACENTER",0,0,0,0,0,1,1,0,0,1,233.14285714285714,1,0,"indicator--4eb8542e-2417-45b6-a0ae-8e258d06388d"
47,47,1,43,0,47,47,0,0,63.43452676486187,50,"Mobile ISP","CN","UNKNOWN_THREAT","RESIDENTIAL",0,0,1,0,0,1,0,0,0,1,43,1,0,"indicator--db7d15e0-2832-46b3-91c3-c74cc4178074"
100,100,1,104,6,100,100,0,85,126.21189299069938,85,"Fixed Line ISP","CN","MALICIOUS_BOT","RESIDENTIAL",0,0,1,0,0,1,1,0,0,1,14.857142857142858,1,0,"indicator--651b9ae1-6de1-4bd0-9a21-48bda57068af"
31,31,1,22,0,31,31,0,0,44.61727836017593,50,"Data Center/Web Hosting/Transit","SG","ABUSIVE_ACTOR","DATACENTER",0,0,0,0,0,1,0,0,0,1,22,1,0,"indicator--13f1381a-4de9-492f-b8df-42b59573b972"
100,100,1,149,7,100,100,0,85,128.7609125905568,85,"Data Center/Web Hosting/Transit","IN","MALICIOUS_BOT","DATACENTER",0,0,0,0,0,1,1,0,0,1,18.625,1,0,"indicator--7d520f2a-7354-4730-a92a-e5035a88a434"
100,100,1,945,10,100,100,0,95,139.75891136401793,85,"Data Center/Web Hosting/Transit","DE","MALICIOUS_BOT","CLOUD",0,0,0,0,0,1,1,0,0,1,85.9090909090909,1,0,"indicator--452dee6d-029b-426b-b205-79e2b66469cc"
74,74,1,39,0,74,74,0,65,90.02059991327963,50,"Data Center/Web Hosting/Transit","PL","ABUSIVE_ACTOR","CLOUD",0,0,0,0,0,1,0,0,0,1,39,1,0,"indicator--7aecba70-e81f-4780-8845-d6e854ea9838"
79,84,1,187,0,79,84,0,80,126.7415784926368,65,"Data Center/Web Hosting/Transit","SG","SCANNER","DATACENTER",1,0,0,0,0,1,0,0,1,1,187,1,0,"indicator--1b9b1c07-0200-4a2a-9195-176acfa710b6"
100,100,1,1086,0,100,100,0,90,130.36229544086294,70,"Data Center/Web Hosting/Transit","US","SCANNER","DATACENTER",0,0,0,0,0,1,0,0,0,1,1086,1,0,"indicator--ee74ff7c-cfae-444e-a6b6-b202b93cedb1"
57,57,1,39,0,57,57,0,65,73.02059991327963,50,"Data Center/Web Hosting/Transit","PL","ABUSIVE_ACTOR","CLOUD",0,0,0,0,0,1,0,0,0,1,39,1,0,"indicator--58b7125d-6393-41e3-bafd-f571eb2e48fd"
81,81,1,72,0,81,81,0,80,99.63322860120456,70,"Data Center/Web Hosting/Transit","US","ABUSIVE_ACTOR","CLOUD",0,0,0,0,0,1,0,0,0,1,72,1,0,"indicator--c597418a-bd48-4012-8421-421feabe31ea"
100,100,1,369,0,100,100,0,95,125.68201724066995,70,"Data Center/Web Hosting/Transit","US","SCANNER","CLOUD",0,0,0,0,0,1,0,0,0,1,369,1,0,"indicator--b9f9a458-43f7-49a1-8b23-ae59e71064c0"
32,32,1,10,0,32,32,0,0,42.41392685158225,50,"Data Center/Web Hosting/Transit","CA","ABUSIVE_ACTOR","DATACENTER",0,0,0,0,0,1,0,0,0,1,10,1,0,"indicator--39994fcd-65c8-4171-a9a5-f60bb3326661"
58,63,1,67,0,58,63,0,65,101.32508912706237,65,"Data Center/Web Hosting/Transit","SG","ABUSIVE_ACTOR","DATACENTER",1,0,0,0,0,1,0,0,1,1,67,1,0,"indicator--f9421b4d-1da0-4516-8f68-3d56fd54d569"
100,100,1,232,0,100,100,0,85,123.67355921026018,70,"Data Center/Web Hosting/Transit","FI","SCANNER","DATACENTER",0,0,0,0,0,1,0,0,0,1,232,1,0,"indicator--bd564cc9-b9e9-44cf-b78f-d3238211c871"
0,80,0,0,0,0,80,0,0,0,0,"unknown","unknown","unknown","unknown",0,0,0,0,0,0,0,0,0,0,0,0,0,"indicator--threatfox-af6ac7f7-b20f-5b40-9e16-42d84d140b6e"
54,54,1,14,0,54,54,0,65,65.76091259055681,50,"Data Center/Web Hosting/Transit","US","ABUSIVE_ACTOR","CLOUD",0,0,0,0,0,1,0,0,0,1,14,1,0,"indicator--6e5326fe-3ef8-4d6a-a79e-61073218ae64"
0,80,0,0,0,0,80,0,0,0,0,"unknown","unknown","unknown","unknown",0,0,0,0,0,0,0,0,0,0,0,0,0,"indicator--threatfox-5727ebe0-a00c-5dac-b5b4-6f5a8ffe166d"
33,33,1,15,0,33,33,0,65,45.04119982655925,50,"Data Center/Web Hosting/Transit","US","ABUSIVE_ACTOR","CLOUD",0,0,0,0,0,1,0,0,0,1,15,1,0,"indicator--57fcd89d-966d-436d-9925-6561142df7b2"
34,34,1,15,0,34,34,0,0,46.04119982655925,50,"Data Center/Web Hosting/Transit","FR","ABUSIVE_ACTOR","DATACENTER",0,0,0,0,0,1,0,0,0,1,15,1,0,"indicator--7dc3f52c-d0c6-4ab0-857c-b5842cae0bec"
26,41,1,8,2,26,41,0,65,62.54242509439325,70,"Data Center/Web Hosting/Transit","SG","ABUSIVE_ACTOR","DATACENTER",1,0,0,0,0,1,1,0,1,1,2.6666666666666665,1,0,"indicator--6ecbba08-0d3d-4855-bf25-e047eeb88771"
100,100,1,56,0,100,100,0,70,142.5587485567249,75,"Data Center/Web Hosting/Transit","DE","ABUSIVE_ACTOR","DATACENTER",1,0,0,0,0,1,0,0,1,1,56,1,0,"indicator--4b6fe57c-8195-4ba8-a82b-495c827a28cf"
100,100,1,1495,0,100,100,0,90,131.74931593528441,70,"Data Center/Web Hosting/Transit","NL","SCANNER","DATACENTER",0,0,0,0,0,1,0,0,0,1,1495,1,0,"indicator--c293e936-7103-4919-b6d6-fc482ed63d62"
35,40,1,11,0,35,40,0,65,70.79181246047625,55,"Data Center/Web Hosting/Transit","HK","ABUSIVE_ACTOR","DATACENTER",1,0,0,0,0,1,0,0,1,1,11,1,0,"indicator--198f1f52-56a2-432f-a41c-a845717fd167"
32,32,1,45,0,32,32,0,65,48.62757831681574,50,"Data Center/Web Hosting/Transit","US","ABUSIVE_ACTOR","CLOUD",0,0,0,0,0,1,0,0,0,1,45,1,0,"indicator--ad360313-3cfa-4f20-a8c3-ba8170177044"
100,100,1,256,1,100,100,0,95,125.09933123331294,85,"Data Center/Web Hosting/Transit","US","SCANNER","CLOUD",0,0,0,0,0,1,1,0,0,1,128,1,0,"indicator--731d6da2-7135-4519-9dbb-c32318b5abad"
0,80,0,0,0,0,80,0,0,0,0,"unknown","unknown","unknown","unknown",0,0,0,0,0,0,0,0,0,0,0,0,0,"indicator--threatfox-7c63fd1d-ad03-582c-84af-e81c68d715da"
92,97,1,203,0,92,97,0,90,140.096301674259,75,"Data Center/Web Hosting/Transit","SG","SCANNER","DATACENTER",1,0,0,0,0,1,0,0,1,1,203,1,0,"indicator--6667c3c3-3d58-4e50-baf5-583ba38ca1da"
66,66,1,43,0,66,66,0,0,82.43452676486187,50,"Fixed Line ISP","CN","UNKNOWN_THREAT","RESIDENTIAL",0,0,1,0,0,1,0,0,0,1,43,1,0,"indicator--e8760d71-da1b-4b42-ad99-180dec2d9494"
32,32,1,67,0,32,32,0,65,50.32508912706236,60,"Data Center/Web Hosting/Transit","US","ABUSIVE_ACTOR","CLOUD",0,0,0,0,0,1,0,0,0,1,67,1,0,"indicator--cfe51683-fe97-4095-a0ea-6b14f28d2639"
100,100,1,989,0,100,100,0,90,129.95635194597548,70,"Commercial","US","UNKNOWN_THREAT","UNKNOWN",0,0,0,0,0,1,0,0,0,1,989,1,0,"indicator--246e1118-d118-4d81-8162-2532dcdc5faf"
65,65,1,40,0,65,65,0,0,81.12783856719736,50,"Fixed Line ISP","CN","UNKNOWN_THREAT","RESIDENTIAL",0,0,1,0,0,1,0,0,0,1,40,1,0,"indicator--099ab970-144f-43a5-ba04-4b5e71bc3002"
94,94,1,42,0,94,94,0,65,110.33468455579586,60,"Data Center/Web Hosting/Transit","IN","ABUSIVE_ACTOR","CLOUD",0,0,0,0,0,1,0,0,0,1,42,1,1,"indicator--1db181f2-0898-4135-be97-ec4fdebd30ea"
51,51,1,16,0,51,51,0,65,63.30448921378274,50,"Data Center/Web Hosting/Transit","US","ABUSIVE_ACTOR","CLOUD",0,0,0,0,0,1,0,0,0,1,16,1,0,"indicator--954026fc-8cb1-4172-89fc-43b710dc0435"
85,90,1,175,0,85,90,0,85,132.45512667814148,75,"Data Center/Web Hosting/Transit","SG","SCANNER","DATACENTER",1,0,0,0,0,1,0,0,1,1,175,1,0,"indicator--487b94f2-fa5d-4a11-8934-91e84b85bfeb"
100,100,1,47,0,100,100,0,70,116.81241237375588,60,"Data Center/Web Hosting/Transit","US","ABUSIVE_ACTOR","CLOUD",0,0,0,0,0,1,0,0,0,1,47,1,0,"indicator--b3a8bd78-0d52-4b16-8bca-ac364eb4ba55"
32,47,1,10,1,32,47,0,65,68.41392685158225,70,"Data Center/Web Hosting/Transit","SG","ABUSIVE_ACTOR","DATACENTER",1,0,0,0,0,1,1,0,1,1,5,1,0,"indicator--f5cebf09-5672-42a1-9df7-be99a9c42112"
41,46,1,23,0,41,46,0,65,79.80211241711606,55,"Data Center/Web Hosting/Transit","HK","ABUSIVE_ACTOR","DATACENTER",1,0,0,0,0,1,0,0,1,1,23,1,0,"indicator--b3b0adf3-172f-42be-8c85-a2dc4f7ca5de"
40,40,1,35,0,40,40,0,0,55.56302500767288,50,"Fixed Line ISP","CN","UNKNOWN_THREAT","RESIDENTIAL",0,0,1,0,0,1,0,0,0,1,35,1,0,"indicator--e7dd0324-c41d-48c8-a80c-5b319255884b"
0,80,0,0,0,0,80,0,0,0,0,"unknown","unknown","unknown","unknown",0,0,0,0,0,0,0,0,0,0,0,0,0,"indicator--threatfox-6728846e-f474-5d27-ad2d-f1a9060d98a4"
100,100,1,948,10,100,100,0,95,139.77266212427293,85,"Data Center/Web Hosting/Transit","DE","MALICIOUS_BOT","CLOUD",0,0,0,0,0,1,1,0,0,1,86.18181818181819,1,0,"indicator--0ad2a2b1-c24f-4f8f-b680-09df5f16bf48"
62,62,1,40,0,62,62,0,65,78.12783856719736,50,"Data Center/Web Hosting/Transit","SE","ABUSIVE_ACTOR","CLOUD",0,0,0,0,0,1,0,0,0,1,40,1,0,"indicator--1fbf8d78-a192-4f0e-845e-bd9c19df1238"
81,81,1,116,0,81,81,0,90,101.68185861746161,70,"Data Center/Web Hosting/Transit","US","SCANNER","CLOUD",0,0,0,0,0,1,0,0,0,1,116,1,0,"indicator--d5112b13-07e3-4765-b770-17286a6d0c43"
32,47,1,21,1,32,47,0,65,71.42422680822206,70,"Data Center/Web Hosting/Transit","HK","ABUSIVE_ACTOR","DATACENTER",1,0,0,0,0,1,1,0,1,1,10.5,1,0,"indicator--88fb8cd1-7276-4b6b-b105-9aaa1e5deb49"
33,38,1,33,0,33,38,0,65,73.31478917042256,55,"Data Center/Web Hosting/Transit","CH","ABUSIVE_ACTOR","DATACENTER",1,0,0,0,0,1,0,0,1,1,33,1,0,"indicator--d58713d0-2782-492a-a0ab-f9f4fdf2b041"
30,35,1,19,0,30,35,0,65,68.01029995663981,55,"Data Center/Web Hosting/Transit","SG","ABUSIVE_ACTOR","DATACENTER",1,0,0,0,0,1,0,0,1,1,19,1,0,"indicator--06395c23-f0e1-4fbc-a7db-0a7f5c4bc1f7"
30,45,1,9,1,30,45,0,65,66,70,"Data Center/Web Hosting/Transit","SG","ABUSIVE_ACTOR","DATACENTER",1,0,0,0,0,1,1,0,1,1,4.5,1,0,"indicator--4bf58faa-ace8-42f2-b161-0d398bcee831"
78,78,1,95,0,78,78,0,0,97.82271233039569,60,"Fixed Line ISP","CN","UNKNOWN_THREAT","RESIDENTIAL",0,0,1,0,0,1,0,0,0,1,95,1,0,"indicator--c4260239-68d3-4473-b3bf-7848682e527b"
34,34,1,31,0,34,34,0,65,49.05149978319906,50,"Data Center/Web Hosting/Transit","US","ABUSIVE_ACTOR","CLOUD",0,0,0,0,0,1,0,0,0,1,31,1,0,"indicator--906ea68b-d6f8-47fb-ad5a-fa87fba852c8"
34,44,1,23,1,34,44,0,0,48.802112417116064,65,"Data Center/Web Hosting/Transit","SE","ABUSIVE_ACTOR","DATACENTER",0,0,0,0,0,1,1,0,0,1,11.5,1,0,"indicator--ed954c8a-99f3-42e4-afd6-4756f9798f11"
33,33,1,20,0,33,33,0,65,46.222192947339195,50,"Data Center/Web Hosting/Transit","NL","ABUSIVE_ACTOR","CLOUD",0,0,0,0,0,1,0,0,0,1,20,1,0,"indicator--08e1c1a6-eec5-45c6-8b37-2f002d745987"
42,57,1,25,1,42,57,0,65,82.14973347970817,70,"Data Center/Web Hosting/Transit","SG","ABUSIVE_ACTOR","DATACENTER",1,0,0,0,0,1,1,0,1,1,12.5,1,0,"indicator--90384186-8b00-4cb9-ba59-bf4931af8197"
0,80,0,0,0,0,80,0,0,0,0,"unknown","unknown","unknown","unknown",0,0,0,0,0,0,0,0,0,0,0,0,0,"indicator--threatfox-61334d4d-083b-54d1-b8c0-b63e6379bd8a"
100,100,1,105,3,100,100,0,85,123.2530586526477,85,"Data Center/Web Hosting/Transit","CH","SCANNER","DATACENTER",0,0,0,0,0,1,1,0,0,1,26.25,1,1,"indicator--83f1d1e1-6d00-412f-b504-3eed41c4b1d9"
44,54,1,67,1,44,54,0,65,63.32508912706236,75,"Data Center/Web Hosting/Transit","US","ABUSIVE_ACTOR","DATACENTER",0,0,0,0,0,1,1,0,0,1,33.5,1,0,"indicator--22ba9895-bda8-4211-9431-757a86d6c520"
78,78,1,77,0,78,78,0,65,96.9209460269048,60,"Data Center/Web Hosting/Transit","US","ABUSIVE_ACTOR","CLOUD",0,0,0,0,0,1,0,0,0,1,77,1,0,"indicator--cb51de88-ba80-46d2-af7c-8522e8728cfd"
69,69,1,40,0,69,69,0,65,85.12783856719736,50,"Data Center/Web Hosting/Transit","PL","ABUSIVE_ACTOR","CLOUD",0,0,0,0,0,1,0,0,0,1,40,1,0,"indicator--f8b29722-8ae1-4b76-aab9-7d42344e3a39"
56,56,1,8,0,56,56,0,65,65.54242509439325,50,"Data Center/Web Hosting/Transit","US","ABUSIVE_ACTOR","DATACENTER",0,0,0,0,0,1,0,0,0,1,8,1,0,"indicator--2defbc7c-7888-4210-be78-56596aea0fd7"
71,76,1,127,0,71,76,0,70,117.07209969647869,65,"Data Center/Web Hosting/Transit","SG","SCANNER","DATACENTER",1,0,0,0,0,1,0,0,1,1,127,1,0,"indicator--755a9d9e-c590-4bee-b3a7-61d691782c8a"
0,80,0,0,0,0,80,0,0,0,0,"unknown","unknown","unknown","unknown",0,0,0,0,0,0,0,0,0,0,0,0,0,"indicator--threatfox-1a364042-d36f-554a-b708-251b32ca902d"
63,63,1,40,0,63,63,0,65,79.12783856719736,50,"Data Center/Web Hosting/Transit","PL","ABUSIVE_ACTOR","CLOUD",0,0,0,0,0,1,0,0,0,1,40,1,0,"indicator--3c137185-c8ee-49e0-a206-79c4362d63a2"
22,37,1,7,2,22,37,0,65,58.03089986991944,70,"Data Center/Web Hosting/Transit","SG","ABUSIVE_ACTOR","DATACENTER",1,0,0,0,0,1,1,0,1,1,2.3333333333333335,1,0,"indicator--c2bf05fd-0260-476b-a549-7c6b46ccefde"
100,100,1,368,0,100,100,0,90,125.67026366159061,70,"Data Center/Web Hosting/Transit","FI","SCANNER","DATACENTER",0,0,0,0,0,1,0,0,0,1,368,1,0,"indicator--49f1ad2c-103e-43aa-814b-4cb4c293bfda"
30,45,1,58,1,30,45,0,65,73.70852011642144,80,"Fixed Line ISP","CN","PROXY_SERVICE","PROXY",1,0,0,0,0,1,1,0,1,1,29,1,0,"indicator--480e66ad-1f3f-4097-afb3-4cc7523d50a5"
53,53,1,35,0,53,53,0,65,68.56302500767288,50,"Data Center/Web Hosting/Transit","PL","ABUSIVE_ACTOR","CLOUD",0,0,0,0,0,1,0,0,0,1,35,1,0,"indicator--190ab20d-3d8a-4efc-9704-8bd5e4566472"
100,100,1,461,0,100,100,0,90,126.64641975556125,70,"Data Center/Web Hosting/Transit","US","SCANNER","DATACENTER",0,0,0,0,0,1,0,0,0,1,461,1,0,"indicator--ff9e7ffc-6ffc-4faf-98ad-f44aaa7be55f"
57,57,1,37,0,57,57,0,65,72.7978359661681,50,"Data Center/Web Hosting/Transit","PL","ABUSIVE_ACTOR","CLOUD",0,0,0,0,0,1,0,0,0,1,37,1,0,"indicator--9b6e6b95-35c2-4394-950c-1fe470d559c8"
82,82,1,49,0,82,82,0,65,98.98970004336019,60,"Fixed Line ISP","CN","UNKNOWN_THREAT","RESIDENTIAL",0,0,1,0,0,1,0,0,0,1,49,1,0,"indicator--d9d32002-b8d5-444a-a629-6095083e4fe1"
34,34,1,6,0,34,34,0,65,42.45098040014257,50,"Data Center/Web Hosting/Transit","GB","ABUSIVE_ACTOR","CLOUD",0,0,0,0,0,1,0,0,0,1,6,1,0,"indicator--ea5dbcee-ca06-427e-b449-556d3bb10435"
100,100,1,1185,11,100,100,0,95,141.74084689028243,85,"Data Center/Web Hosting/Transit","NL","MALICIOUS_BOT","DATACENTER",0,0,0,0,0,1,1,0,0,1,98.75,1,0,"indicator--a2017fcb-f568-41f1-bb93-8dccb5a5f715"
39,39,1,12,0,39,39,0,0,50.13943352306837,50,"Fixed Line ISP","CN","UNKNOWN_THREAT","RESIDENTIAL",0,0,1,0,0,1,0,0,0,1,12,1,0,"indicator--1ae3b712-2656-4d00-8e9c-344c1d001ad8"
48,48,1,28,0,48,48,0,0,62.62397997898956,50,"Fixed Line ISP","CN","UNKNOWN_THREAT","RESIDENTIAL",0,0,1,0,0,1,0,0,0,1,28,1,0,"indicator--2d374a92-8ac6-4386-8ac1-2f2c8d4c01b3"
42,42,1,30,0,42,42,0,65,56.91361693834273,50,"Data Center/Web Hosting/Transit","US","ABUSIVE_ACTOR","CLOUD",0,0,0,0,0,1,0,0,0,1,30,1,0,"indicator--ee2cf3b5-505a-46d7-a43d-4a18fc4ec6ec"
0,80,0,0,0,0,80,0,0,0,0,"unknown","unknown","unknown","unknown",0,0,0,0,0,0,0,0,0,0,0,0,0,"indicator--threatfox-74c2d155-0a93-5ba0-9209-747db971e0b4"
100,100,1,42,1,100,100,0,80,117.33468455579586,75,"Data Center/Web Hosting/Transit","US","ABUSIVE_ACTOR","CLOUD",0,0,0,0,0,1,1,0,0,1,21,1,0,"indicator--4591a35d-3659-4e72-9327-b16530298f44"
95,100,1,17,1,95,100,0,80,108.55272505103306,75,"Data Center/Web Hosting/Transit","US","ABUSIVE_ACTOR","DATACENTER",0,0,0,0,0,1,1,0,0,1,8.5,1,0,"indicator--44a6a525-b41c-41a5-8da6-5ae9cff064c9"
24,34,1,4,2,24,34,0,0,32.98970004336019,65,"Fixed Line ISP","KG","UNKNOWN_THREAT","RESIDENTIAL",0,0,1,0,0,1,1,0,0,1,1.3333333333333333,1,0,"indicator--58621311-fc4f-462e-911d-757b62c56dd8"
100,100,1,1069,0,100,100,0,90,130.2938377768521,70,"Data Center/Web Hosting/Transit","US","SCANNER","DATACENTER",0,0,0,0,0,1,0,0,0,1,1069,1,0,"indicator--0d1b9d80-cfbd-4395-acec-7d45481fd0d7"
49,49,1,40,0,49,49,0,65,65.12783856719736,50,"Data Center/Web Hosting/Transit","US","ABUSIVE_ACTOR","CLOUD",0,0,0,0,0,1,0,0,0,1,40,1,0,"indicator--041e4547-8ec3-4f01-95b3-6d58300cafa4"
35,35,1,24,0,35,35,0,65,48.979400086720375,50,"Data Center/Web Hosting/Transit","IT","ABUSIVE_ACTOR","CLOUD",0,0,0,0,0,1,0,0,0,1,24,1,0,"indicator--9f15a1ff-e11a-4e8b-83b9-d84654d98904"
37,37,1,5,0,37,37,0,65,44.78151250383644,50,"Data Center/Web Hosting/Transit","US","ABUSIVE_ACTOR","CLOUD",0,0,0,0,0,1,0,0,0,1,5,1,0,"indicator--cbddd41e-890a-4391-8167-d527c18c6178"
51,51,1,40,0,51,51,0,65,67.12783856719736,50,"Data Center/Web Hosting/Transit","US","ABUSIVE_ACTOR","CLOUD",0,0,0,0,0,1,0,0,0,1,40,1,0,"indicator--f6821a82-3f23-4705-9121-5f4cf3cffde4"
43,43,1,41,0,43,43,0,65,59.23249290397901,50,"Data Center/Web Hosting/Transit","PL","ABUSIVE_ACTOR","CLOUD",0,0,0,0,0,1,0,0,0,1,41,1,0,"indicator--99a71b14-db51-4147-819c-8d1c8fab3ce7"
66,66,1,46,0,66,66,0,65,82.72097857935718,50,"Data Center/Web Hosting/Transit","PL","ABUSIVE_ACTOR","CLOUD",0,0,0,0,0,1,0,0,0,1,46,1,0,"indicator--1cad9641-e5a8-4d60-8b7e-fa14412215c7"
32,47,1,8,1,32,47,0,65,67.54242509439325,70,"Data Center/Web Hosting/Transit","SG","ABUSIVE_ACTOR","DATACENTER",1,0,0,0,0,1,1,0,1,1,4,1,0,"indicator--9dc00e95-bbd0-4eb1-b610-306fa5e76c54"
0,80,0,0,0,0,80,0,0,0,0,"unknown","unknown","unknown","unknown",0,0,0,0,0,0,0,0,0,0,0,0,0,"indicator--threatfox-2e93a680-3bf0-5c8c-b6af-32ad9d989a9b"
100,100,1,49,0,100,100,0,70,116.98970004336019,60,"Data Center/Web Hosting/Transit","US","ABUSIVE_ACTOR","DATACENTER",0,0,0,0,0,1,0,0,0,1,49,1,0,"indicator--cda306d2-88a9-4112-bb61-8cac34db428e"
35,35,1,30,0,35,35,0,65,49.91361693834273,50,"Data Center/Web Hosting/Transit","IT","ABUSIVE_ACTOR","CLOUD",0,0,0,0,0,1,0,0,0,1,30,1,0,"indicator--d3ab0ecf-584f-40e3-99fd-fecdea2ecb58"
37,37,1,69,0,37,37,0,65,55.45098040014257,60,"Data Center/Web Hosting/Transit","IT","ABUSIVE_ACTOR","CLOUD",0,0,0,0,0,1,0,0,0,1,69,1,0,"indicator--f73faa1b-c774-42ca-a857-e7ac412f99e1"
100,100,1,654,14,100,100,0,95,142.16241299991782,85,"Data Center/Web Hosting/Transit","NL","MALICIOUS_BOT","DATACENTER",0,0,0,0,0,1,1,0,0,1,43.6,1,0,"indicator--fed10f05-f79f-46ea-a4fb-0b9d2e7c3b22"
99,100,1,24,1,99,100,0,75,113.97940008672037,75,"Commercial","CN","UNKNOWN_THREAT","UNKNOWN",0,0,0,0,0,1,1,0,0,1,12,1,0,"indicator--07b9a7c6-b6cf-419c-8adb-e7f30311d2fb"
45,50,1,122,0,45,50,0,70,90.89905111439398,65,"Data Center/Web Hosting/Transit","SG","SCANNER","DATACENTER",1,0,0,0,0,1,0,0,1,1,122,1,0,"indicator--5f578d45-2bcc-4eef-9ff6-8eb875d01a9d"
0,80,0,0,0,0,80,0,0,0,0,"unknown","unknown","unknown","unknown",0,0,0,0,0,0,0,0,0,0,0,0,0,"indicator--threatfox-a420362b-0e57-50c7-88c9-ae4bc9ba0daa"
49,49,1,32,0,49,49,0,0,64.18513939877887,50,"Fixed Line ISP","CN","UNKNOWN_THREAT","RESIDENTIAL",0,0,1,0,0,1,0,0,0,1,32,1,0,"indicator--cabe642c-59ac-4b5a-8c8d-e5f11596c332"
49,59,1,15,2,49,59,0,65,63.04119982655925,65,"Data Center/Web Hosting/Transit","US","ABUSIVE_ACTOR","CLOUD",0,0,0,0,0,1,1,0,0,1,5,1,0,"indicator--c7c6d8f8-a695-4850-9072-ab476d0a1d1f"
0,80,0,0,0,0,80,0,0,0,0,"unknown","unknown","unknown","unknown",0,0,0,0,0,0,0,0,0,0,0,0,0,"indicator--threatfox-06147e69-1d5a-5bea-874f-41a09c54edf2"
45,45,1,28,0,45,45,0,65,59.62397997898956,50,"Data Center/Web Hosting/Transit","IN","ABUSIVE_ACTOR","CLOUD",0,0,0,0,0,1,0,0,0,1,28,1,0,"indicator--31054e63-65e7-4d2d-ad06-0a2b49ce71bd"
100,100,1,107,4,100,100,0,85,124.3342375548695,85,"Fixed Line ISP","CN","UNKNOWN_THREAT","RESIDENTIAL",0,0,1,0,0,1,1,0,0,1,21.4,1,0,"indicator--28f37718-fb81-473b-a239-1f1f81b52dd3"
32,37,1,16,0,32,37,0,65,69.30448921378274,55,"Data Center/Web Hosting/Transit","MX","ABUSIVE_ACTOR","DATACENTER",1,0,0,0,0,1,0,0,1,1,16,1,0,"indicator--4fbaf09a-1d22-4197-a70a-2f075ac47c7e"
72,72,1,39,0,72,72,0,65,88.02059991327963,50,"Data Center/Web Hosting/Transit","PL","ABUSIVE_ACTOR","CLOUD",0,0,0,0,0,1,0,0,0,1,39,1,0,"indicator--7e200969-d740-4fe7-8765-6b94c569f7b1"
0,80,0,0,0,0,80,0,0,0,0,"unknown","unknown","unknown","unknown",0,0,0,0,0,0,0,0,0,0,0,0,0,"indicator--threatfox-1ffe653d-48e6-5e42-9703-30125259df97"
100,100,1,132,0,100,100,0,75,121.23851640967086,70,"Data Center/Web Hosting/Transit","US","SCANNER","CLOUD",0,0,0,0,0,1,0,0,0,1,132,1,0,"indicator--68f12945-936b-49c7-8f7b-3c1798710d32"
100,100,1,336,7,100,100,0,95,132.27629900871338,85,"Data Center/Web Hosting/Transit","NL","MALICIOUS_BOT","DATACENTER",0,0,0,0,0,1,1,0,0,1,42,1,1,"indicator--58a994b9-3ab8-4118-b4fd-49c8fea4e600"
56,56,1,30,0,56,56,0,0,70.91361693834273,50,"Fixed Line ISP","CN","UNKNOWN_THREAT","RESIDENTIAL",0,0,1,0,0,1,0,0,0,1,30,1,0,"indicator--1e5cf23e-d876-4443-8909-d28f6c2ef9b9"
45,45,1,25,0,45,45,0,0,59.14973347970818,50,"Fixed Line ISP","CN","UNKNOWN_THREAT","RESIDENTIAL",0,0,1,0,0,1,0,0,0,1,25,1,0,"indicator--eb83915a-8d9b-419b-8075-17c0c9347e85"
63,63,1,41,0,63,63,0,65,79.23249290397901,50,"Data Center/Web Hosting/Transit","PL","ABUSIVE_ACTOR","CLOUD",0,0,0,0,0,1,0,0,0,1,41,1,0,"indicator--48ac98e6-59fa-4450-8096-ef45dc93e267"
100,100,1,3152,0,100,100,0,90,134.98723970747903,70,"Fixed Line ISP","NL","UNKNOWN_THREAT","RESIDENTIAL",0,0,1,0,0,1,0,0,0,1,3152,1,0,"indicator--38d4cc74-9836-4c0d-ac6d-d4239d3e58f6"
53,53,1,29,0,53,53,0,0,67.77121254719663,50,"Data Center/Web Hosting/Transit","DE","ABUSIVE_ACTOR","DATACENTER",0,0,0,0,0,1,0,0,0,1,29,1,0,"indicator--912713cd-5f0e-49c6-b3f1-98157ff6fd0d"
100,100,1,413,4,100,100,0,95,130.170003411209,85,"Data Center/Web Hosting/Transit","CA","SCANNER","CLOUD",0,0,0,0,0,1,1,0,0,1,82.6,1,0,"indicator--47cb5bf0-b1ff-4415-a284-385d2ff5b256"
60,75,1,23,1,60,75,0,65,99.80211241711606,70,"Data Center/Web Hosting/Transit","CN","ABUSIVE_ACTOR","DATACENTER",1,0,0,0,0,1,1,0,1,1,11.5,1,0,"indicator--d2bd0227-7b47-45dc-88e2-941cc805dce6"
67,77,1,59,2,67,77,0,65,86.78151250383644,75,"Data Center/Web Hosting/Transit","US","ABUSIVE_ACTOR","DATACENTER",0,0,0,0,0,1,1,0,0,1,19.666666666666668,1,0,"indicator--05067a43-63ab-4f7d-a7d7-6d92aeac1de8"
100,100,1,438,0,100,100,0,90,126.42464520242122,70,"Data Center/Web Hosting/Transit","US","SCANNER","DATACENTER",0,0,0,0,0,1,0,0,0,1,438,1,0,"indicator--fe743f45-a4e8-4bb4-98cb-80ef17fc32b0"
39,54,1,11,2,39,54,0,65,76.79181246047625,70,"Data Center/Web Hosting/Transit","SG","ABUSIVE_ACTOR","DATACENTER",1,0,0,0,0,1,1,0,1,1,3.6666666666666665,1,0,"indicator--17c7f610-283b-4370-b428-da724162b1fb"
0,80,0,0,0,0,80,0,0,0,0,"unknown","unknown","unknown","unknown",0,0,0,0,0,0,0,0,0,0,0,0,0,"indicator--threatfox-9e8e7432-abec-5efb-98b3-65a9d1e3f30c"
52,52,1,41,0,52,52,0,65,68.23249290397901,50,"Data Center/Web Hosting/Transit","PL","ABUSIVE_ACTOR","CLOUD",0,0,0,0,0,1,0,0,0,1,41,1,0,"indicator--f294e9f0-eb4c-4c8a-afa9-ed898f78c0d6"
38,38,1,70,0,38,38,0,65,56.51258348719075,60,"Data Center/Web Hosting/Transit","US","ABUSIVE_ACTOR","CLOUD",0,0,0,0,0,1,0,0,0,1,70,1,0,"indicator--06b6961d-0717-42b6-8217-4ae536964747"
100,100,1,518,0,100,100,0,90,127.15167357848458,70,"Data Center/Web Hosting/Transit","US","SCANNER","CLOUD",0,0,0,0,0,1,0,0,0,1,518,1,0,"indicator--61758865-3ad9-41b1-a2ae-a63f95f75ce0"
100,100,1,1030,0,100,100,0,90,130.13258665283516,70,"Commercial","US","UNKNOWN_THREAT","UNKNOWN",0,0,0,0,0,1,0,0,0,1,1030,1,0,"indicator--b56d543c-7cec-46da-9ae5-20a5e3276b72"
36,36,1,83,0,36,36,0,0,55.24279286061882,60,"Data Center/Web Hosting/Transit","US","ABUSIVE_ACTOR","DATACENTER",0,0,0,0,0,1,0,0,0,1,83,1,0,"indicator--cf27f43c-1d76-47b5-a3c0-9da6a5033c2a"
0,80,0,0,0,0,80,0,0,0,0,"unknown","unknown","unknown","unknown",0,0,0,0,0,0,0,0,0,0,0,0,0,"indicator--threatfox-53c3ce06-d2c8-5936-8bcc-8aca78c77247"
64,64,1,45,0,64,64,0,0,80.62757831681574,50,"Fixed Line ISP","ID","UNKNOWN_THREAT","RESIDENTIAL",0,0,1,0,0,1,0,0,0,1,45,1,0,"indicator--f0c06b1b-d9ae-4c55-b9e5-95fdb879f84a"
67,67,1,41,0,67,67,0,65,83.23249290397901,50,"Data Center/Web Hosting/Transit","PL","ABUSIVE_ACTOR","CLOUD",0,0,0,0,0,1,0,0,0,1,41,1,0,"indicator--090be395-b445-4a94-8afb-827f2dc41c2d"
57,57,1,37,0,57,57,0,65,72.7978359661681,50,"Data Center/Web Hosting/Transit","US","ABUSIVE_ACTOR","CLOUD",0,0,0,0,0,1,0,0,0,1,37,1,0,"indicator--4667ce1a-4c87-4a1d-b692-66d4593519e3"
51,51,1,26,0,51,51,0,65,65.31363764158988,50,"Data Center/Web Hosting/Transit","US","ABUSIVE_ACTOR","CLOUD",0,0,0,0,0,1,0,0,0,1,26,1,0,"indicator--cb779aed-204e-43e4-804e-e035e7ef651f"
39,44,1,35,0,39,44,0,65,79.56302500767288,55,"Commercial","CN","PROXY_SERVICE","PROXY",1,0,0,0,0,1,0,0,1,1,35,1,0,"indicator--8e572e42-7463-459c-ab0f-df8fbe49ffda"
53,53,1,30,0,53,53,0,0,67.91361693834273,50,"Fixed Line ISP","CN","UNKNOWN_THREAT","RESIDENTIAL",0,0,1,0,0,1,0,0,0,1,30,1,0,"indicator--1322f7da-097b-4ea6-94d4-bb590faeed27"
30,30,1,73,0,30,30,0,65,48.69231719730976,60,"Data Center/Web Hosting/Transit","US","ABUSIVE_ACTOR","CLOUD",0,0,0,0,0,1,0,0,0,1,73,1,0,"indicator--b8010656-4313-4d0d-bb08-1c3a25d44d47"
100,100,1,40,4,100,100,0,80,120.12783856719736,75,"Data Center/Web Hosting/Transit","FI","ABUSIVE_ACTOR","DATACENTER",0,0,0,0,0,1,1,0,0,1,8,1,0,"indicator--1e5fef76-1523-4dc4-aadb-eedf22b1a764"
100,100,1,95,5,100,100,0,80,124.82271233039569,85,"Fixed Line ISP","CN","UNKNOWN_THREAT","RESIDENTIAL",0,0,1,0,0,1,1,0,0,1,15.833333333333334,1,0,"indicator--e2eea3be-5eaa-4a34-9de2-735318dabc7a"
0,80,0,0,0,0,80,0,0,0,0,"unknown","unknown","unknown","unknown",0,0,0,0,0,0,0,0,0,0,0,0,0,"indicator--threatfox-f83c9ab4-85c6-5f61-abf7-32adc670312e"
60,60,1,61,0,60,60,0,0,77.92391689498254,60,"Data Center/Web Hosting/Transit","US","ABUSIVE_ACTOR","DATACENTER",0,0,0,0,0,1,0,0,0,1,61,1,0,"indicator--94b89976-9a57-42aa-a011-9ee0fb0019a3"
40,40,1,30,0,40,40,0,65,54.91361693834273,50,"Data Center/Web Hosting/Transit","IN","ABUSIVE_ACTOR","CLOUD",0,0,0,0,0,1,0,0,0,1,30,1,0,"indicator--11704c71-ec79-437c-8537-3474abc15ec3"
81,91,1,48,5,81,91,0,80,102.90196080028514,75,"Fixed Line ISP","CN","UNKNOWN_THREAT","RESIDENTIAL",0,0,1,0,0,1,1,0,0,1,8,1,0,"indicator--6a978cc7-8033-4a5e-b8cc-c1175385cb18"
57,57,1,39,0,57,57,0,65,73.02059991327963,50,"Data Center/Web Hosting/Transit","PL","ABUSIVE_ACTOR","CLOUD",0,0,0,0,0,1,0,0,0,1,39,1,0,"indicator--d1ab2da8-457c-4401-87b7-03ceaae3deee"
43,43,1,21,0,43,43,0,65,56.42422680822206,50,"Data Center/Web Hosting/Transit","JP","ABUSIVE_ACTOR","CLOUD",0,0,0,0,0,1,0,0,0,1,21,1,0,"indicator--3d5d7a0b-41b5-49cb-9255-b3476c695131"
36,36,1,137,0,36,36,0,65,57.39879086401237,60,"Data Center/Web Hosting/Transit","SE","SCANNER","DATACENTER",0,0,0,0,0,1,0,0,0,1,137,1,0,"indicator--5a3025b5-330d-4a33-af3d-ff2c5415158f"
32,32,1,44,0,32,32,0,65,48.53212513775344,50,"Data Center/Web Hosting/Transit","US","ABUSIVE_ACTOR","CLOUD",0,0,0,0,0,1,0,0,0,1,44,1,0,"indicator--46a2df1b-d353-4703-88ff-0f71975d7406"
30,45,1,23,1,30,45,0,65,69.80211241711606,70,"Data Center/Web Hosting/Transit","HK","ABUSIVE_ACTOR","DATACENTER",1,0,0,0,0,1,1,0,1,1,11.5,1,1,"indicator--90e16e29-542e-4fd7-9009-26c493a9394a"
36,36,1,113,0,36,36,0,65,56.56904851336473,60,"Data Center/Web Hosting/Transit","US","SCANNER","DATACENTER",0,0,0,0,0,1,0,0,0,1,113,1,0,"indicator--48dd7906-7fa5-4736-bf5f-b772dad76b62"
0,80,0,0,0,0,80,0,0,0,0,"unknown","unknown","unknown","unknown",0,0,0,0,0,0,0,0,0,0,0,0,0,"indicator--threatfox-312d63f2-c850-583b-9919-32891f64c33a"
45,60,1,87,1,45,60,0,65,90.44482672150168,80,"Data Center/Web Hosting/Transit","SG","ABUSIVE_ACTOR","DATACENTER",1,0,0,0,0,1,1,0,1,1,43.5,1,0,"indicator--2c009307-9eb2-46a6-aaa2-92dc13f750a0"
64,64,1,36,0,64,64,0,65,79.68201724066995,50,"Data Center/Web Hosting/Transit","PL","ABUSIVE_ACTOR","CLOUD",0,0,0,0,0,1,0,0,0,1,36,1,0,"indicator--4b0b3f2a-ace5-49a5-914f-92bf133c40d5"
34,49,1,8,1,34,49,0,65,69.54242509439325,70,"Data Center/Web Hosting/Transit","SG","ABUSIVE_ACTOR","DATACENTER",1,0,0,0,0,1,1,0,1,1,4,1,0,"indicator--90530716-ce0a-4c02-9c32-4f07efc42ae3"
100,100,1,60,0,100,100,0,65,117.85329835010768,70,"Data Center/Web Hosting/Transit","DE","ABUSIVE_ACTOR","DATACENTER",0,0,0,0,0,1,0,0,0,1,60,1,0,"indicator--f436d4cf-02cc-4907-9520-125fe8f7c745"
0,80,0,0,0,0,80,0,0,0,0,"unknown","unknown","unknown","unknown",0,0,0,0,0,0,0,0,0,0,0,0,0,"indicator--threatfox-e59c3d3c-1198-5c1a-9a58-9a2b656baa80"
56,66,1,45,4,56,66,0,65,76.62757831681574,65,"Data Center/Web Hosting/Transit","SE","ABUSIVE_ACTOR","DATACENTER",0,0,0,0,0,1,1,0,0,1,9,1,0,"indicator--74e09456-f296-4849-951d-d0b1fc583e1a"
34,34,1,30,0,34,34,0,65,48.91361693834273,50,"Data Center/Web Hosting/Transit","GB","ABUSIVE_ACTOR","CLOUD",0,0,0,0,0,1,0,0,0,1,30,1,0,"indicator--74a7f3a5-ee23-4597-92e0-8ea303459a75"
43,58,1,13,2,43,58,0,65,81.46128035678238,70,"Data Center/Web Hosting/Transit","SG","ABUSIVE_ACTOR","DATACENTER",1,0,0,0,0,1,1,0,1,1,4.333333333333333,1,0,"indicator--f0146293-5902-4c0e-8cea-3a51445dab41"
0,80,0,0,0,0,80,0,0,0,0,"unknown","unknown","unknown","unknown",0,0,0,0,0,0,0,0,0,0,0,0,0,"indicator--threatfox-78aae5ba-4ca2-57c2-8a5b-648279d3b57a"
32,37,1,18,0,32,37,0,65,69.78753600952828,55,"Data Center/Web Hosting/Transit","SG","ABUSIVE_ACTOR","DATACENTER",1,0,0,0,0,1,0,0,1,1,18,1,0,"indicator--6903fd6e-2192-4500-a894-ab4fe3c4361f"
34,34,1,31,0,34,34,0,65,49.05149978319906,50,"Data Center/Web Hosting/Transit","PL","ABUSIVE_ACTOR","CLOUD",0,0,0,0,0,1,0,0,0,1,31,1,0,"indicator--612df4d2-aa3a-45b1-b6e0-88894b0be1b0"
100,100,1,1507,0,100,100,0,90,131.78401341533754,70,"Data Center/Web Hosting/Transit","FR","SCANNER","DATACENTER",0,0,0,0,0,1,0,0,0,1,1507,1,0,"indicator--529db4d9-43b6-4652-8674-244a628cee84"
75,85,1,20,2,75,85,0,75,90.2221929473392,65,"Data Center/Web Hosting/Transit","US","ABUSIVE_ACTOR","CLOUD",0,0,0,0,0,1,1,0,0,1,6.666666666666667,1,0,"indicator--69932320-a4e4-4d0c-9568-bef938a27719"
100,100,1,323,4,100,100,0,95,129.10545010206613,85,"Fixed Line ISP","CN","UNKNOWN_THREAT","RESIDENTIAL",0,0,1,0,0,1,1,0,0,1,64.6,1,0,"indicator--835dd3af-00a2-4db5-bc6e-5f8a9ca63a30"
100,100,1,482,0,100,100,0,90,126.83947130751513,70,"Data Center/Web Hosting/Transit","DE","SCANNER","DATACENTER",0,0,0,0,0,1,0,0,0,1,482,1,0,"indicator--1bc275da-6cb4-4cba-926d-71f3c1301652"
100,100,1,284,0,100,100,0,90,124.5484486000851,70,"Commercial","CN","UNKNOWN_THREAT","UNKNOWN",0,0,0,0,0,1,0,0,0,1,284,1,0,"indicator--16880951-cb12-4651-9adc-e64b3a9c1f9f"
100,100,1,38,3,100,100,0,85,118.91064607026499,75,"Data Center/Web Hosting/Transit","US","ABUSIVE_ACTOR","CLOUD",0,0,0,0,0,1,1,0,0,1,9.5,1,0,"indicator--fb3fd626-e562-4391-9d96-233c53770cca"
30,30,1,23,0,30,30,0,0,43.802112417116064,50,"Mobile ISP","CN","UNKNOWN_THREAT","RESIDENTIAL",0,0,1,0,0,1,0,0,0,1,23,1,0,"indicator--0d5c42ef-3339-41ff-a01a-080b6a3cf0ec"
64,64,1,38,0,64,64,0,0,79.91064607026499,50,"Fixed Line ISP","CN","UNKNOWN_THREAT","RESIDENTIAL",0,0,1,0,0,1,0,0,0,1,38,1,0,"indicator--5dd2f414-0bcf-4b68-a021-6f9cc4c2fed5"
34,34,1,59,0,34,34,0,65,51.78151250383644,60,"Data Center/Web Hosting/Transit","ES","ABUSIVE_ACTOR","CLOUD",0,0,0,0,0,1,0,0,0,1,59,1,0,"indicator--db377f42-b456-4582-8f82-58339c9574ba"
100,100,1,593,12,100,100,0,95,139.73786444981192,85,"Data Center/Web Hosting/Transit","SE","MALICIOUS_BOT","DATACENTER",0,0,0,0,0,1,1,0,0,1,45.61538461538461,1,1,"indicator--70a4ce4d-7109-46ff-be5f-dc60b2773808"
46,46,1,120,0,46,46,0,70,66.8278537031645,60,"Data Center/Web Hosting/Transit","US","SCANNER","CLOUD",0,0,0,0,0,1,0,0,0,1,120,1,0,"indicator--64ab9506-4e44-4b51-a71c-ca4e8a4fea3c"
0,80,0,0,0,0,80,0,0,0,0,"unknown","unknown","unknown","unknown",0,0,0,0,0,0,0,0,0,0,0,0,0,"indicator--threatfox-f2f0ec22-3bbe-5f6c-b078-3624fb210471"
66,66,1,39,0,66,66,0,65,82.02059991327963,50,"Data Center/Web Hosting/Transit","PL","ABUSIVE_ACTOR","CLOUD",0,0,0,0,0,1,0,0,0,1,39,1,0,"indicator--60b84b51-a92f-4daf-91aa-77172b6bd21b"
79,79,1,104,0,79,79,0,65,99.21189299069938,60,"Data Center/Web Hosting/Transit","US","SCANNER","DATACENTER",0,0,0,0,0,1,0,0,0,1,104,1,0,"indicator--9d515c54-680c-46e0-8ffb-6ad5501887f4"
36,41,1,24,0,36,41,0,65,74.97940008672037,55,"Data Center/Web Hosting/Transit","SG","ABUSIVE_ACTOR","DATACENTER",1,0,0,0,0,1,0,0,1,1,24,1,0,"indicator--be61fbd9-3f16-457d-98c2-4ed3e33e0439"
34,34,1,8,0,34,34,0,0,43.54242509439325,50,"Data Center/Web Hosting/Transit","AT","ABUSIVE_ACTOR","DATACENTER",0,0,0,0,0,1,0,0,0,1,8,1,0,"indicator--63e181a6-6e16-4d04-a33f-db893c4b451d"
77,77,1,46,0,77,77,0,65,93.72097857935718,50,"Data Center/Web Hosting/Transit","PL","ABUSIVE_ACTOR","CLOUD",0,0,0,0,0,1,0,0,0,1,46,1,0,"indicator--70a03042-28cf-407e-bd99-b7ae46b91b02"
100,100,1,451,0,100,100,0,90,126.55138434811383,70,"Data Center/Web Hosting/Transit","US","SCANNER","DATACENTER",0,0,0,0,0,1,0,0,0,1,451,1,0,"indicator--579f631b-6e7c-4a52-bf52-ae5a5f0e4491"
23,38,1,8,1,23,38,0,65,58.54242509439325,70,"Data Center/Web Hosting/Transit","SG","ABUSIVE_ACTOR","DATACENTER",1,0,0,0,0,1,1,0,1,1,4,1,0,"indicator--77916e3f-6188-42a5-9202-ee43fd20bc0f"
100,100,1,222,0,100,100,0,90,148.48304863048162,75,"Data Center/Web Hosting/Transit","SG","SCANNER","DATACENTER",1,0,0,0,0,1,0,0,1,1,222,1,0,"indicator--c4bebb4d-bbdb-482b-a931-4dd2f624d6b3"
35,35,1,31,0,35,35,0,65,50.05149978319906,50,"Data Center/Web Hosting/Transit","IT","ABUSIVE_ACTOR","CLOUD",0,0,0,0,0,1,0,0,0,1,31,1,0,"indicator--cef98742-07e2-40d5-bcfe-b33972ae2944"
38,38,1,34,0,38,38,0,65,53.44068044350276,50,"Data Center/Web Hosting/Transit","IT","ABUSIVE_ACTOR","CLOUD",0,0,0,0,0,1,0,0,0,1,34,1,0,"indicator--a745b806-7478-42f7-b8e5-f161bc7a856a"
57,62,1,94,0,57,62,0,65,101.77723605288848,65,"Data Center/Web Hosting/Transit","HK","ABUSIVE_ACTOR","DATACENTER",1,0,0,0,0,1,0,0,1,1,94,1,0,"indicator--03631c18-d850-4f32-877f-1fe5a923ea41"
57,57,1,35,0,57,57,0,65,72.56302500767288,50,"Data Center/Web Hosting/Transit","PL","ABUSIVE_ACTOR","CLOUD",0,0,0,0,0,1,0,0,0,1,35,1,0,"indicator--ebba35dd-f0e5-41e3-b6fe-496a2c0f5956"
53,53,1,84,0,53,53,0,65,72.29418925714293,60,"Data Center/Web Hosting/Transit","US","ABUSIVE_ACTOR","CLOUD",0,0,0,0,0,1,0,0,0,1,84,1,0,"indicator--9d85a9e6-1572-4eb3-a714-38c1f8ac4d0f"
32,47,1,10,2,32,47,0,65,69.41392685158225,70,"Data Center/Web Hosting/Transit","SG","ABUSIVE_ACTOR","DATACENTER",1,0,0,0,0,1,1,0,1,1,3.3333333333333335,1,0,"indicator--0391cc67-e6d4-44fc-a889-c9ca9b04f408"
49,49,1,10,0,49,49,0,65,59.41392685158225,50,"Data Center/Web Hosting/Transit","US","ABUSIVE_ACTOR","CLOUD",0,0,0,0,0,1,0,0,0,1,10,1,0,"indicator--66dace54-eb79-4028-84b2-d8983ff1b8ec"
100,100,1,416,0,100,100,0,90,126.20136054973757,70,"Data Center/Web Hosting/Transit","US","SCANNER","DATACENTER",0,0,0,0,0,1,0,0,0,1,416,1,0,"indicator--b83f4c03-f138-4868-8fcb-fa0149fd11a5"
49,49,1,36,0,49,49,0,0,64.68201724066995,50,"Mobile ISP","CN","UNKNOWN_THREAT","RESIDENTIAL",0,0,1,0,0,1,0,0,0,1,36,1,0,"indicator--9e2d5eff-46b6-4693-84e7-6e07fd45fc26"
71,71,1,42,0,71,71,0,65,87.33468455579586,50,"Data Center/Web Hosting/Transit","PL","ABUSIVE_ACTOR","CLOUD",0,0,0,0,0,1,0,0,0,1,42,1,0,"indicator--77967d3f-110f-48d6-a815-0a1731368c30"
34,39,1,27,0,34,39,0,65,73.4715803134222,55,"Data Center/Web Hosting/Transit","HK","ABUSIVE_ACTOR","DATACENTER",1,0,0,0,0,1,0,0,1,1,27,1,0,"indicator--26abd49d-d581-45e2-933d-69ac715bbddf"
99,99,1,44,0,99,99,0,65,115.53212513775344,60,"Data Center/Web Hosting/Transit","ID","ABUSIVE_ACTOR","DATACENTER",0,0,0,0,0,1,0,0,0,1,44,1,0,"indicator--aa5daeb6-2e31-4627-8e72-bee95ada7b30"
22,37,1,8,1,22,37,0,65,57.54242509439325,70,"Data Center/Web Hosting/Transit","SG","ABUSIVE_ACTOR","DATACENTER",1,0,0,0,0,1,1,0,1,1,4,1,0,"indicator--14330422-736c-43f3-b5d6-ad2946b760d2"
48,48,1,71,0,48,48,0,65,66.57332496431269,60,"Data Center/Web Hosting/Transit","US","ABUSIVE_ACTOR","CLOUD",0,0,0,0,0,1,0,0,0,1,71,1,0,"indicator--557d0c0b-89f9-4255-802b-2115a1a0931c"
43,53,1,55,1,43,53,0,0,61.48188027006201,75,"Data Center/Web Hosting/Transit","HK","ABUSIVE_ACTOR","DATACENTER",0,0,0,0,0,1,1,0,0,1,27.5,1,0,"indicator--dfc7d20d-3c1c-45e2-8805-446712c330eb"
100,100,1,3041,10,100,100,0,95,169.8315920971698,90,"Data Center/Web Hosting/Transit","DE","MALICIOUS_BOT","DATACENTER",1,0,0,0,0,1,1,0,1,1,276.45454545454544,1,0,"indicator--a813ef3b-c9c6-45a8-9763-36b1b58682ef"
100,100,1,45,0,100,100,0,65,116.62757831681574,60,"Data Center/Web Hosting/Transit","NL","ABUSIVE_ACTOR","DATACENTER",0,0,0,0,0,1,0,0,0,1,45,1,0,"indicator--80dc40e1-712a-4f70-bfcd-fafa29ab23fe"